neighbourhood_group,room_type,minimum_nights,price
Brooklyn,Entire home/apt,30,96.0
Manhattan,Private room,30,59.0
Manhattan,Private room,30,67.0
Brooklyn,Private room,2,195.0
Brooklyn,Entire home/apt,30,290.0
Brooklyn,Entire home/apt,30,216.0
Manhattan,Entire home/apt,30,175.0
Brooklyn,Private room,30,90.0
Brooklyn,Entire home/apt,30,110.0
Brooklyn,Entire home/apt,30,115.0
Manhattan,Entire home/apt,30,169.0
Brooklyn,Private room,30,97.0
Manhattan,Private room,1,109.0
Manhattan,Private room,1,136.0
Manhattan,Entire home/apt,30,300.0
Manhattan,Entire home/apt,30,230.0
Manhattan,Private room,30,70.0
Manhattan,Private room,30,150.0
Manhattan,Entire home/apt,90,200.0
Brooklyn,Private room,30,94.0
Manhattan,Private room,30,85.0
Brooklyn,Private room,30,150.0
Manhattan,Entire home/apt,30,200.0
Brooklyn,Entire home/apt,30,200.0
Brooklyn,Entire home/apt,30,81.0
Manhattan,Entire home/apt,30,100.0
Manhattan,Entire home/apt,30,150.0
Brooklyn,Private room,30,90.0
Brooklyn,Private room,3,139.0
Manhattan,Entire home/apt,30,210.0
Brooklyn,Private room,2,122.0
Brooklyn,Entire home/apt,30,233.0
Brooklyn,Private room,30,74.0
Manhattan,Private room,31,98.0
Manhattan,Private room,5,220.0
Brooklyn,Private room,30,183.0
Manhattan,Private room,30,58.0
Brooklyn,Entire home/apt,30,106.0
Manhattan,Private room,30,90.0
Brooklyn,Entire home/apt,30,150.0
Brooklyn,Entire home/apt,30,222.0
Staten Island,Entire home/apt,30,116.0
Brooklyn,Entire home/apt,30,295.0
Manhattan,Entire home/apt,30,127.0
Brooklyn,Private room,30,192.0
Queens,Private room,30,83.0
Brooklyn,Entire home/apt,30,361.0
Manhattan,Entire home/apt,30,188.0
Manhattan,Entire home/apt,30,108.0
Brooklyn,Private room,2,82.0
Brooklyn,Entire home/apt,1,246.0
Brooklyn,Private room,30,95.0
Brooklyn,Entire home/apt,30,185.0
Brooklyn,Private room,30,119.0
Manhattan,Private room,30,121.0
Brooklyn,Private room,90,200.0
Manhattan,Private room,30,82.0
Brooklyn,Private room,3,765.0
Manhattan,Entire home/apt,2,139.0
Brooklyn,Private room,4,130.0
Manhattan,Private room,30,139.0
Manhattan,Entire home/apt,30,563.0
Brooklyn,Private room,30,185.0
Manhattan,Entire home/apt,30,165.0
Brooklyn,Private room,30,110.0
Brooklyn,Entire home/apt,30,77.0
Queens,Entire home/apt,30,534.0
Bronx,Private room,30,60.0
Manhattan,Private room,31,97.0
Brooklyn,Private room,30,85.0
Brooklyn,Private room,30,95.0
Queens,Private room,3,153.0
Queens,Entire home/apt,30,117.0
Queens,Entire home/apt,30,223.0
Queens,Entire home/apt,30,298.0
Manhattan,Private room,30,172.0
Brooklyn,Private room,3,87.0
Manhattan,Entire home/apt,30,86.0
Manhattan,Private room,30,125.0
Brooklyn,Private room,4,127.0
Manhattan,Private room,30,60.0
Queens,Entire home/apt,30,103.0
Brooklyn,Private room,30,292.0
Manhattan,Entire home/apt,30,116.0
Manhattan,Entire home/apt,30,150.0
Queens,Entire home/apt,30,223.0
Manhattan,Entire home/apt,30,125.0
Manhattan,Private room,30,73.0
Manhattan,Entire home/apt,30,115.0
Manhattan,Private room,60,65.0
Brooklyn,Entire home/apt,30,350.0
Bronx,Private room,30,107.0
Bronx,Private room,30,125.0
Brooklyn,Private room,30,71.0
Brooklyn,Private room,30,57.0
Brooklyn,Entire home/apt,30,171.0
Manhattan,Entire home/apt,30,349.0
Manhattan,Entire home/apt,30,199.0
Brooklyn,Entire home/apt,30,209.0
Brooklyn,Entire home/apt,30,156.0
Manhattan,Entire home/apt,30,189.0
Manhattan,Entire home/apt,30,657.0
Manhattan,Entire home/apt,30,128.0
Manhattan,Entire home/apt,30,200.0
Manhattan,Entire home/apt,30,120.0
Brooklyn,Private room,30,221.0
Brooklyn,Hotel room,1,184.0
Brooklyn,Entire home/apt,48,350.0
Manhattan,Private room,30,76.0
Manhattan,Entire home/apt,30,139.0
Brooklyn,Entire home/apt,30,165.0
Brooklyn,Entire home/apt,30,77.0
Brooklyn,Private room,30,166.0
Brooklyn,Hotel room,1,184.0
Brooklyn,Entire home/apt,30,800.0
Manhattan,Entire home/apt,30,95.0
Brooklyn,Entire home/apt,180,424.0
Brooklyn,Private room,30,630.0
Brooklyn,Private room,30,109.0
Manhattan,Private room,30,115.0
Brooklyn,Private room,3,180.0
Brooklyn,Entire home/apt,1,246.0
Brooklyn,Entire home/apt,1,246.0
Brooklyn,Entire home/apt,1,246.0
Brooklyn,Entire home/apt,1,246.0
Brooklyn,Entire home/apt,1,246.0
Brooklyn,Entire home/apt,1,246.0
Brooklyn,Entire home/apt,1,246.0
Brooklyn,Hotel room,1,184.0
Brooklyn,Private room,30,82.0
Brooklyn,Entire home/apt,4,217.0
Manhattan,Entire home/apt,30,495.0
Brooklyn,Entire home/apt,30,165.0
Brooklyn,Entire home/apt,7,150.0
Brooklyn,Private room,30,171.0
Manhattan,Entire home/apt,30,150.0
Manhattan,Private room,30,62.0
Brooklyn,Entire home/apt,30,100.0
Brooklyn,Entire home/apt,30,260.0
Queens,Private room,30,114.0
Manhattan,Private room,30,81.0
Brooklyn,Entire home/apt,30,161.0
Brooklyn,Entire home/apt,30,175.0
Brooklyn,Private room,30,95.0
Brooklyn,Private room,30,60.0
Manhattan,Private room,30,57.0
Queens,Entire home/apt,30,110.0
Brooklyn,Entire home/apt,30,90.0
Brooklyn,Entire home/apt,30,99.0
Brooklyn,Entire home/apt,30,156.0
Brooklyn,Private room,7,266.0
Brooklyn,Entire home/apt,30,280.0
Brooklyn,Private room,30,855.0
Manhattan,Entire home/apt,30,259.0
Manhattan,Entire home/apt,30,175.0
Brooklyn,Entire home/apt,30,290.0
Manhattan,Entire home/apt,30,112.0
Manhattan,Private room,4,475.0
Queens,Private room,2,164.0
Manhattan,Private room,3,248.0
Brooklyn,Entire home/apt,30,63.0
Brooklyn,Private room,30,162.0
Manhattan,Entire home/apt,31,275.0
Brooklyn,Entire home/apt,30,175.0
Brooklyn,Entire home/apt,30,231.0
Brooklyn,Private room,2,106.0
Brooklyn,Private room,30,78.0
Brooklyn,Entire home/apt,30,101.0
Manhattan,Entire home/apt,30,150.0
Manhattan,Private room,30,175.0
Brooklyn,Entire home/apt,30,117.0
Manhattan,Entire home/apt,30,88.0
Brooklyn,Entire home/apt,30,130.0
Manhattan,Private room,2,125.0
Manhattan,Private room,30,75.0
Brooklyn,Private room,30,60.0
Brooklyn,Private room,3,105.0
Brooklyn,Entire home/apt,30,125.0
Brooklyn,Entire home/apt,30,190.0
Brooklyn,Entire home/apt,30,398.0
Brooklyn,Entire home/apt,30,185.0
Brooklyn,Private room,30,72.0
Brooklyn,Entire home/apt,30,89.0
Queens,Private room,30,52.0
Brooklyn,Entire home/apt,30,300.0
Brooklyn,Entire home/apt,30,250.0
Brooklyn,Entire home/apt,30,107.0
Manhattan,Entire home/apt,30,191.0
Manhattan,Entire home/apt,30,124.0
Manhattan,Entire home/apt,30,223.0
Manhattan,Entire home/apt,30,85.0
Manhattan,Entire home/apt,30,235.0
Brooklyn,Private room,30,65.0
Brooklyn,Entire home/apt,60,175.0
Brooklyn,Entire home/apt,30,120.0
Brooklyn,Private room,30,65.0
Queens,Private room,30,94.0
Brooklyn,Private room,30,75.0
Queens,Private room,30,95.0
Manhattan,Entire home/apt,30,212.0
Manhattan,Entire home/apt,90,81.0
Manhattan,Private room,30,89.0
Queens,Private room,30,85.0
Brooklyn,Entire home/apt,30,523.0
Brooklyn,Private room,30,58.0
Manhattan,Private room,30,110.0
Manhattan,Entire home/apt,30,279.0
Manhattan,Entire home/apt,30,130.0
Manhattan,Entire home/apt,30,131.0
Manhattan,Entire home/apt,30,133.0
Brooklyn,Entire home/apt,30,307.0
Manhattan,Entire home/apt,30,126.0
Queens,Entire home/apt,30,100.0
Brooklyn,Private room,30,190.0
Brooklyn,Private room,30,76.0
Brooklyn,Private room,30,54.0
Brooklyn,Private room,30,87.0
Brooklyn,Entire home/apt,30,128.0
Manhattan,Entire home/apt,3,150.0
Manhattan,Private room,30,120.0
Manhattan,Private room,30,125.0
Manhattan,Private room,30,228.0
Brooklyn,Entire home/apt,30,90.0
Brooklyn,Entire home/apt,30,126.0
Manhattan,Private room,30,175.0
Brooklyn,Private room,30,82.0
Brooklyn,Private room,30,90.0
Manhattan,Entire home/apt,30,247.0
Manhattan,Private room,30,117.0
Brooklyn,Entire home/apt,30,120.0
Manhattan,Entire home/apt,30,189.0
Brooklyn,Entire home/apt,30,225.0
Manhattan,Entire home/apt,30,157.0
Manhattan,Entire home/apt,90,210.0
Brooklyn,Entire home/apt,1,246.0
Brooklyn,Entire home/apt,1,246.0
Brooklyn,Entire home/apt,1,246.0
Brooklyn,Entire home/apt,1,246.0
Brooklyn,Entire home/apt,1,246.0
Manhattan,Entire home/apt,30,275.0
Brooklyn,Private room,30,55.0
Brooklyn,Private room,30,50.0
Manhattan,Private room,30,72.0
Manhattan,Entire home/apt,30,282.0
Manhattan,Entire home/apt,30,200.0
Manhattan,Entire home/apt,30,300.0
Manhattan,Private room,30,65.0
Manhattan,Entire home/apt,30,150.0
Manhattan,Entire home/apt,30,282.0
Manhattan,Entire home/apt,30,250.0
Manhattan,Private room,30,64.0
Manhattan,Private room,30,64.0
Brooklyn,Private room,2,106.0
Manhattan,Private room,30,91.0
Manhattan,Private room,30,87.0
Manhattan,Entire home/apt,30,200.0
Brooklyn,Entire home/apt,30,238.0
Manhattan,Entire home/apt,30,179.0
Brooklyn,Private room,30,125.0
Manhattan,Private room,30,82.0
Manhattan,Private room,30,108.0
Manhattan,Private room,4,136.0
Queens,Entire home/apt,30,87.0
Manhattan,Entire home/apt,30,246.0
Manhattan,Entire home/apt,30,290.0
Brooklyn,Private room,30,83.0
Manhattan,Private room,30,100.0
Brooklyn,Entire home/apt,30,738.0
Brooklyn,Private room,3,248.0
Bronx,Entire home/apt,30,204.0
Manhattan,Private room,30,120.0
Manhattan,Private room,30,74.0
Queens,Private room,30,75.0
Brooklyn,Private room,30,53.0
Queens,Private room,30,75.0
Manhattan,Entire home/apt,30,130.0
Manhattan,Private room,30,126.0
Brooklyn,Entire home/apt,30,140.0
Staten Island,Private room,30,83.0
Manhattan,Private room,2,165.0
Queens,Private room,30,54.0
Brooklyn,Private room,30,100.0
Manhattan,Private room,30,90.0
Brooklyn,Entire home/apt,30,371.0
Queens,Private room,365,65.0
Brooklyn,Private room,30,117.0
Manhattan,Entire home/apt,30,180.0
Manhattan,Entire home/apt,30,79.0
Manhattan,Private room,31,186.0
Brooklyn,Private room,30,120.0
Brooklyn,Private room,30,83.0
Brooklyn,Entire home/apt,30,190.0
Brooklyn,Private room,30,163.0
Brooklyn,Entire home/apt,30,138.0
Brooklyn,Entire home/apt,30,125.0
Manhattan,Entire home/apt,30,265.0
Manhattan,Entire home/apt,4,331.0
Brooklyn,Private room,30,250.0
Brooklyn,Entire home/apt,30,144.0
Brooklyn,Entire home/apt,30,90.0
Brooklyn,Entire home/apt,90,155.0
Brooklyn,Private room,150,55.0
Brooklyn,Entire home/apt,49,454.0
Queens,Entire home/apt,30,72.0
Manhattan,Entire home/apt,31,425.0
Manhattan,Private room,30,99.0
Brooklyn,Private room,30,200.0
Brooklyn,Private room,30,72.0
Manhattan,Entire home/apt,30,200.0
Brooklyn,Private room,2,100.0
Manhattan,Entire home/apt,90,120.0
Manhattan,Entire home/apt,30,227.0
Manhattan,Private room,30,90.0
Manhattan,Entire home/apt,30,252.0
Manhattan,Entire home/apt,30,120.0
Brooklyn,Entire home/apt,30,180.0
Brooklyn,Entire home/apt,30,200.0
Manhattan,Entire home/apt,50,218.0
Manhattan,Private room,30,100.0
Brooklyn,Private room,30,418.0
Queens,Entire home/apt,30,113.0
Brooklyn,Entire home/apt,150,489.0
Brooklyn,Private room,30,171.0
Brooklyn,Entire home/apt,30,674.0
Brooklyn,Private room,1,152.0
Manhattan,Private room,60,80.0
Brooklyn,Entire home/apt,30,304.0
Manhattan,Entire home/apt,30,140.0
Brooklyn,Entire home/apt,30,100.0
Brooklyn,Entire home/apt,30,424.0
Brooklyn,Entire home/apt,30,187.0
Manhattan,Entire home/apt,90,375.0
Manhattan,Private room,30,122.0
Brooklyn,Entire home/apt,3,150.0
Brooklyn,Entire home/apt,30,98.0
Bronx,Private room,30,77.0
Queens,Private room,30,86.0
Brooklyn,Private room,85,156.0
Manhattan,Entire home/apt,30,300.0
Brooklyn,Entire home/apt,30,200.0
Manhattan,Entire home/apt,30,150.0
Manhattan,Entire home/apt,30,120.0
Manhattan,Entire home/apt,30,245.0
Manhattan,Private room,30,59.0
Manhattan,Entire home/apt,2,92.0
Brooklyn,Entire home/apt,30,225.0
Manhattan,Entire home/apt,30,1000.0
Staten Island,Entire home/apt,30,165.0
Brooklyn,Private room,30,70.0
Manhattan,Entire home/apt,30,176.0
Brooklyn,Entire home/apt,30,92.0
Queens,Entire home/apt,30,352.0
Brooklyn,Entire home/apt,30,102.0
Brooklyn,Entire home/apt,30,110.0
Manhattan,Entire home/apt,30,850.0
Brooklyn,Entire home/apt,30,109.0
Manhattan,Entire home/apt,30,380.0
Manhattan,Entire home/apt,30,111.0
Brooklyn,Private room,4,165.0
Brooklyn,Entire home/apt,30,159.0
Brooklyn,Entire home/apt,30,199.0
Manhattan,Entire home/apt,30,120.0
Brooklyn,Entire home/apt,30,155.0
Brooklyn,Entire home/apt,30,91.0
Brooklyn,Private room,30,89.0
Manhattan,Entire home/apt,30,80.0
Brooklyn,Private room,31,53.0
Manhattan,Entire home/apt,30,595.0
Brooklyn,Private room,3,295.0
Manhattan,Private room,30,174.0
Brooklyn,Private room,30,75.0
Manhattan,Entire home/apt,30,67.0
Queens,Private room,30,60.0
Brooklyn,Entire home/apt,31,211.0
Manhattan,Entire home/apt,30,93.0
Manhattan,Entire home/apt,31,150.0
Brooklyn,Private room,30,80.0
Manhattan,Private room,30,110.0
Queens,Private room,30,100.0
Brooklyn,Private room,30,53.0
Manhattan,Entire home/apt,30,155.0
Brooklyn,Entire home/apt,30,153.0
Brooklyn,Entire home/apt,180,500.0
Brooklyn,Entire home/apt,30,450.0
Brooklyn,Entire home/apt,4,189.0
Manhattan,Private room,30,135.0
Brooklyn,Entire home/apt,3,196.0
Brooklyn,Private room,30,77.0
Queens,Entire home/apt,30,95.0
Staten Island,Private room,30,78.0
Brooklyn,Entire home/apt,30,80.0
Manhattan,Private room,30,529.0
Manhattan,Entire home/apt,30,196.0
Staten Island,Private room,30,60.0
Brooklyn,Private room,30,240.0
Brooklyn,Entire home/apt,30,158.0
Queens,Entire home/apt,30,95.0
Manhattan,Private room,30,80.0
Brooklyn,Entire home/apt,1,123.0
Brooklyn,Private room,30,66.0
Manhattan,Entire home/apt,30,192.0
Manhattan,Entire home/apt,30,185.0
Queens,Private room,30,100.0
Manhattan,Private room,30,79.0
Brooklyn,Private room,3,275.0
Brooklyn,Entire home/apt,30,175.0
Manhattan,Entire home/apt,30,200.0
Queens,Private room,30,113.0
Manhattan,Entire home/apt,30,228.0
Manhattan,Entire home/apt,30,750.0
Brooklyn,Private room,30,350.0
Bronx,Entire home/apt,30,110.0
Queens,Entire home/apt,30,85.0
Manhattan,Entire home/apt,40,100.0
Brooklyn,Private room,30,75.0
Brooklyn,Entire home/apt,30,342.0
Queens,Entire home/apt,30,66.0
Brooklyn,Entire home/apt,30,100.0
Manhattan,Private room,30,84.0
Brooklyn,Private room,30,60.0
Brooklyn,Entire home/apt,30,249.0
Brooklyn,Private room,30,50.0
Manhattan,Private room,30,130.0
Brooklyn,Private room,4,165.0
Queens,Entire home/apt,30,313.0
Brooklyn,Entire home/apt,30,170.0
Manhattan,Private room,30,100.0
Brooklyn,Entire home/apt,30,108.0
Queens,Private room,30,52.0
Brooklyn,Entire home/apt,30,217.0
Brooklyn,Entire home/apt,30,106.0
Manhattan,Entire home/apt,30,260.0
Manhattan,Entire home/apt,1,182.0
Manhattan,Private room,30,75.0
Brooklyn,Entire home/apt,30,150.0
Brooklyn,Entire home/apt,30,110.0
Manhattan,Entire home/apt,30,270.0
Manhattan,Private room,30,140.0
Brooklyn,Entire home/apt,30,203.0
Manhattan,Entire home/apt,30,230.0
Brooklyn,Private room,3,125.0
Brooklyn,Entire home/apt,30,250.0
Brooklyn,Private room,30,100.0
Manhattan,Private room,30,78.0
Manhattan,Entire home/apt,30,250.0
Brooklyn,Private room,30,65.0
Manhattan,Private room,30,80.0
Manhattan,Entire home/apt,30,67.0
Brooklyn,Private room,30,83.0
Manhattan,Entire home/apt,30,135.0
Manhattan,Private room,30,89.0
Manhattan,Private room,30,89.0
Manhattan,Private room,30,89.0
Manhattan,Private room,30,89.0
Brooklyn,Private room,30,55.0
Manhattan,Private room,31,142.0
Manhattan,Private room,30,159.0
Brooklyn,Entire home/apt,30,109.0
Brooklyn,Entire home/apt,30,230.0
Manhattan,Entire home/apt,120,100.0
Manhattan,Entire home/apt,30,200.0
Manhattan,Private room,30,86.0
Brooklyn,Entire home/apt,2,114.0
Brooklyn,Entire home/apt,30,299.0
Manhattan,Private room,56,125.0
Brooklyn,Private room,30,57.0
Brooklyn,Private room,31,56.0
Brooklyn,Entire home/apt,30,140.0
Brooklyn,Entire home/apt,30,95.0
Manhattan,Entire home/apt,30,180.0
Manhattan,Entire home/apt,30,185.0
Queens,Private room,1,72.0
Manhattan,Entire home/apt,30,500.0
Queens,Private room,180,120.0
Brooklyn,Entire home/apt,30,467.0
Manhattan,Entire home/apt,31,174.0
Brooklyn,Entire home/apt,30,280.0
Brooklyn,Entire home/apt,30,660.0
Manhattan,Entire home/apt,30,220.0
Manhattan,Entire home/apt,30,400.0
Brooklyn,Entire home/apt,30,250.0
Brooklyn,Private room,30,101.0
Manhattan,Private room,30,52.0
Manhattan,Entire home/apt,30,103.0
Brooklyn,Private room,30,50.0
Manhattan,Private room,30,60.0
Manhattan,Private room,30,99.0
Brooklyn,Entire home/apt,30,125.0
Brooklyn,Entire home/apt,30,338.0
Brooklyn,Entire home/apt,30,174.0
Manhattan,Entire home/apt,30,217.0
Queens,Entire home/apt,30,115.0
Manhattan,Private room,30,74.0
Manhattan,Entire home/apt,1,302.0
Manhattan,Entire home/apt,30,86.0
Brooklyn,Entire home/apt,30,125.0
Brooklyn,Entire home/apt,40,78.0
Brooklyn,Private room,30,64.0
Manhattan,Entire home/apt,30,105.0
Brooklyn,Private room,30,124.0
Manhattan,Entire home/apt,30,179.0
Manhattan,Entire home/apt,65,99.0
Manhattan,Entire home/apt,75,103.0
Manhattan,Private room,30,100.0
Brooklyn,Entire home/apt,30,149.0
Manhattan,Entire home/apt,30,169.0
Manhattan,Private room,30,165.0
Manhattan,Entire home/apt,30,175.0
Manhattan,Private room,30,955.0
Manhattan,Entire home/apt,30,182.0
Manhattan,Entire home/apt,30,194.0
Manhattan,Entire home/apt,30,197.0
Brooklyn,Entire home/apt,30,356.0
Queens,Entire home/apt,30,155.0
Brooklyn,Entire home/apt,60,419.0
Manhattan,Private room,30,58.0
Bronx,Entire home/apt,30,88.0
Queens,Private room,30,64.0
Bronx,Private room,2,88.0
Manhattan,Entire home/apt,30,475.0
Queens,Entire home/apt,30,113.0
Queens,Private room,30,57.0
Brooklyn,Private room,30,67.0
Manhattan,Entire home/apt,30,395.0
Queens,Private room,2,81.0
Brooklyn,Private room,30,100.0
Brooklyn,Entire home/apt,30,161.0
Manhattan,Entire home/apt,30,240.0
Manhattan,Entire home/apt,30,530.0
Manhattan,Entire home/apt,30,599.0
Manhattan,Entire home/apt,31,120.0
Manhattan,Private room,30,108.0
Queens,Entire home/apt,30,167.0
Brooklyn,Entire home/apt,30,119.0
Manhattan,Entire home/apt,30,240.0
Brooklyn,Entire home/apt,30,135.0
Brooklyn,Entire home/apt,30,175.0
Brooklyn,Entire home/apt,30,199.0
Brooklyn,Entire home/apt,30,120.0
Manhattan,Entire home/apt,30,191.0
Brooklyn,Private room,30,72.0
Brooklyn,Entire home/apt,30,148.0
Manhattan,Private room,30,114.0
Manhattan,Private room,90,65.0
Brooklyn,Entire home/apt,30,245.0
Brooklyn,Private room,7,143.0
Brooklyn,Private room,30,80.0
Manhattan,Entire home/apt,30,150.0
Brooklyn,Entire home/apt,30,342.0
Manhattan,Private room,30,139.0
Manhattan,Private room,30,68.0
Brooklyn,Entire home/apt,30,239.0
Brooklyn,Private room,30,69.0
Brooklyn,Private room,30,72.0
Manhattan,Entire home/apt,30,185.0
Brooklyn,Entire home/apt,30,230.0
Manhattan,Entire home/apt,30,433.0
Manhattan,Entire home/apt,30,234.0
Brooklyn,Entire home/apt,30,128.0
Manhattan,Entire home/apt,30,500.0
Brooklyn,Entire home/apt,30,180.0
Brooklyn,Entire home/apt,30,150.0
Bronx,Private room,30,94.0
Brooklyn,Entire home/apt,30,190.0
Manhattan,Entire home/apt,30,273.0
Brooklyn,Private room,1,129.0
Manhattan,Entire home/apt,30,332.0
Manhattan,Entire home/apt,30,125.0
Brooklyn,Entire home/apt,30,89.0
Manhattan,Entire home/apt,31,160.0
Bronx,Private room,30,72.0
Brooklyn,Entire home/apt,30,109.0
Brooklyn,Entire home/apt,30,120.0
Brooklyn,Entire home/apt,30,120.0
Manhattan,Entire home/apt,30,143.0
Manhattan,Entire home/apt,30,181.0
Manhattan,Private room,30,90.0
Queens,Entire home/apt,30,149.0
Queens,Entire home/apt,30,89.0
Manhattan,Private room,30,180.0
Brooklyn,Private room,90,294.0
Manhattan,Private room,30,93.0
Manhattan,Private room,30,135.0
Manhattan,Entire home/apt,3,275.0
Manhattan,Private room,30,60.0
Queens,Private room,30,62.0
Bronx,Private room,30,89.0
Brooklyn,Entire home/apt,30,123.0
Manhattan,Entire home/apt,30,354.0
Brooklyn,Entire home/apt,30,250.0
Brooklyn,Private room,30,85.0
Manhattan,Private room,4,148.0
Brooklyn,Entire home/apt,31,200.0
Manhattan,Entire home/apt,60,155.0
Manhattan,Private room,30,544.0
Brooklyn,Entire home/apt,30,115.0
Manhattan,Private room,30,171.0
Brooklyn,Private room,1,120.0
Queens,Private room,30,74.0
Brooklyn,Entire home/apt,30,98.0
Queens,Private room,30,80.0
Manhattan,Entire home/apt,270,103.0
Manhattan,Entire home/apt,49,126.0
Brooklyn,Private room,30,90.0
Manhattan,Private room,30,85.0
Brooklyn,Private room,4,254.0
Manhattan,Entire home/apt,30,175.0
Manhattan,Entire home/apt,30,221.0
Manhattan,Entire home/apt,30,160.0
Brooklyn,Entire home/apt,30,140.0
Brooklyn,Private room,4,116.0
Queens,Entire home/apt,30,134.0
Brooklyn,Entire home/apt,30,250.0
Manhattan,Private room,30,140.0
Brooklyn,Private room,30,675.0
Brooklyn,Entire home/apt,30,170.0
Bronx,Entire home/apt,30,142.0
Manhattan,Private room,30,97.0
Brooklyn,Entire home/apt,31,247.0
Manhattan,Entire home/apt,30,257.0
Queens,Entire home/apt,30,109.0
Brooklyn,Entire home/apt,30,132.0
Brooklyn,Private room,30,150.0
Manhattan,Entire home/apt,30,302.0
Brooklyn,Entire home/apt,30,283.0
Manhattan,Entire home/apt,30,65.0
Brooklyn,Entire home/apt,30,293.0
Brooklyn,Private room,30,80.0
Manhattan,Private room,30,825.0
Brooklyn,Private room,1,200.0
Brooklyn,Entire home/apt,30,220.0
Manhattan,Entire home/apt,30,105.0
Brooklyn,Entire home/apt,2,165.0
Brooklyn,Private room,5,89.0
Manhattan,Entire home/apt,30,125.0
Brooklyn,Private room,30,90.0
Manhattan,Entire home/apt,30,197.0
Manhattan,Entire home/apt,30,333.0
Brooklyn,Entire home/apt,2,158.0
Brooklyn,Entire home/apt,30,153.0
Manhattan,Entire home/apt,30,250.0
Manhattan,Entire home/apt,30,200.0
Manhattan,Entire home/apt,30,325.0
Manhattan,Entire home/apt,30,252.0
Manhattan,Entire home/apt,30,116.0
Brooklyn,Private room,90,116.0
Brooklyn,Private room,30,135.0
Brooklyn,Entire home/apt,30,88.0
Brooklyn,Private room,30,51.0
Brooklyn,Entire home/apt,30,200.0
Manhattan,Entire home/apt,60,115.0
Brooklyn,Private room,30,78.0
Brooklyn,Entire home/apt,30,160.0
Manhattan,Entire home/apt,365,140.0
Brooklyn,Entire home/apt,30,150.0
Manhattan,Entire home/apt,30,180.0
Brooklyn,Private room,30,200.0
Manhattan,Private room,30,165.0
Manhattan,Private room,30,111.0
Brooklyn,Entire home/apt,30,180.0
Manhattan,Private room,30,105.0
Brooklyn,Entire home/apt,30,95.0
Brooklyn,Private room,30,353.0
Manhattan,Entire home/apt,4,200.0
Manhattan,Entire home/apt,30,500.0
Manhattan,Private room,30,151.0
Manhattan,Entire home/apt,30,73.0
Manhattan,Private room,30,85.0
Brooklyn,Entire home/apt,30,110.0
Bronx,Private room,30,71.0
Manhattan,Private room,30,73.0
Manhattan,Private room,30,60.0
Manhattan,Entire home/apt,30,121.0
Manhattan,Entire home/apt,150,120.0
Brooklyn,Private room,30,125.0
Manhattan,Entire home/apt,30,180.0
Manhattan,Entire home/apt,30,179.0
Queens,Private room,30,100.0
Manhattan,Entire home/apt,30,300.0
Manhattan,Entire home/apt,30,193.0
Brooklyn,Private room,30,104.0
Brooklyn,Entire home/apt,30,255.0
Brooklyn,Entire home/apt,30,160.0
Manhattan,Entire home/apt,30,128.0
Queens,Private room,365,184.0
Manhattan,Entire home/apt,30,285.0
Manhattan,Entire home/apt,30,135.0
Queens,Private room,30,95.0
Manhattan,Entire home/apt,30,165.0
Brooklyn,Entire home/apt,30,300.0
Brooklyn,Entire home/apt,30,159.0
Brooklyn,Private room,30,182.0
Manhattan,Entire home/apt,30,338.0
Brooklyn,Entire home/apt,180,129.0
Manhattan,Private room,273,50.0
Brooklyn,Private room,30,85.0
Manhattan,Private room,30,90.0
Brooklyn,Private room,3,93.0
Manhattan,Entire home/apt,30,147.0
Brooklyn,Entire home/apt,30,200.0
Brooklyn,Entire home/apt,30,350.0
Manhattan,Private room,30,150.0
Manhattan,Entire home/apt,30,257.0
Brooklyn,Entire home/apt,30,149.0
Manhattan,Entire home/apt,30,257.0
Brooklyn,Entire home/apt,30,147.0
Brooklyn,Entire home/apt,60,204.0
Brooklyn,Entire home/apt,30,167.0
Manhattan,Entire home/apt,30,300.0
Brooklyn,Entire home/apt,30,143.0
Brooklyn,Entire home/apt,30,134.0
Brooklyn,Entire home/apt,30,134.0
Brooklyn,Entire home/apt,30,156.0
Manhattan,Entire home/apt,30,128.0
Queens,Entire home/apt,30,136.0
Manhattan,Entire home/apt,30,115.0
Brooklyn,Private room,30,57.0
Manhattan,Private room,30,92.0
Brooklyn,Entire home/apt,60,158.0
Manhattan,Entire home/apt,30,75.0
Manhattan,Private room,30,90.0
Manhattan,Private room,30,79.0
Queens,Entire home/apt,30,234.0
Manhattan,Entire home/apt,30,125.0
Brooklyn,Private room,30,119.0
Manhattan,Entire home/apt,90,250.0
Brooklyn,Entire home/apt,30,155.0
Brooklyn,Entire home/apt,30,160.0
Brooklyn,Private room,30,62.0
Brooklyn,Private room,30,400.0
Queens,Entire home/apt,30,110.0
Brooklyn,Entire home/apt,30,125.0
Manhattan,Private room,30,58.0
Manhattan,Entire home/apt,30,304.0
Manhattan,Entire home/apt,30,238.0
Brooklyn,Entire home/apt,30,150.0
Manhattan,Private room,30,87.0
Brooklyn,Entire home/apt,2,190.0
Brooklyn,Private room,30,96.0
Brooklyn,Private room,30,80.0
Brooklyn,Entire home/apt,30,75.0
Brooklyn,Private room,31,55.0
Manhattan,Entire home/apt,30,100.0
Manhattan,Entire home/apt,30,100.0
Manhattan,Entire home/apt,30,130.0
Manhattan,Entire home/apt,30,114.0
Manhattan,Entire home/apt,30,94.0
Manhattan,Private room,30,59.0
Manhattan,Entire home/apt,30,269.0
Brooklyn,Private room,30,250.0
Manhattan,Entire home/apt,30,130.0
Queens,Private room,30,211.0
Manhattan,Entire home/apt,30,125.0
Brooklyn,Entire home/apt,30,148.0
Brooklyn,Private room,30,56.0
Manhattan,Private room,30,210.0
Queens,Private room,30,50.0
Brooklyn,Entire home/apt,30,200.0
Manhattan,Private room,30,175.0
Brooklyn,Private room,30,65.0
Brooklyn,Private room,5,68.0
Manhattan,Private room,30,103.0
Manhattan,Private room,30,77.0
Manhattan,Entire home/apt,30,90.0
Manhattan,Entire home/apt,30,101.0
Brooklyn,Private room,1,105.0
Manhattan,Private room,30,276.0
Brooklyn,Private room,3,158.0
Brooklyn,Entire home/apt,30,112.0
Bronx,Entire home/apt,30,260.0
Manhattan,Entire home/apt,30,145.0
Brooklyn,Entire home/apt,30,175.0
Manhattan,Entire home/apt,30,200.0
Brooklyn,Entire home/apt,30,129.0
Brooklyn,Entire home/apt,90,170.0
Manhattan,Private room,30,60.0
Manhattan,Entire home/apt,30,225.0
Manhattan,Entire home/apt,30,335.0
Manhattan,Entire home/apt,30,100.0
Brooklyn,Entire home/apt,31,220.0
Manhattan,Private room,30,62.0
Manhattan,Entire home/apt,30,88.0
Brooklyn,Entire home/apt,30,120.0
Brooklyn,Private room,30,69.0
Manhattan,Entire home/apt,30,128.0
Manhattan,Entire home/apt,30,80.0
Queens,Private room,60,60.0
Manhattan,Entire home/apt,30,170.0
Queens,Private room,60,60.0
Manhattan,Private room,30,99.0
Brooklyn,Entire home/apt,30,125.0
Manhattan,Entire home/apt,30,253.0
Manhattan,Entire home/apt,30,89.0
Manhattan,Private room,1,125.0
Manhattan,Entire home/apt,365,150.0
Manhattan,Entire home/apt,30,124.0
Manhattan,Private room,30,100.0
Queens,Private room,30,105.0
Manhattan,Entire home/apt,30,412.0
Manhattan,Private room,3,136.0
Brooklyn,Entire home/apt,30,126.0
Brooklyn,Entire home/apt,30,168.0
Queens,Entire home/apt,30,300.0
Queens,Entire home/apt,31,395.0
Manhattan,Entire home/apt,4,202.0
Brooklyn,Entire home/apt,30,536.0
Brooklyn,Entire home/apt,30,110.0
Manhattan,Entire home/apt,30,234.0
Queens,Entire home/apt,30,140.0
Brooklyn,Private room,30,57.0
Queens,Entire home/apt,30,216.0
Brooklyn,Entire home/apt,30,823.0
Brooklyn,Entire home/apt,30,95.0
Queens,Entire home/apt,30,131.0
Brooklyn,Entire home/apt,30,82.0
Brooklyn,Entire home/apt,30,294.0
Bronx,Private room,30,950.0
Manhattan,Entire home/apt,30,341.0
Brooklyn,Entire home/apt,30,129.0
Brooklyn,Private room,30,119.0
Brooklyn,Entire home/apt,30,300.0
Brooklyn,Entire home/apt,30,272.0
Manhattan,Private room,30,171.0
Manhattan,Entire home/apt,30,116.0
Manhattan,Entire home/apt,300,160.0
Brooklyn,Entire home/apt,180,103.0
Brooklyn,Entire home/apt,30,83.0
Manhattan,Private room,30,73.0
Manhattan,Entire home/apt,30,85.0
Queens,Private room,50,65.0
Brooklyn,Hotel room,30,135.0
Brooklyn,Private room,30,180.0
Brooklyn,Private room,30,180.0
Queens,Entire home/apt,30,123.0
Brooklyn,Private room,2,119.0
Brooklyn,Private room,30,248.0
Brooklyn,Entire home/apt,30,572.0
Brooklyn,Entire home/apt,30,525.0
Brooklyn,Entire home/apt,30,98.0
Manhattan,Entire home/apt,30,125.0
Manhattan,Entire home/apt,30,70.0
Brooklyn,Private room,30,100.0
Manhattan,Entire home/apt,30,90.0
Manhattan,Private room,7,90.0
Manhattan,Entire home/apt,30,100.0
Brooklyn,Entire home/apt,3,193.0
Manhattan,Entire home/apt,30,100.0
Manhattan,Entire home/apt,30,600.0
Brooklyn,Entire home/apt,30,400.0
Brooklyn,Entire home/apt,30,305.0
Brooklyn,Private room,30,100.0
Brooklyn,Entire home/apt,30,117.0
Manhattan,Entire home/apt,30,90.0
Manhattan,Entire home/apt,30,100.0
Brooklyn,Entire home/apt,30,130.0
Manhattan,Private room,30,114.0
Manhattan,Private room,30,50.0
Manhattan,Entire home/apt,30,93.0
Queens,Private room,30,59.0
Bronx,Private room,2,80.0
Manhattan,Entire home/apt,30,192.0
Brooklyn,Private room,3,135.0
Manhattan,Entire home/apt,240,85.0
Brooklyn,Private room,30,99.0
Manhattan,Entire home/apt,30,83.0
Brooklyn,Entire home/apt,30,109.0
Manhattan,Entire home/apt,30,134.0
Brooklyn,Private room,30,79.0
Brooklyn,Private room,4,155.0
Manhattan,Entire home/apt,30,130.0
Bronx,Private room,2,98.0
Manhattan,Entire home/apt,75,99.0
Brooklyn,Entire home/apt,180,159.0
Brooklyn,Entire home/apt,30,150.0
Brooklyn,Entire home/apt,30,444.0
Staten Island,Private room,1,83.0
Brooklyn,Entire home/apt,30,150.0
Bronx,Private room,2,80.0
Brooklyn,Entire home/apt,2,310.0
Queens,Private room,30,100.0
Manhattan,Entire home/apt,60,272.0
Brooklyn,Private room,30,115.0
Manhattan,Private room,1,122.0
Brooklyn,Entire home/apt,30,379.0
Brooklyn,Entire home/apt,30,300.0
Manhattan,Entire home/apt,30,255.0
Manhattan,Entire home/apt,30,130.0
Brooklyn,Entire home/apt,30,195.0
Brooklyn,Private room,30,107.0
Manhattan,Private room,30,135.0
Brooklyn,Entire home/apt,30,228.0
Brooklyn,Entire home/apt,30,77.0
Bronx,Private room,30,119.0
Manhattan,Entire home/apt,30,520.0
Manhattan,Entire home/apt,55,109.0
Manhattan,Entire home/apt,30,259.0
Manhattan,Private room,30,150.0
Brooklyn,Entire home/apt,30,255.0
Manhattan,Entire home/apt,30,135.0
Brooklyn,Entire home/apt,30,83.0
Staten Island,Private room,30,62.0
Queens,Entire home/apt,30,85.0
Brooklyn,Private room,2,410.0
Manhattan,Private room,30,195.0
Queens,Entire home/apt,30,150.0
Brooklyn,Private room,30,105.0
Brooklyn,Entire home/apt,30,152.0
Manhattan,Entire home/apt,30,142.0
Manhattan,Entire home/apt,30,72.0
Brooklyn,Entire home/apt,30,153.0
Manhattan,Entire home/apt,30,259.0
Brooklyn,Entire home/apt,30,225.0
Manhattan,Entire home/apt,30,300.0
Manhattan,Entire home/apt,30,161.0
Manhattan,Private room,3,115.0
Brooklyn,Private room,30,156.0
Manhattan,Private room,30,80.0
Brooklyn,Entire home/apt,30,250.0
Brooklyn,Entire home/apt,30,122.0
Queens,Private room,1,69.0
Brooklyn,Entire home/apt,30,175.0
Manhattan,Entire home/apt,30,122.0
Brooklyn,Entire home/apt,30,330.0
Brooklyn,Entire home/apt,30,350.0
Brooklyn,Private room,30,450.0
Brooklyn,Entire home/apt,30,595.0
Brooklyn,Private room,30,88.0
Manhattan,Entire home/apt,30,100.0
Manhattan,Entire home/apt,30,221.0
Brooklyn,Private room,30,151.0
Manhattan,Private room,30,425.0
Brooklyn,Private room,2,170.0
Brooklyn,Entire home/apt,3,236.0
Manhattan,Entire home/apt,30,115.0
Manhattan,Private room,1,110.0
Brooklyn,Private room,30,54.0
Brooklyn,Entire home/apt,30,136.0
Brooklyn,Private room,60,62.0
Queens,Private room,30,81.0
Queens,Private room,30,58.0
Manhattan,Entire home/apt,30,140.0
Brooklyn,Entire home/apt,30,137.0
Manhattan,Private room,30,75.0
Manhattan,Entire home/apt,30,249.0
Queens,Private room,30,90.0
Manhattan,Entire home/apt,3,246.0
Brooklyn,Private room,30,68.0
Manhattan,Entire home/apt,30,100.0
Brooklyn,Entire home/apt,30,144.0
Brooklyn,Entire home/apt,30,103.0
Brooklyn,Private room,30,150.0
Brooklyn,Entire home/apt,30,600.0
Brooklyn,Private room,30,99.0
Manhattan,Entire home/apt,30,241.0
Queens,Entire home/apt,30,107.0
Brooklyn,Private room,30,93.0
Manhattan,Private room,30,95.0
Manhattan,Entire home/apt,270,104.0
Manhattan,Entire home/apt,30,85.0
Queens,Private room,30,80.0
Queens,Private room,59,63.0
Bronx,Private room,30,154.0
Bronx,Private room,30,76.0
Brooklyn,Entire home/apt,30,114.0
Brooklyn,Entire home/apt,30,410.0
Manhattan,Private room,30,62.0
Manhattan,Entire home/apt,30,200.0
Brooklyn,Private room,2,150.0
Brooklyn,Entire home/apt,30,93.0
Brooklyn,Private room,2,147.0
Manhattan,Entire home/apt,30,400.0
Manhattan,Entire home/apt,30,375.0
Manhattan,Private room,5,271.0
Brooklyn,Private room,30,50.0
Staten Island,Entire home/apt,30,150.0
Brooklyn,Entire home/apt,30,223.0
Brooklyn,Entire home/apt,30,118.0
Brooklyn,Private room,30,58.0
Queens,Entire home/apt,30,91.0
Queens,Private room,30,80.0
Manhattan,Entire home/apt,30,139.0
Brooklyn,Entire home/apt,30,140.0
Brooklyn,Private room,3,143.0
Brooklyn,Entire home/apt,5,140.0
Queens,Entire home/apt,30,225.0
Brooklyn,Entire home/apt,30,182.0
Manhattan,Entire home/apt,60,150.0
Manhattan,Private room,30,424.0
Manhattan,Entire home/apt,30,210.0
Manhattan,Private room,365,114.0
Brooklyn,Entire home/apt,30,179.0
Brooklyn,Private room,30,61.0
Manhattan,Private room,2,225.0
Brooklyn,Private room,30,75.0
Brooklyn,Private room,30,89.0
Brooklyn,Entire home/apt,30,166.0
Manhattan,Entire home/apt,30,170.0
Brooklyn,Private room,6,135.0
Brooklyn,Private room,30,80.0
Brooklyn,Entire home/apt,31,145.0
Brooklyn,Private room,5,225.0
Manhattan,Private room,30,96.0
Manhattan,Private room,30,90.0
Manhattan,Entire home/apt,30,195.0
Brooklyn,Entire home/apt,30,96.0
Brooklyn,Entire home/apt,30,95.0
Manhattan,Entire home/apt,30,129.0
Brooklyn,Private room,30,158.0
Manhattan,Private room,30,333.0
Manhattan,Entire home/apt,30,200.0
Brooklyn,Entire home/apt,30,220.0
Manhattan,Private room,3,135.0
Manhattan,Entire home/apt,30,145.0
Brooklyn,Entire home/apt,3,266.0
Manhattan,Entire home/apt,30,108.0
Brooklyn,Entire home/apt,30,225.0
Manhattan,Entire home/apt,30,272.0
Manhattan,Entire home/apt,30,202.0
Manhattan,Entire home/apt,30,215.0
Manhattan,Entire home/apt,30,175.0
Brooklyn,Entire home/apt,30,135.0
Manhattan,Private room,30,500.0
Queens,Entire home/apt,180,250.0
Brooklyn,Entire home/apt,30,168.0
Manhattan,Entire home/apt,30,120.0
Manhattan,Entire home/apt,30,584.0
Manhattan,Private room,30,89.0
Brooklyn,Entire home/apt,60,68.0
Manhattan,Entire home/apt,30,688.0
Bronx,Private room,30,95.0
Manhattan,Entire home/apt,4,169.0
Queens,Entire home/apt,30,82.0
Bronx,Private room,30,71.0
Staten Island,Entire home/apt,30,250.0
Brooklyn,Entire home/apt,30,150.0
Brooklyn,Entire home/apt,30,77.0
Queens,Private room,30,99.0
Manhattan,Private room,30,60.0
Brooklyn,Entire home/apt,30,150.0
Brooklyn,Entire home/apt,30,143.0
Manhattan,Entire home/apt,30,195.0
Manhattan,Entire home/apt,30,119.0
Bronx,Private room,30,70.0
Queens,Entire home/apt,30,91.0
Brooklyn,Entire home/apt,31,207.0
Brooklyn,Entire home/apt,30,90.0
Bronx,Private room,30,52.0
Brooklyn,Private room,30,76.0
Manhattan,Entire home/apt,4,572.0
Manhattan,Entire home/apt,30,245.0
Manhattan,Entire home/apt,31,280.0
Brooklyn,Entire home/apt,30,251.0
Manhattan,Entire home/apt,30,110.0
Manhattan,Entire home/apt,370,203.0
Brooklyn,Private room,30,150.0
Manhattan,Entire home/apt,30,201.0
Manhattan,Entire home/apt,90,119.0
Brooklyn,Private room,30,70.0
Manhattan,Entire home/apt,180,83.0
Brooklyn,Private room,30,127.0
Manhattan,Entire home/apt,90,85.0
Brooklyn,Private room,30,80.0
Manhattan,Private room,30,128.0
Manhattan,Entire home/apt,30,146.0
Manhattan,Private room,7,110.0
Manhattan,Entire home/apt,30,143.0
Queens,Private room,30,60.0
Brooklyn,Entire home/apt,30,100.0
Manhattan,Private room,30,94.0
Brooklyn,Entire home/apt,30,85.0
Manhattan,Entire home/apt,60,135.0
Manhattan,Entire home/apt,30,71.0
Brooklyn,Private room,30,75.0
Manhattan,Entire home/apt,30,156.0
Brooklyn,Private room,30,73.0
Manhattan,Entire home/apt,30,94.0
Queens,Private room,30,125.0
Queens,Private room,30,77.0
Manhattan,Entire home/apt,30,97.0
Bronx,Private room,30,110.0
Brooklyn,Entire home/apt,30,95.0
Manhattan,Entire home/apt,30,259.0
Manhattan,Private room,30,117.0
Manhattan,Private room,30,127.0
Brooklyn,Private room,30,106.0
Brooklyn,Private room,2,155.0
Brooklyn,Private room,30,85.0
Brooklyn,Private room,2,124.0
Brooklyn,Entire home/apt,30,113.0
Manhattan,Private room,30,65.0
Brooklyn,Entire home/apt,30,225.0
Manhattan,Entire home/apt,30,145.0
Manhattan,Entire home/apt,30,370.0
Manhattan,Entire home/apt,30,378.0
Manhattan,Entire home/apt,30,330.0
Brooklyn,Private room,1,121.0
Manhattan,Entire home/apt,1,394.0
Brooklyn,Entire home/apt,30,284.0
Queens,Entire home/apt,30,80.0
Bronx,Entire home/apt,30,146.0
Bronx,Entire home/apt,30,250.0
Brooklyn,Private room,3,89.0
Manhattan,Private room,30,86.0
Manhattan,Entire home/apt,3,177.0
Manhattan,Entire home/apt,30,250.0
Queens,Private room,30,95.0
Brooklyn,Private room,30,60.0
Manhattan,Entire home/apt,30,476.0
Manhattan,Entire home/apt,30,101.0
Manhattan,Private room,30,85.0
Brooklyn,Entire home/apt,30,180.0
Brooklyn,Private room,30,200.0
Brooklyn,Entire home/apt,30,114.0
Brooklyn,Private room,30,70.0
Manhattan,Private room,30,145.0
Brooklyn,Private room,1,154.0
Manhattan,Private room,30,75.0
Manhattan,Entire home/apt,30,81.0
Manhattan,Private room,1,119.0
Brooklyn,Entire home/apt,30,200.0
Brooklyn,Private room,30,70.0
Manhattan,Entire home/apt,30,105.0
Manhattan,Entire home/apt,30,79.0
Brooklyn,Entire home/apt,30,299.0
Manhattan,Entire home/apt,30,150.0
Manhattan,Entire home/apt,30,95.0
Brooklyn,Private room,30,71.0
Manhattan,Entire home/apt,30,123.0
Queens,Entire home/apt,30,142.0
Brooklyn,Entire home/apt,30,150.0
Brooklyn,Private room,30,79.0
Brooklyn,Private room,30,98.0
Manhattan,Entire home/apt,30,150.0
Manhattan,Private room,30,105.0
Brooklyn,Private room,30,119.0
Brooklyn,Entire home/apt,30,623.0
Brooklyn,Private room,30,109.0
Queens,Private room,30,95.0
Manhattan,Private room,30,115.0
Manhattan,Entire home/apt,30,150.0
Manhattan,Entire home/apt,30,249.0
Brooklyn,Entire home/apt,30,129.0
Brooklyn,Entire home/apt,30,121.0
Brooklyn,Entire home/apt,30,165.0
Brooklyn,Private room,30,58.0
Manhattan,Entire home/apt,30,100.0
Brooklyn,Entire home/apt,30,89.0
Brooklyn,Entire home/apt,30,131.0
Manhattan,Private room,30,150.0
Brooklyn,Entire home/apt,5,95.0
Brooklyn,Entire home/apt,30,159.0
Manhattan,Entire home/apt,30,96.0
Queens,Private room,30,105.0
Manhattan,Entire home/apt,30,139.0
Brooklyn,Entire home/apt,30,62.0
Queens,Entire home/apt,30,110.0
Brooklyn,Entire home/apt,30,143.0
Queens,Entire home/apt,30,92.0
Queens,Entire home/apt,30,135.0
Brooklyn,Entire home/apt,30,125.0
Manhattan,Entire home/apt,30,149.0
Manhattan,Private room,30,97.0
Manhattan,Entire home/apt,30,150.0
Brooklyn,Private room,30,129.0
Manhattan,Entire home/apt,30,104.0
Brooklyn,Entire home/apt,30,113.0
Manhattan,Entire home/apt,30,209.0
Brooklyn,Entire home/apt,1,156.0
Brooklyn,Entire home/apt,30,124.0
Brooklyn,Entire home/apt,30,137.0
Manhattan,Private room,30,122.0
Manhattan,Shared room,30,68.0
Queens,Private room,30,72.0
Brooklyn,Entire home/apt,30,80.0
Brooklyn,Entire home/apt,30,300.0
Manhattan,Private room,5,149.0
Brooklyn,Entire home/apt,31,114.0
Manhattan,Entire home/apt,120,192.0
Brooklyn,Private room,30,102.0
Brooklyn,Private room,30,88.0
Manhattan,Entire home/apt,30,191.0
Manhattan,Entire home/apt,30,197.0
Manhattan,Entire home/apt,30,118.0
Brooklyn,Entire home/apt,30,191.0
Manhattan,Entire home/apt,30,236.0
Queens,Private room,30,95.0
Manhattan,Entire home/apt,30,203.0
Manhattan,Entire home/apt,30,118.0
Queens,Private room,30,74.0
Manhattan,Entire home/apt,30,350.0
Staten Island,Private room,30,69.0
Brooklyn,Private room,1,134.0
Manhattan,Entire home/apt,30,110.0
Manhattan,Private room,30,80.0
Queens,Private room,30,65.0
Brooklyn,Entire home/apt,30,293.0
Manhattan,Entire home/apt,365,170.0
Manhattan,Private room,30,98.0
Brooklyn,Private room,30,57.0
Manhattan,Entire home/apt,30,97.0
Manhattan,Entire home/apt,2,300.0
Manhattan,Entire home/apt,30,225.0
Manhattan,Entire home/apt,30,214.0
Manhattan,Entire home/apt,30,225.0
Queens,Private room,7,199.0
Manhattan,Entire home/apt,31,171.0
Manhattan,Private room,2,102.0
Brooklyn,Entire home/apt,30,220.0
Queens,Private room,30,74.0
Brooklyn,Private room,30,130.0
Manhattan,Entire home/apt,31,150.0
Manhattan,Entire home/apt,30,116.0
Brooklyn,Entire home/apt,30,153.0
Brooklyn,Entire home/apt,30,739.0
Manhattan,Entire home/apt,30,179.0
Manhattan,Entire home/apt,30,233.0
Brooklyn,Private room,2,258.0
Manhattan,Entire home/apt,30,233.0
Brooklyn,Private room,30,99.0
Manhattan,Entire home/apt,30,559.0
Brooklyn,Entire home/apt,30,167.0
Brooklyn,Entire home/apt,30,106.0
Manhattan,Private room,1,78.0
Brooklyn,Entire home/apt,30,220.0
Manhattan,Entire home/apt,30,300.0
Manhattan,Entire home/apt,30,124.0
Brooklyn,Private room,30,51.0
Manhattan,Private room,3,315.0
Brooklyn,Entire home/apt,30,84.0
Manhattan,Private room,30,60.0
Queens,Entire home/apt,30,73.0
Queens,Entire home/apt,30,105.0
Manhattan,Entire home/apt,30,185.0
Brooklyn,Shared room,30,150.0
Brooklyn,Entire home/apt,55,300.0
Brooklyn,Private room,30,71.0
Brooklyn,Private room,10,75.0
Manhattan,Entire home/apt,30,155.0
Manhattan,Entire home/apt,30,130.0
Manhattan,Private room,30,71.0
Manhattan,Entire home/apt,30,361.0
Manhattan,Entire home/apt,30,189.0
Brooklyn,Entire home/apt,30,350.0
Manhattan,Private room,30,75.0
Queens,Private room,30,67.0
Manhattan,Entire home/apt,30,200.0
Manhattan,Entire home/apt,30,214.0
Brooklyn,Private room,2,128.0
Brooklyn,Private room,30,83.0
Brooklyn,Entire home/apt,30,237.0
Brooklyn,Private room,30,55.0
Manhattan,Entire home/apt,30,196.0
Brooklyn,Entire home/apt,30,185.0
Manhattan,Entire home/apt,30,280.0
Bronx,Private room,30,59.0
Brooklyn,Entire home/apt,30,185.0
Manhattan,Entire home/apt,30,240.0
Brooklyn,Entire home/apt,30,168.0
Manhattan,Entire home/apt,30,307.0
Queens,Private room,30,75.0
Brooklyn,Entire home/apt,30,67.0
Brooklyn,Entire home/apt,30,276.0
Brooklyn,Entire home/apt,30,82.0
Brooklyn,Entire home/apt,30,360.0
Manhattan,Entire home/apt,5,660.0
Brooklyn,Entire home/apt,30,169.0
Manhattan,Private room,30,59.0
Brooklyn,Private room,30,123.0
Brooklyn,Entire home/apt,30,250.0
Brooklyn,Entire home/apt,30,175.0
Bronx,Entire home/apt,30,125.0
Brooklyn,Entire home/apt,30,125.0
Manhattan,Entire home/apt,30,295.0
Queens,Entire home/apt,30,243.0
Queens,Private room,30,133.0
Queens,Private room,5,128.0
Brooklyn,Private room,30,66.0
Manhattan,Private room,4,79.0
Brooklyn,Entire home/apt,30,113.0
Brooklyn,Entire home/apt,30,140.0
Manhattan,Private room,3,131.0
Manhattan,Entire home/apt,30,746.0
Brooklyn,Entire home/apt,30,350.0
Manhattan,Private room,30,200.0
Bronx,Private room,30,65.0
Queens,Private room,2,81.0
Brooklyn,Private room,30,146.0
Brooklyn,Entire home/apt,30,429.0
Brooklyn,Entire home/apt,30,187.0
Manhattan,Entire home/apt,30,300.0
Queens,Private room,30,50.0
Manhattan,Private room,30,59.0
Queens,Private room,30,163.0
Brooklyn,Private room,30,68.0
Manhattan,Entire home/apt,30,150.0
Manhattan,Private room,30,200.0
Brooklyn,Entire home/apt,30,96.0
Brooklyn,Private room,30,68.0
Brooklyn,Private room,3,99.0
Brooklyn,Private room,4,150.0
Brooklyn,Private room,30,180.0
Brooklyn,Entire home/apt,30,220.0
Bronx,Entire home/apt,30,225.0
Manhattan,Private room,30,100.0
Manhattan,Entire home/apt,31,78.0
Brooklyn,Private room,30,68.0
Manhattan,Private room,30,77.0
Manhattan,Private room,30,89.0
Staten Island,Private room,2,69.0
Manhattan,Entire home/apt,30,499.0
Brooklyn,Entire home/apt,4,244.0
Queens,Private room,30,90.0
Brooklyn,Entire home/apt,35,216.0
Brooklyn,Entire home/apt,31,356.0
Brooklyn,Private room,30,94.0
Manhattan,Private room,30,156.0
Manhattan,Private room,30,211.0
Manhattan,Private room,30,182.0
Manhattan,Private room,30,296.0
Manhattan,Private room,30,246.0
Manhattan,Private room,30,133.0
Manhattan,Private room,30,156.0
Manhattan,Private room,30,193.0
Manhattan,Private room,30,156.0
Brooklyn,Private room,1,93.0
Manhattan,Private room,30,82.0
Manhattan,Entire home/apt,2,162.0
Brooklyn,Entire home/apt,30,100.0
Manhattan,Entire home/apt,30,116.0
Brooklyn,Entire home/apt,30,131.0
Manhattan,Entire home/apt,31,225.0
Brooklyn,Private room,1,86.0
Manhattan,Private room,30,100.0
Manhattan,Entire home/apt,30,134.0
Brooklyn,Entire home/apt,30,165.0
Brooklyn,Entire home/apt,30,250.0
Brooklyn,Private room,30,88.0
Brooklyn,Entire home/apt,30,464.0
Manhattan,Entire home/apt,30,134.0
Queens,Shared room,30,674.0
Brooklyn,Private room,30,80.0
Queens,Private room,30,67.0
Queens,Entire home/apt,30,311.0
Manhattan,Entire home/apt,30,79.0
Manhattan,Entire home/apt,30,137.0
Manhattan,Private room,30,147.0
Brooklyn,Entire home/apt,30,74.0
Manhattan,Private room,30,179.0
Brooklyn,Entire home/apt,30,200.0
Brooklyn,Private room,2,189.0
Brooklyn,Entire home/apt,30,250.0
Manhattan,Private room,30,100.0
Brooklyn,Entire home/apt,30,61.0
Queens,Entire home/apt,30,300.0
Manhattan,Entire home/apt,30,548.0
Manhattan,Entire home/apt,30,160.0
Brooklyn,Entire home/apt,30,265.0
Manhattan,Entire home/apt,30,135.0
Brooklyn,Private room,30,70.0
Manhattan,Entire home/apt,4,213.0
Manhattan,Entire home/apt,30,567.0
Manhattan,Entire home/apt,60,250.0
Manhattan,Entire home/apt,3,204.0
Brooklyn,Entire home/apt,30,180.0
Brooklyn,Private room,30,67.0
Manhattan,Entire home/apt,30,359.0
Queens,Private room,30,71.0
Queens,Entire home/apt,30,122.0
Brooklyn,Entire home/apt,30,99.0
Brooklyn,Entire home/apt,30,130.0
Brooklyn,Entire home/apt,30,618.0
Manhattan,Entire home/apt,4,149.0
Brooklyn,Private room,2,339.0
Queens,Private room,30,71.0
Bronx,Entire home/apt,30,110.0
Queens,Entire home/apt,30,144.0
Brooklyn,Entire home/apt,30,432.0
Queens,Private room,30,95.0
Brooklyn,Entire home/apt,30,167.0
Queens,Private room,30,70.0
Brooklyn,Private room,2,141.0
Brooklyn,Private room,100,400.0
Queens,Entire home/apt,30,150.0
Manhattan,Entire home/apt,30,300.0
Manhattan,Entire home/apt,1,212.0
Brooklyn,Entire home/apt,3,172.0
Brooklyn,Private room,3,163.0
Manhattan,Entire home/apt,30,275.0
Queens,Entire home/apt,30,90.0
Brooklyn,Private room,30,55.0
Brooklyn,Private room,30,55.0
Manhattan,Entire home/apt,30,190.0
Bronx,Private room,4,110.0
Manhattan,Private room,1,83.0
Manhattan,Private room,30,97.0
Brooklyn,Private room,3,100.0
Manhattan,Entire home/apt,30,171.0
Manhattan,Entire home/apt,30,850.0
Queens,Shared room,30,104.0
Manhattan,Entire home/apt,30,249.0
Brooklyn,Private room,30,75.0
Brooklyn,Entire home/apt,30,191.0
Brooklyn,Entire home/apt,30,138.0
Brooklyn,Entire home/apt,30,99.0
Queens,Private room,30,124.0
Brooklyn,Entire home/apt,60,200.0
Brooklyn,Private room,2,252.0
Manhattan,Entire home/apt,30,540.0
Brooklyn,Entire home/apt,30,90.0
Brooklyn,Private room,3,195.0
Brooklyn,Entire home/apt,30,237.0
Brooklyn,Entire home/apt,30,815.0
Brooklyn,Private room,3,298.0
Brooklyn,Private room,30,173.0
Brooklyn,Entire home/apt,30,497.0
Queens,Entire home/apt,30,238.0
Manhattan,Entire home/apt,30,101.0
Brooklyn,Private room,1,70.0
Brooklyn,Entire home/apt,30,150.0
Manhattan,Entire home/apt,30,150.0
Brooklyn,Private room,30,90.0
Manhattan,Private room,30,115.0
Brooklyn,Entire home/apt,30,81.0
Manhattan,Entire home/apt,30,400.0
Manhattan,Entire home/apt,30,600.0
Brooklyn,Entire home/apt,30,170.0
Brooklyn,Entire home/apt,30,643.0
Manhattan,Private room,30,144.0
Brooklyn,Entire home/apt,30,463.0
Brooklyn,Entire home/apt,30,129.0
Manhattan,Private room,30,112.0
Brooklyn,Entire home/apt,30,152.0
Brooklyn,Private room,30,102.0
Brooklyn,Entire home/apt,30,110.0
Brooklyn,Entire home/apt,30,190.0
Manhattan,Entire home/apt,30,180.0
Manhattan,Entire home/apt,30,100.0
Bronx,Private room,30,50.0
Bronx,Private room,30,50.0
Brooklyn,Entire home/apt,30,150.0
Queens,Private room,30,50.0
Brooklyn,Entire home/apt,30,212.0
Manhattan,Entire home/apt,30,450.0
Brooklyn,Entire home/apt,31,129.0
Manhattan,Entire home/apt,31,254.0
Brooklyn,Entire home/apt,30,233.0
Brooklyn,Private room,30,84.0
Manhattan,Private room,30,111.0
Manhattan,Private room,30,53.0
Manhattan,Entire home/apt,30,132.0
Queens,Entire home/apt,30,78.0
Brooklyn,Private room,30,100.0
Brooklyn,Private room,1,79.0
Brooklyn,Private room,1,70.0
Brooklyn,Private room,1,96.0
Brooklyn,Private room,1,79.0
Manhattan,Entire home/apt,30,298.0
Manhattan,Private room,30,251.0
Bronx,Private room,30,50.0
Brooklyn,Private room,30,120.0
Brooklyn,Entire home/apt,30,364.0
Brooklyn,Shared room,30,80.0
Manhattan,Entire home/apt,5,210.0
Brooklyn,Entire home/apt,3,212.0
Manhattan,Entire home/apt,4,594.0
Manhattan,Entire home/apt,30,117.0
Queens,Entire home/apt,30,128.0
Brooklyn,Private room,30,59.0
Brooklyn,Private room,30,55.0
Brooklyn,Private room,30,55.0
Queens,Private room,1,143.0
Brooklyn,Entire home/apt,30,325.0
Queens,Private room,30,75.0
Manhattan,Entire home/apt,30,200.0
Brooklyn,Entire home/apt,30,190.0
Manhattan,Entire home/apt,30,186.0
Manhattan,Private room,30,59.0
Manhattan,Entire home/apt,180,138.0
Brooklyn,Private room,30,52.0
Queens,Private room,30,107.0
Queens,Private room,30,90.0
Brooklyn,Entire home/apt,30,650.0
Manhattan,Entire home/apt,30,202.0
Brooklyn,Private room,30,97.0
Manhattan,Entire home/apt,30,117.0
Brooklyn,Entire home/apt,30,140.0
Manhattan,Private room,2,90.0
Brooklyn,Private room,1,79.0
Manhattan,Private room,30,105.0
Manhattan,Entire home/apt,30,165.0
Brooklyn,Entire home/apt,30,108.0
Manhattan,Private room,30,130.0
Brooklyn,Entire home/apt,3,159.0
Queens,Entire home/apt,30,90.0
Queens,Entire home/apt,30,110.0
Queens,Entire home/apt,30,122.0
Brooklyn,Private room,1,106.0
Manhattan,Private room,30,70.0
Brooklyn,Private room,1,100.0
Brooklyn,Entire home/apt,30,315.0
Manhattan,Private room,30,130.0
Manhattan,Entire home/apt,30,500.0
Queens,Private room,30,80.0
Manhattan,Entire home/apt,30,280.0
Queens,Entire home/apt,2,133.0
Queens,Private room,30,69.0
Manhattan,Private room,30,104.0
Manhattan,Private room,30,64.0
Brooklyn,Entire home/apt,30,193.0
Brooklyn,Entire home/apt,30,140.0
Brooklyn,Private room,30,63.0
Staten Island,Private room,30,198.0
Brooklyn,Entire home/apt,30,104.0
Queens,Private room,30,148.0
Brooklyn,Entire home/apt,30,200.0
Brooklyn,Entire home/apt,30,325.0
Queens,Entire home/apt,30,101.0
Staten Island,Entire home/apt,30,86.0
Brooklyn,Entire home/apt,30,180.0
Queens,Private room,30,74.0
Brooklyn,Entire home/apt,30,235.0
Brooklyn,Entire home/apt,30,75.0
Brooklyn,Entire home/apt,30,89.0
Brooklyn,Private room,1,70.0
Manhattan,Entire home/apt,30,514.0
Brooklyn,Private room,5,121.0
Manhattan,Private room,30,52.0
Brooklyn,Private room,30,90.0
Brooklyn,Entire home/apt,30,135.0
Brooklyn,Private room,30,107.0
Brooklyn,Private room,3,245.0
Staten Island,Private room,1,155.0
Brooklyn,Private room,30,150.0
Brooklyn,Private room,30,56.0
Brooklyn,Private room,2,158.0
Brooklyn,Private room,30,50.0
Brooklyn,Entire home/apt,30,105.0
Queens,Entire home/apt,30,113.0
Brooklyn,Entire home/apt,30,142.0
Brooklyn,Entire home/apt,30,92.0
Manhattan,Private room,30,85.0
Brooklyn,Entire home/apt,3,111.0
Brooklyn,Entire home/apt,30,204.0
Brooklyn,Private room,30,53.0
Manhattan,Private room,30,85.0
Queens,Private room,30,95.0
Brooklyn,Private room,4,161.0
Brooklyn,Entire home/apt,30,400.0
Brooklyn,Entire home/apt,30,78.0
Brooklyn,Entire home/apt,2,393.0
Brooklyn,Entire home/apt,30,120.0
Brooklyn,Private room,30,70.0
Brooklyn,Entire home/apt,30,99.0
Manhattan,Entire home/apt,30,150.0
Manhattan,Private room,30,51.0
Queens,Private room,2,57.0
Queens,Private room,30,94.0
Bronx,Entire home/apt,30,111.0
Manhattan,Private room,30,90.0
Brooklyn,Entire home/apt,30,101.0
Manhattan,Private room,3,182.0
Manhattan,Private room,30,225.0
Manhattan,Entire home/apt,30,325.0
Queens,Private room,30,75.0
Manhattan,Private room,30,200.0
Brooklyn,Entire home/apt,30,250.0
Manhattan,Private room,30,110.0
Bronx,Entire home/apt,30,90.0
Manhattan,Entire home/apt,30,199.0
Brooklyn,Private room,30,53.0
Brooklyn,Entire home/apt,30,144.0
Brooklyn,Private room,30,56.0
Brooklyn,Entire home/apt,30,288.0
Manhattan,Private room,4,228.0
Bronx,Entire home/apt,30,70.0
Manhattan,Private room,30,80.0
Bronx,Entire home/apt,30,120.0
Brooklyn,Entire home/apt,30,92.0
Manhattan,Entire home/apt,30,150.0
Queens,Private room,30,80.0
Manhattan,Entire home/apt,30,162.0
Brooklyn,Private room,30,70.0
Brooklyn,Private room,30,95.0
Brooklyn,Entire home/apt,31,150.0
Manhattan,Entire home/apt,30,90.0
Manhattan,Private room,30,74.0
Brooklyn,Entire home/apt,30,106.0
Queens,Entire home/apt,30,154.0
Queens,Entire home/apt,30,71.0
Brooklyn,Entire home/apt,30,90.0
Manhattan,Entire home/apt,30,161.0
Brooklyn,Private room,60,70.0
Manhattan,Entire home/apt,30,136.0
Queens,Private room,30,65.0
Manhattan,Private room,1,116.0
Queens,Private room,30,60.0
Queens,Private room,30,58.0
Queens,Private room,30,52.0
Bronx,Entire home/apt,30,108.0
Manhattan,Entire home/apt,30,250.0
Manhattan,Entire home/apt,3,214.0
Brooklyn,Private room,30,62.0
Brooklyn,Entire home/apt,30,140.0
Queens,Private room,5,100.0
Manhattan,Entire home/apt,2,622.0
Brooklyn,Private room,30,62.0
Manhattan,Private room,2,315.0
Manhattan,Entire home/apt,30,147.0
Queens,Entire home/apt,30,102.0
Brooklyn,Entire home/apt,30,99.0
Queens,Private room,3,92.0
Brooklyn,Entire home/apt,31,150.0
Brooklyn,Entire home/apt,30,125.0
Manhattan,Private room,5,97.0
Brooklyn,Private room,30,145.0
Manhattan,Entire home/apt,30,115.0
Brooklyn,Entire home/apt,30,69.0
Manhattan,Private room,30,64.0
Brooklyn,Private room,30,120.0
Brooklyn,Private room,30,70.0
Manhattan,Entire home/apt,30,90.0
Manhattan,Private room,30,93.0
Manhattan,Entire home/apt,30,100.0
Manhattan,Entire home/apt,30,110.0
Manhattan,Entire home/apt,30,120.0
Manhattan,Private room,30,360.0
Manhattan,Entire home/apt,30,100.0
Queens,Private room,30,90.0
Manhattan,Private room,2,225.0
Brooklyn,Private room,30,88.0
Brooklyn,Entire home/apt,30,116.0
Manhattan,Entire home/apt,30,345.0
Manhattan,Entire home/apt,30,185.0
Manhattan,Entire home/apt,30,190.0
Brooklyn,Private room,2,99.0
Brooklyn,Private room,30,67.0
Manhattan,Private room,30,70.0
Manhattan,Entire home/apt,30,100.0
Brooklyn,Entire home/apt,30,195.0
Brooklyn,Private room,30,75.0
Manhattan,Entire home/apt,5,372.0
Brooklyn,Entire home/apt,30,333.0
Brooklyn,Private room,30,62.0
Brooklyn,Private room,30,129.0
Brooklyn,Entire home/apt,30,294.0
Brooklyn,Private room,30,58.0
Queens,Private room,30,60.0
Queens,Private room,30,67.0
Brooklyn,Private room,30,76.0
Brooklyn,Private room,30,70.0
Brooklyn,Entire home/apt,30,99.0
Manhattan,Private room,30,75.0
Manhattan,Private room,30,61.0
Brooklyn,Entire home/apt,30,113.0
Brooklyn,Entire home/apt,30,90.0
Manhattan,Entire home/apt,30,220.0
Manhattan,Entire home/apt,30,194.0
Manhattan,Private room,30,88.0
Queens,Private room,30,150.0
Queens,Private room,30,99.0
Queens,Entire home/apt,40,100.0
Manhattan,Entire home/apt,30,89.0
Manhattan,Entire home/apt,30,132.0
Queens,Private room,30,85.0
Manhattan,Private room,30,102.0
Bronx,Private room,30,67.0
Manhattan,Entire home/apt,30,195.0
Brooklyn,Private room,2,153.0
Brooklyn,Private room,30,58.0
Brooklyn,Entire home/apt,30,145.0
Brooklyn,Private room,30,51.0
Bronx,Private room,1,120.0
Brooklyn,Entire home/apt,30,188.0
Manhattan,Private room,30,89.0
Manhattan,Private room,30,81.0
Brooklyn,Entire home/apt,30,185.0
Manhattan,Private room,30,85.0
Queens,Entire home/apt,30,149.0
Brooklyn,Private room,30,108.0
Queens,Entire home/apt,30,350.0
Queens,Entire home/apt,30,510.0
Brooklyn,Entire home/apt,30,151.0
Manhattan,Entire home/apt,30,95.0
Queens,Private room,30,85.0
Manhattan,Entire home/apt,30,395.0
Brooklyn,Entire home/apt,30,125.0
Manhattan,Private room,30,71.0
Queens,Private room,30,50.0
Queens,Private room,30,98.0
Manhattan,Entire home/apt,30,99.0
Manhattan,Entire home/apt,30,95.0
Queens,Private room,30,77.0
Brooklyn,Private room,2,164.0
Brooklyn,Private room,1,60.0
Manhattan,Entire home/apt,30,170.0
Brooklyn,Private room,2,114.0
Brooklyn,Entire home/apt,3,192.0
Brooklyn,Private room,1,100.0
Manhattan,Entire home/apt,2,299.0
Brooklyn,Entire home/apt,3,248.0
Brooklyn,Entire home/apt,3,302.0
Brooklyn,Entire home/apt,30,67.0
Queens,Private room,30,70.0
Brooklyn,Private room,30,169.0
Manhattan,Entire home/apt,30,140.0
Brooklyn,Private room,30,214.0
Manhattan,Entire home/apt,30,150.0
Brooklyn,Private room,30,158.0
Manhattan,Private room,30,199.0
Brooklyn,Private room,30,150.0
Brooklyn,Entire home/apt,3,210.0
Manhattan,Entire home/apt,30,140.0
Brooklyn,Entire home/apt,3,291.0
Brooklyn,Entire home/apt,3,286.0
Brooklyn,Entire home/apt,3,237.0
Brooklyn,Entire home/apt,3,210.0
Brooklyn,Entire home/apt,3,192.0
Brooklyn,Entire home/apt,3,297.0
Manhattan,Entire home/apt,30,102.0
Brooklyn,Entire home/apt,3,255.0
Brooklyn,Entire home/apt,3,347.0
Manhattan,Entire home/apt,30,275.0
Queens,Entire home/apt,4,209.0
Brooklyn,Private room,30,63.0
Brooklyn,Entire home/apt,3,302.0
Manhattan,Private room,1,216.0
Manhattan,Private room,1,785.0
Manhattan,Entire home/apt,30,120.0
Manhattan,Private room,30,81.0
Brooklyn,Entire home/apt,30,553.0
Brooklyn,Entire home/apt,30,125.0
Manhattan,Entire home/apt,30,120.0
Manhattan,Entire home/apt,30,250.0
Brooklyn,Entire home/apt,30,350.0
Staten Island,Entire home/apt,30,203.0
Manhattan,Private room,30,74.0
Brooklyn,Private room,30,122.0
Manhattan,Entire home/apt,45,105.0
Brooklyn,Entire home/apt,30,90.0
Brooklyn,Private room,2,106.0
Brooklyn,Private room,2,108.0
Brooklyn,Entire home/apt,30,157.0
Brooklyn,Shared room,3,122.0
Bronx,Private room,30,56.0
Brooklyn,Entire home/apt,30,73.0
Manhattan,Private room,30,90.0
Brooklyn,Entire home/apt,30,300.0
Brooklyn,Private room,2,86.0
Manhattan,Private room,30,65.0
Brooklyn,Private room,30,85.0
Manhattan,Private room,30,93.0
Manhattan,Entire home/apt,30,120.0
Manhattan,Entire home/apt,30,120.0
Queens,Entire home/apt,30,300.0
Manhattan,Private room,30,80.0
Manhattan,Entire home/apt,30,105.0
Manhattan,Entire home/apt,30,96.0
Brooklyn,Entire home/apt,30,150.0
Queens,Entire home/apt,30,105.0
Queens,Private room,30,65.0
Queens,Private room,30,65.0
Manhattan,Entire home/apt,30,175.0
Brooklyn,Private room,2,115.0
Manhattan,Entire home/apt,30,120.0
Staten Island,Private room,1,52.0
Manhattan,Entire home/apt,30,90.0
Manhattan,Entire home/apt,30,275.0
Queens,Private room,3,135.0
Brooklyn,Private room,3,105.0
Manhattan,Entire home/apt,30,100.0
Manhattan,Entire home/apt,30,115.0
Queens,Private room,30,69.0
Manhattan,Entire home/apt,30,395.0
Manhattan,Entire home/apt,30,252.0
Brooklyn,Entire home/apt,30,279.0
Brooklyn,Private room,30,50.0
Bronx,Entire home/apt,30,120.0
Brooklyn,Entire home/apt,3,311.0
Manhattan,Private room,30,72.0
Brooklyn,Entire home/apt,30,264.0
Manhattan,Private room,30,120.0
Manhattan,Entire home/apt,30,115.0
Manhattan,Entire home/apt,30,100.0
Manhattan,Private room,30,150.0
Queens,Private room,30,70.0
Brooklyn,Private room,5,159.0
Manhattan,Entire home/apt,30,275.0
Manhattan,Entire home/apt,60,125.0
Manhattan,Entire home/apt,30,165.0
Brooklyn,Shared room,2,256.0
Manhattan,Private room,3,123.0
Manhattan,Entire home/apt,30,110.0
Manhattan,Private room,30,80.0
Brooklyn,Private room,30,75.0
Brooklyn,Entire home/apt,30,175.0
Brooklyn,Entire home/apt,30,130.0
Manhattan,Entire home/apt,30,120.0
Manhattan,Entire home/apt,3,186.0
Manhattan,Private room,31,191.0
Brooklyn,Entire home/apt,30,95.0
Brooklyn,Entire home/apt,30,130.0
Brooklyn,Entire home/apt,30,117.0
Bronx,Entire home/apt,30,98.0
Brooklyn,Entire home/apt,30,195.0
Manhattan,Entire home/apt,30,232.0
Queens,Private room,30,107.0
Manhattan,Private room,30,97.0
Brooklyn,Entire home/apt,180,85.0
Manhattan,Entire home/apt,30,850.0
Brooklyn,Entire home/apt,30,71.0
Brooklyn,Private room,3,144.0
Brooklyn,Entire home/apt,30,250.0
Manhattan,Entire home/apt,30,104.0
Brooklyn,Entire home/apt,30,110.0
Queens,Entire home/apt,30,167.0
Brooklyn,Entire home/apt,30,98.0
Brooklyn,Entire home/apt,30,114.0
Brooklyn,Private room,30,55.0
Brooklyn,Entire home/apt,30,185.0
Brooklyn,Entire home/apt,30,145.0
Queens,Private room,2,75.0
Queens,Private room,3,185.0
Manhattan,Entire home/apt,30,135.0
Manhattan,Entire home/apt,30,130.0
Brooklyn,Private room,30,66.0
Manhattan,Entire home/apt,30,173.0
Brooklyn,Entire home/apt,30,88.0
Manhattan,Entire home/apt,30,95.0
Brooklyn,Private room,5,117.0
Manhattan,Entire home/apt,30,100.0
Manhattan,Entire home/apt,30,130.0
Manhattan,Entire home/apt,30,150.0
Queens,Private room,30,250.0
Queens,Entire home/apt,30,138.0
Queens,Entire home/apt,30,84.0
Manhattan,Entire home/apt,30,100.0
Brooklyn,Entire home/apt,30,350.0
Manhattan,Entire home/apt,30,170.0
Brooklyn,Private room,30,55.0
Manhattan,Entire home/apt,30,116.0
Queens,Entire home/apt,30,105.0
Manhattan,Entire home/apt,30,199.0
Manhattan,Entire home/apt,30,125.0
Manhattan,Entire home/apt,30,500.0
Brooklyn,Entire home/apt,30,85.0
Manhattan,Entire home/apt,30,225.0
Brooklyn,Entire home/apt,3,151.0
Brooklyn,Private room,30,85.0
Manhattan,Entire home/apt,30,148.0
Bronx,Entire home/apt,186,100.0
Manhattan,Entire home/apt,30,135.0
Brooklyn,Entire home/apt,30,200.0
Manhattan,Entire home/apt,30,209.0
Manhattan,Entire home/apt,30,150.0
Brooklyn,Entire home/apt,30,100.0
Manhattan,Entire home/apt,30,148.0
Brooklyn,Entire home/apt,30,109.0
Brooklyn,Entire home/apt,30,52.0
Brooklyn,Private room,30,129.0
Manhattan,Entire home/apt,30,165.0
Manhattan,Private room,3,153.0
Queens,Private room,30,74.0
Brooklyn,Private room,7,143.0
Brooklyn,Private room,4,225.0
Manhattan,Private room,30,117.0
Manhattan,Entire home/apt,30,106.0
Manhattan,Entire home/apt,30,329.0
Brooklyn,Entire home/apt,30,162.0
Manhattan,Entire home/apt,30,119.0
Brooklyn,Private room,30,295.0
Brooklyn,Entire home/apt,30,344.0
Manhattan,Entire home/apt,30,123.0
Manhattan,Entire home/apt,30,249.0
Manhattan,Private room,2,250.0
Queens,Entire home/apt,30,810.0
Manhattan,Entire home/apt,30,116.0
Queens,Entire home/apt,30,157.0
Manhattan,Entire home/apt,30,150.0
Brooklyn,Entire home/apt,30,285.0
Manhattan,Entire home/apt,30,175.0
Manhattan,Entire home/apt,30,190.0
Manhattan,Private room,30,100.0
Manhattan,Entire home/apt,30,115.0
Manhattan,Entire home/apt,30,111.0
Brooklyn,Entire home/apt,30,250.0
Manhattan,Entire home/apt,30,105.0
Manhattan,Entire home/apt,30,95.0
Queens,Private room,30,70.0
Queens,Entire home/apt,30,484.0
Queens,Private room,3,101.0
Manhattan,Entire home/apt,30,199.0
Manhattan,Entire home/apt,30,300.0
Queens,Entire home/apt,30,99.0
Manhattan,Entire home/apt,30,174.0
Brooklyn,Entire home/apt,30,185.0
Brooklyn,Entire home/apt,30,81.0
Manhattan,Entire home/apt,30,100.0
Manhattan,Entire home/apt,60,87.0
Manhattan,Private room,30,250.0
Brooklyn,Entire home/apt,30,175.0
Manhattan,Private room,30,119.0
Manhattan,Entire home/apt,30,150.0
Manhattan,Entire home/apt,30,110.0
Queens,Entire home/apt,30,107.0
Manhattan,Entire home/apt,30,180.0
Manhattan,Entire home/apt,30,126.0
Manhattan,Entire home/apt,30,980.0
Manhattan,Private room,30,65.0
Brooklyn,Entire home/apt,30,500.0
Queens,Private room,30,89.0
Manhattan,Entire home/apt,30,200.0
Manhattan,Entire home/apt,30,300.0
Manhattan,Entire home/apt,30,110.0
Manhattan,Private room,3,125.0
Brooklyn,Entire home/apt,30,104.0
Brooklyn,Entire home/apt,30,182.0
Queens,Entire home/apt,30,149.0
Manhattan,Private room,30,86.0
Manhattan,Entire home/apt,30,73.0
Manhattan,Entire home/apt,90,315.0
Manhattan,Entire home/apt,30,127.0
Queens,Private room,30,257.0
Manhattan,Entire home/apt,30,147.0
Manhattan,Entire home/apt,30,129.0
Brooklyn,Private room,30,150.0
Manhattan,Entire home/apt,30,93.0
Manhattan,Entire home/apt,30,300.0
Brooklyn,Entire home/apt,365,450.0
Brooklyn,Private room,1,143.0
Brooklyn,Entire home/apt,30,150.0
Brooklyn,Entire home/apt,30,105.0
Manhattan,Private room,30,246.0
Manhattan,Entire home/apt,30,253.0
Manhattan,Private room,30,50.0
Manhattan,Entire home/apt,30,200.0
Manhattan,Entire home/apt,30,100.0
Brooklyn,Entire home/apt,365,227.0
Brooklyn,Private room,30,165.0
Manhattan,Entire home/apt,30,409.0
Queens,Private room,30,123.0
Brooklyn,Private room,30,150.0
Bronx,Entire home/apt,2,164.0
Manhattan,Entire home/apt,30,136.0
Brooklyn,Entire home/apt,30,734.0
Manhattan,Private room,30,176.0
Manhattan,Entire home/apt,30,125.0
Manhattan,Entire home/apt,30,140.0
Brooklyn,Entire home/apt,3,101.0
Brooklyn,Private room,30,94.0
Manhattan,Entire home/apt,30,355.0
Brooklyn,Private room,30,109.0
Manhattan,Entire home/apt,30,185.0
Brooklyn,Private room,2,209.0
Manhattan,Private room,30,61.0
Manhattan,Entire home/apt,30,162.0
Brooklyn,Entire home/apt,30,195.0
Brooklyn,Entire home/apt,30,175.0
Queens,Entire home/apt,30,148.0
Brooklyn,Entire home/apt,90,221.0
Manhattan,Entire home/apt,30,783.0
Manhattan,Entire home/apt,30,650.0
Brooklyn,Entire home/apt,30,107.0
Brooklyn,Private room,30,125.0
Brooklyn,Entire home/apt,30,176.0
Queens,Entire home/apt,30,113.0
Manhattan,Entire home/apt,30,163.0
Manhattan,Entire home/apt,30,234.0
Manhattan,Entire home/apt,30,244.0
Manhattan,Entire home/apt,30,148.0
Brooklyn,Entire home/apt,30,175.0
Queens,Private room,30,62.0
Brooklyn,Private room,30,100.0
Manhattan,Entire home/apt,30,116.0
Manhattan,Entire home/apt,30,145.0
Manhattan,Entire home/apt,30,308.0
Brooklyn,Entire home/apt,5,147.0
Brooklyn,Private room,30,64.0
Staten Island,Private room,30,72.0
Queens,Entire home/apt,30,123.0
Brooklyn,Entire home/apt,30,68.0
Manhattan,Entire home/apt,30,114.0
Brooklyn,Private room,30,80.0
Manhattan,Private room,5,86.0
Manhattan,Entire home/apt,30,120.0
Manhattan,Private room,30,192.0
Brooklyn,Entire home/apt,30,200.0
Manhattan,Entire home/apt,30,180.0
Manhattan,Entire home/apt,30,248.0
Manhattan,Entire home/apt,30,86.0
Brooklyn,Entire home/apt,30,69.0
Brooklyn,Private room,30,59.0
Queens,Entire home/apt,30,106.0
Manhattan,Private room,30,70.0
Manhattan,Entire home/apt,30,499.0
Manhattan,Entire home/apt,30,110.0
Brooklyn,Private room,30,100.0
Brooklyn,Private room,3,138.0
Manhattan,Entire home/apt,30,130.0
Manhattan,Entire home/apt,3,219.0
Manhattan,Entire home/apt,3,222.0
Queens,Entire home/apt,30,80.0
Manhattan,Entire home/apt,30,185.0
Queens,Entire home/apt,30,125.0
Brooklyn,Entire home/apt,30,135.0
Queens,Entire home/apt,30,130.0
Manhattan,Entire home/apt,30,160.0
Brooklyn,Entire home/apt,30,150.0
Brooklyn,Entire home/apt,30,161.0
Brooklyn,Private room,2,131.0
Brooklyn,Private room,4,185.0
Brooklyn,Entire home/apt,30,125.0
Brooklyn,Entire home/apt,30,110.0
Manhattan,Private room,30,200.0
Brooklyn,Entire home/apt,30,200.0
Brooklyn,Private room,30,76.0
Brooklyn,Private room,30,72.0
Brooklyn,Private room,30,118.0
Manhattan,Entire home/apt,30,125.0
Manhattan,Entire home/apt,30,238.0
Brooklyn,Entire home/apt,30,226.0
Manhattan,Private room,30,159.0
Brooklyn,Entire home/apt,30,220.0
Manhattan,Private room,30,154.0
Brooklyn,Private room,30,91.0
Brooklyn,Entire home/apt,30,250.0
Brooklyn,Entire home/apt,3,205.0
Manhattan,Entire home/apt,30,126.0
Manhattan,Entire home/apt,30,108.0
Manhattan,Entire home/apt,30,171.0
Manhattan,Private room,30,65.0
Manhattan,Entire home/apt,30,105.0
Brooklyn,Private room,30,95.0
Brooklyn,Private room,30,77.0
Staten Island,Private room,30,139.0
Brooklyn,Entire home/apt,30,88.0
Brooklyn,Private room,30,130.0
Manhattan,Entire home/apt,30,162.0
Brooklyn,Private room,30,237.0
Manhattan,Entire home/apt,30,117.0
Queens,Entire home/apt,30,128.0
Brooklyn,Entire home/apt,2,212.0
Brooklyn,Private room,30,70.0
Manhattan,Entire home/apt,30,210.0
Brooklyn,Entire home/apt,30,190.0
Manhattan,Entire home/apt,30,194.0
Brooklyn,Entire home/apt,40,359.0
Manhattan,Entire home/apt,30,76.0
Queens,Entire home/apt,30,130.0
Brooklyn,Entire home/apt,30,135.0
Brooklyn,Entire home/apt,30,236.0
Manhattan,Entire home/apt,4,200.0
Manhattan,Private room,30,77.0
Brooklyn,Entire home/apt,1,149.0
Brooklyn,Entire home/apt,30,250.0
Manhattan,Private room,30,94.0
Manhattan,Private room,3,170.0
Manhattan,Entire home/apt,30,182.0
Bronx,Private room,2,135.0
Queens,Entire home/apt,30,213.0
Manhattan,Entire home/apt,30,125.0
Manhattan,Entire home/apt,30,285.0
Queens,Private room,30,75.0
Bronx,Private room,30,77.0
Queens,Entire home/apt,30,113.0
Brooklyn,Entire home/apt,2,130.0
Brooklyn,Entire home/apt,30,215.0
Manhattan,Entire home/apt,30,99.0
Manhattan,Private room,30,70.0
Brooklyn,Private room,30,62.0
Bronx,Entire home/apt,30,400.0
Manhattan,Entire home/apt,30,255.0
Manhattan,Entire home/apt,30,189.0
Manhattan,Entire home/apt,30,164.0
Queens,Private room,2,86.0
Manhattan,Entire home/apt,30,197.0
Brooklyn,Private room,30,95.0
Manhattan,Entire home/apt,30,990.0
Manhattan,Entire home/apt,30,279.0
Manhattan,Private room,30,76.0
Manhattan,Private room,3,128.0
Manhattan,Entire home/apt,30,148.0
Brooklyn,Entire home/apt,30,129.0
Brooklyn,Private room,2,125.0
Manhattan,Entire home/apt,30,171.0
Brooklyn,Entire home/apt,30,238.0
Manhattan,Entire home/apt,30,100.0
Brooklyn,Entire home/apt,30,62.0
Brooklyn,Entire home/apt,2,139.0
Manhattan,Entire home/apt,30,185.0
Brooklyn,Entire home/apt,2,286.0
Manhattan,Entire home/apt,30,101.0
Queens,Entire home/apt,30,550.0
Bronx,Private room,30,65.0
Manhattan,Entire home/apt,30,125.0
Manhattan,Entire home/apt,30,350.0
Manhattan,Private room,3,89.0
Brooklyn,Entire home/apt,30,89.0
Manhattan,Entire home/apt,30,581.0
Queens,Private room,30,85.0
Brooklyn,Private room,4,135.0
Brooklyn,Private room,30,65.0
Manhattan,Shared room,30,117.0
Manhattan,Entire home/apt,30,76.0
Queens,Entire home/apt,30,121.0
Brooklyn,Private room,1,85.0
Manhattan,Entire home/apt,30,184.0
Brooklyn,Private room,3,75.0
Queens,Private room,30,60.0
Brooklyn,Entire home/apt,30,139.0
Brooklyn,Entire home/apt,30,98.0
Manhattan,Private room,30,260.0
Brooklyn,Entire home/apt,30,135.0
Manhattan,Private room,30,72.0
Manhattan,Private room,30,182.0
Brooklyn,Private room,2,128.0
Queens,Entire home/apt,30,150.0
Queens,Entire home/apt,2,150.0
Brooklyn,Entire home/apt,30,98.0
Brooklyn,Entire home/apt,30,224.0
Manhattan,Entire home/apt,30,183.0
Queens,Entire home/apt,3,164.0
Queens,Private room,30,122.0
Brooklyn,Private room,5,190.0
Queens,Private room,30,115.0
Brooklyn,Private room,30,80.0
Brooklyn,Private room,30,62.0
Brooklyn,Private room,30,118.0
Brooklyn,Entire home/apt,30,148.0
Queens,Private room,30,96.0
Queens,Entire home/apt,30,108.0
Brooklyn,Private room,30,63.0
Brooklyn,Private room,30,100.0
Brooklyn,Private room,5,164.0
Brooklyn,Entire home/apt,30,225.0
Manhattan,Entire home/apt,30,329.0
Brooklyn,Entire home/apt,30,169.0
Manhattan,Entire home/apt,30,253.0
Manhattan,Entire home/apt,30,75.0
Manhattan,Entire home/apt,30,250.0
Manhattan,Entire home/apt,30,181.0
Brooklyn,Entire home/apt,30,175.0
Brooklyn,Private room,2,141.0
Queens,Private room,1,90.0
Manhattan,Entire home/apt,30,426.0
Brooklyn,Entire home/apt,30,175.0
Queens,Private room,30,64.0
Manhattan,Entire home/apt,30,210.0
Brooklyn,Entire home/apt,30,174.0
Queens,Private room,30,56.0
Queens,Private room,30,65.0
Brooklyn,Private room,30,68.0
Queens,Private room,4,214.0
Queens,Entire home/apt,30,80.0
Manhattan,Entire home/apt,30,100.0
Manhattan,Entire home/apt,70,180.0
Brooklyn,Private room,1,154.0
Brooklyn,Entire home/apt,30,233.0
Brooklyn,Private room,30,150.0
Manhattan,Entire home/apt,30,110.0
Brooklyn,Entire home/apt,30,150.0
Brooklyn,Entire home/apt,30,500.0
Manhattan,Entire home/apt,30,125.0
Queens,Private room,30,56.0
Brooklyn,Private room,3,143.0
Manhattan,Entire home/apt,30,108.0
Brooklyn,Private room,30,61.0
Queens,Private room,30,69.0
Queens,Entire home/apt,30,95.0
Brooklyn,Private room,2,108.0
Manhattan,Private room,30,95.0
Queens,Entire home/apt,30,117.0
Manhattan,Entire home/apt,31,150.0
Manhattan,Entire home/apt,30,150.0
Brooklyn,Private room,30,76.0
Staten Island,Entire home/apt,30,86.0
Brooklyn,Entire home/apt,30,350.0
Brooklyn,Private room,30,70.0
Brooklyn,Private room,1,63.0
Brooklyn,Private room,30,80.0
Queens,Entire home/apt,30,180.0
Brooklyn,Entire home/apt,30,78.0
Brooklyn,Private room,30,50.0
Manhattan,Entire home/apt,30,238.0
Brooklyn,Private room,3,173.0
Manhattan,Entire home/apt,30,125.0
Manhattan,Private room,30,107.0
Queens,Entire home/apt,30,162.0
Queens,Entire home/apt,30,136.0
Bronx,Entire home/apt,30,302.0
Manhattan,Private room,2,108.0
Brooklyn,Private room,30,62.0
Brooklyn,Private room,3,195.0
Manhattan,Entire home/apt,30,141.0
Brooklyn,Private room,2,89.0
Manhattan,Private room,30,79.0
Manhattan,Private room,30,138.0
Manhattan,Private room,4,76.0
Manhattan,Entire home/apt,30,135.0
Brooklyn,Private room,3,113.0
Brooklyn,Private room,3,84.0
Brooklyn,Entire home/apt,30,180.0
Brooklyn,Private room,1,86.0
Manhattan,Entire home/apt,30,252.0
Brooklyn,Private room,30,65.0
Queens,Private room,1,124.0
Manhattan,Private room,30,125.0
Brooklyn,Private room,3,81.0
Brooklyn,Private room,3,110.0
Manhattan,Entire home/apt,30,160.0
Brooklyn,Private room,30,78.0
Manhattan,Private room,30,80.0
Staten Island,Entire home/apt,30,119.0
Queens,Entire home/apt,30,166.0
Brooklyn,Private room,30,52.0
Manhattan,Private room,120,130.0
Brooklyn,Private room,3,144.0
Brooklyn,Entire home/apt,30,67.0
Manhattan,Entire home/apt,30,218.0
Queens,Entire home/apt,30,300.0
Manhattan,Entire home/apt,3,239.0
Manhattan,Entire home/apt,30,160.0
Manhattan,Entire home/apt,200,111.0
Manhattan,Entire home/apt,30,125.0
Manhattan,Private room,30,94.0
Brooklyn,Entire home/apt,30,264.0
Brooklyn,Private room,2,144.0
Brooklyn,Private room,30,67.0
Manhattan,Entire home/apt,30,468.0
Manhattan,Entire home/apt,3,580.0
Brooklyn,Entire home/apt,30,135.0
Manhattan,Entire home/apt,30,350.0
Queens,Private room,30,60.0
Bronx,Private room,30,61.0
Manhattan,Entire home/apt,30,1000.0
Manhattan,Entire home/apt,180,599.0
Queens,Private room,30,83.0
Manhattan,Entire home/apt,30,900.0
Manhattan,Entire home/apt,30,188.0
Manhattan,Private room,2,275.0
Manhattan,Entire home/apt,30,112.0
Brooklyn,Entire home/apt,30,120.0
Brooklyn,Private room,30,305.0
Brooklyn,Entire home/apt,30,200.0
Brooklyn,Entire home/apt,30,89.0
Queens,Private room,30,121.0
Brooklyn,Private room,30,76.0
Manhattan,Entire home/apt,30,110.0
Brooklyn,Private room,30,270.0
Manhattan,Entire home/apt,30,189.0
Queens,Private room,30,65.0
Manhattan,Private room,30,64.0
Brooklyn,Entire home/apt,30,228.0
Brooklyn,Entire home/apt,30,85.0
Brooklyn,Entire home/apt,30,294.0
Brooklyn,Entire home/apt,1,196.0
Brooklyn,Private room,3,89.0
Queens,Private room,30,67.0
Manhattan,Private room,30,276.0
Manhattan,Entire home/apt,30,130.0
Queens,Entire home/apt,30,100.0
Brooklyn,Entire home/apt,30,110.0
Brooklyn,Private room,2,132.0
Manhattan,Entire home/apt,30,140.0
Brooklyn,Entire home/apt,30,181.0
Brooklyn,Private room,30,150.0
Manhattan,Entire home/apt,3,269.0
Brooklyn,Entire home/apt,60,701.0
Brooklyn,Private room,30,50.0
Brooklyn,Private room,2,209.0
Brooklyn,Entire home/apt,30,80.0
Brooklyn,Entire home/apt,30,250.0
Manhattan,Entire home/apt,30,100.0
Brooklyn,Private room,4,99.0
Brooklyn,Private room,30,113.0
Manhattan,Entire home/apt,30,100.0
Manhattan,Private room,30,71.0
Manhattan,Private room,30,292.0
Brooklyn,Private room,30,99.0
Queens,Entire home/apt,30,89.0
Bronx,Entire home/apt,30,95.0
Manhattan,Entire home/apt,30,299.0
Brooklyn,Entire home/apt,30,320.0
Manhattan,Entire home/apt,1,150.0
Manhattan,Entire home/apt,30,125.0
Manhattan,Entire home/apt,30,278.0
Manhattan,Entire home/apt,30,91.0
Manhattan,Entire home/apt,30,83.0
Manhattan,Private room,30,99.0
Brooklyn,Private room,2,120.0
Queens,Private room,30,54.0
Queens,Entire home/apt,30,84.0
Queens,Entire home/apt,30,84.0
Manhattan,Entire home/apt,30,117.0
Brooklyn,Private room,30,50.0
Manhattan,Entire home/apt,30,275.0
Brooklyn,Entire home/apt,30,175.0
Queens,Private room,30,67.0
Manhattan,Entire home/apt,30,261.0
Manhattan,Entire home/apt,30,213.0
Brooklyn,Entire home/apt,30,155.0
Manhattan,Private room,30,139.0
Brooklyn,Private room,1,68.0
Brooklyn,Private room,1,183.0
Manhattan,Private room,31,132.0
Manhattan,Entire home/apt,30,76.0
Manhattan,Private room,30,74.0
Brooklyn,Private room,2,225.0
Manhattan,Entire home/apt,30,109.0
Brooklyn,Entire home/apt,30,323.0
Manhattan,Private room,30,136.0
Queens,Entire home/apt,30,125.0
Queens,Private room,30,78.0
Queens,Private room,30,111.0
Manhattan,Private room,4,120.0
Manhattan,Private room,30,200.0
Manhattan,Entire home/apt,30,80.0
Queens,Entire home/apt,30,300.0
Queens,Private room,30,85.0
Queens,Private room,30,224.0
Brooklyn,Entire home/apt,30,181.0
Brooklyn,Entire home/apt,30,131.0
Manhattan,Entire home/apt,30,150.0
Manhattan,Entire home/apt,30,118.0
Brooklyn,Entire home/apt,30,328.0
Brooklyn,Entire home/apt,30,120.0
Manhattan,Shared room,30,106.0
Manhattan,Entire home/apt,30,349.0
Brooklyn,Entire home/apt,30,138.0
Brooklyn,Entire home/apt,30,195.0
Brooklyn,Entire home/apt,30,159.0
Manhattan,Entire home/apt,30,187.0
Manhattan,Entire home/apt,30,238.0
Queens,Entire home/apt,30,270.0
Brooklyn,Private room,30,74.0
Queens,Private room,30,116.0
Manhattan,Private room,6,110.0
Brooklyn,Private room,30,151.0
Brooklyn,Entire home/apt,59,165.0
Manhattan,Entire home/apt,30,274.0
Queens,Entire home/apt,30,120.0
Brooklyn,Private room,2,207.0
Brooklyn,Entire home/apt,3,182.0
Brooklyn,Entire home/apt,30,203.0
Brooklyn,Private room,4,120.0
Manhattan,Entire home/apt,30,115.0
Brooklyn,Entire home/apt,30,65.0
Manhattan,Private room,30,112.0
Manhattan,Entire home/apt,30,170.0
Brooklyn,Private room,30,75.0
Queens,Private room,30,140.0
Manhattan,Private room,3,90.0
Manhattan,Entire home/apt,90,79.0
Staten Island,Private room,30,347.0
Brooklyn,Entire home/apt,30,144.0
Bronx,Private room,30,61.0
Brooklyn,Entire home/apt,30,250.0
Brooklyn,Entire home/apt,30,351.0
Brooklyn,Entire home/apt,30,180.0
Brooklyn,Entire home/apt,30,180.0
Brooklyn,Private room,42,69.0
Queens,Entire home/apt,30,135.0
Manhattan,Entire home/apt,30,371.0
Manhattan,Entire home/apt,30,361.0
Brooklyn,Entire home/apt,30,237.0
Brooklyn,Private room,30,67.0
Brooklyn,Entire home/apt,30,1000.0
Queens,Private room,30,76.0
Brooklyn,Private room,30,250.0
Brooklyn,Entire home/apt,30,110.0
Brooklyn,Private room,3,140.0
Brooklyn,Private room,3,150.0
Manhattan,Entire home/apt,30,180.0
Manhattan,Entire home/apt,4,261.0
Manhattan,Private room,30,50.0
Manhattan,Entire home/apt,90,155.0
Brooklyn,Private room,3,80.0
Brooklyn,Private room,30,80.0
Brooklyn,Private room,30,73.0
Manhattan,Entire home/apt,30,125.0
Manhattan,Entire home/apt,30,106.0
Brooklyn,Entire home/apt,30,215.0
Brooklyn,Private room,30,190.0
Manhattan,Entire home/apt,30,128.0
Manhattan,Private room,37,52.0
Brooklyn,Entire home/apt,30,87.0
Brooklyn,Entire home/apt,30,239.0
Brooklyn,Entire home/apt,30,250.0
Manhattan,Private room,30,84.0
Manhattan,Private room,30,120.0
Brooklyn,Private room,30,90.0
Brooklyn,Entire home/apt,7,193.0
Brooklyn,Private room,30,67.0
Manhattan,Private room,30,87.0
Brooklyn,Entire home/apt,30,150.0
Brooklyn,Entire home/apt,30,82.0
Manhattan,Entire home/apt,30,600.0
Brooklyn,Entire home/apt,30,175.0
Manhattan,Entire home/apt,30,100.0
Manhattan,Entire home/apt,30,450.0
Manhattan,Entire home/apt,30,247.0
Queens,Private room,30,70.0
Brooklyn,Entire home/apt,30,127.0
Manhattan,Private room,1,178.0
Brooklyn,Private room,3,284.0
Queens,Entire home/apt,30,68.0
Manhattan,Entire home/apt,60,120.0
Manhattan,Entire home/apt,30,119.0
Brooklyn,Private room,30,52.0
Brooklyn,Entire home/apt,3,283.0
Manhattan,Entire home/apt,30,170.0
Manhattan,Entire home/apt,30,109.0
Brooklyn,Entire home/apt,30,191.0
Manhattan,Entire home/apt,30,160.0
Staten Island,Entire home/apt,30,64.0
Brooklyn,Entire home/apt,30,280.0
Manhattan,Entire home/apt,30,736.0
Brooklyn,Private room,30,120.0
Queens,Private room,365,161.0
Manhattan,Entire home/apt,45,300.0
Queens,Entire home/apt,30,170.0
Queens,Entire home/apt,30,145.0
Manhattan,Entire home/apt,30,150.0
Manhattan,Private room,30,190.0
Manhattan,Private room,1,203.0
Brooklyn,Private room,30,111.0
Manhattan,Private room,30,111.0
Brooklyn,Entire home/apt,46,190.0
Queens,Private room,5,99.0
Manhattan,Entire home/apt,30,125.0
Brooklyn,Private room,30,59.0
Brooklyn,Private room,30,110.0
Brooklyn,Entire home/apt,30,127.0
Queens,Private room,4,299.0
Bronx,Private room,30,200.0
Queens,Private room,30,102.0
Brooklyn,Entire home/apt,30,135.0
Queens,Private room,4,349.0
Manhattan,Entire home/apt,30,105.0
Brooklyn,Entire home/apt,30,216.0
Queens,Private room,30,51.0
Manhattan,Private room,1,249.0
Manhattan,Private room,30,120.0
Manhattan,Entire home/apt,31,146.0
Manhattan,Private room,1,296.0
Manhattan,Entire home/apt,30,160.0
Brooklyn,Private room,30,95.0
Brooklyn,Entire home/apt,30,192.0
Queens,Private room,30,90.0
Brooklyn,Private room,30,76.0
Brooklyn,Private room,2,98.0
Manhattan,Entire home/apt,30,150.0
Brooklyn,Entire home/apt,30,1000.0
Brooklyn,Entire home/apt,30,152.0
Manhattan,Entire home/apt,30,170.0
Brooklyn,Entire home/apt,30,257.0
Manhattan,Entire home/apt,30,209.0
Manhattan,Entire home/apt,30,125.0
Bronx,Private room,30,63.0
Brooklyn,Entire home/apt,30,194.0
Brooklyn,Entire home/apt,30,97.0
Brooklyn,Private room,42,76.0
Brooklyn,Entire home/apt,30,106.0
Brooklyn,Private room,30,59.0
Manhattan,Private room,1,283.0
Staten Island,Entire home/apt,30,135.0
Manhattan,Entire home/apt,30,150.0
Manhattan,Entire home/apt,30,139.0
Manhattan,Entire home/apt,30,220.0
Manhattan,Private room,3,248.0
Brooklyn,Entire home/apt,30,95.0
Brooklyn,Private room,1,52.0
Manhattan,Entire home/apt,30,110.0
Manhattan,Entire home/apt,40,140.0
Brooklyn,Entire home/apt,31,90.0
Queens,Private room,30,77.0
Queens,Private room,30,75.0
Brooklyn,Entire home/apt,2,162.0
Bronx,Private room,30,54.0
Manhattan,Entire home/apt,30,289.0
Manhattan,Entire home/apt,30,164.0
Queens,Entire home/apt,30,74.0
Queens,Entire home/apt,30,142.0
Brooklyn,Private room,31,110.0
Brooklyn,Private room,5,180.0
Manhattan,Private room,2,105.0
Bronx,Private room,30,61.0
Manhattan,Entire home/apt,30,110.0
Brooklyn,Entire home/apt,30,109.0
Manhattan,Hotel room,1,178.0
Queens,Private room,30,54.0
Manhattan,Entire home/apt,365,150.0
Brooklyn,Private room,31,51.0
Manhattan,Private room,1,178.0
Manhattan,Entire home/apt,30,119.0
Manhattan,Entire home/apt,30,98.0
Manhattan,Private room,30,80.0
Brooklyn,Private room,30,64.0
Brooklyn,Entire home/apt,4,523.0
Manhattan,Private room,1,91.0
Brooklyn,Entire home/apt,30,109.0
Bronx,Entire home/apt,30,118.0
Bronx,Entire home/apt,30,181.0
Queens,Entire home/apt,30,68.0
Manhattan,Entire home/apt,30,100.0
Manhattan,Entire home/apt,30,188.0
Queens,Private room,1,98.0
Manhattan,Entire home/apt,30,103.0
Manhattan,Entire home/apt,30,315.0
Brooklyn,Entire home/apt,30,179.0
Manhattan,Entire home/apt,30,946.0
Bronx,Private room,30,150.0
Bronx,Entire home/apt,30,184.0
Bronx,Entire home/apt,30,97.0
Brooklyn,Private room,2,157.0
Brooklyn,Entire home/apt,1,183.0
Manhattan,Entire home/apt,5,497.0
Brooklyn,Private room,30,97.0
Manhattan,Entire home/apt,30,115.0
Manhattan,Private room,30,67.0
Manhattan,Entire home/apt,30,117.0
Brooklyn,Entire home/apt,30,95.0
Brooklyn,Entire home/apt,2,245.0
Manhattan,Entire home/apt,30,725.0
Manhattan,Private room,30,225.0
Brooklyn,Private room,1,123.0
Manhattan,Entire home/apt,30,130.0
Manhattan,Entire home/apt,30,134.0
Brooklyn,Private room,5,163.0
Brooklyn,Entire home/apt,30,140.0
Queens,Private room,30,96.0
Manhattan,Private room,3,310.0
Bronx,Private room,30,65.0
Manhattan,Private room,30,100.0
Manhattan,Entire home/apt,30,236.0
Manhattan,Entire home/apt,30,225.0
Manhattan,Entire home/apt,30,115.0
Manhattan,Entire home/apt,35,95.0
Manhattan,Entire home/apt,30,240.0
Brooklyn,Entire home/apt,30,1000.0
Brooklyn,Entire home/apt,30,153.0
Manhattan,Private room,30,50.0
Queens,Private room,30,50.0
Manhattan,Entire home/apt,30,350.0
Manhattan,Private room,30,105.0
Brooklyn,Private room,30,90.0
Brooklyn,Entire home/apt,30,187.0
Brooklyn,Entire home/apt,5,160.0
Brooklyn,Private room,30,89.0
Brooklyn,Private room,30,65.0
Staten Island,Private room,30,80.0
Queens,Private room,30,55.0
Manhattan,Private room,30,60.0
Brooklyn,Entire home/apt,30,150.0
Brooklyn,Entire home/apt,30,362.0
Manhattan,Entire home/apt,30,295.0
Manhattan,Entire home/apt,45,113.0
Manhattan,Entire home/apt,30,135.0
Brooklyn,Entire home/apt,31,90.0
Brooklyn,Entire home/apt,3,247.0
Brooklyn,Entire home/apt,30,350.0
Brooklyn,Private room,14,90.0
Manhattan,Private room,30,375.0
Bronx,Entire home/apt,2,325.0
Manhattan,Entire home/apt,30,176.0
Brooklyn,Entire home/apt,1,135.0
Brooklyn,Entire home/apt,1,135.0
Manhattan,Private room,30,71.0
Manhattan,Entire home/apt,30,102.0
Manhattan,Entire home/apt,30,100.0
Manhattan,Entire home/apt,30,100.0
Queens,Private room,30,50.0
Brooklyn,Entire home/apt,30,100.0
Brooklyn,Entire home/apt,30,117.0
Queens,Private room,30,68.0
Queens,Private room,4,92.0
Manhattan,Private room,30,55.0
Brooklyn,Entire home/apt,30,143.0
Manhattan,Entire home/apt,30,189.0
Brooklyn,Private room,30,67.0
Brooklyn,Private room,30,150.0
Manhattan,Private room,30,108.0
Brooklyn,Entire home/apt,30,270.0
Queens,Private room,1,77.0
Manhattan,Entire home/apt,30,250.0
Brooklyn,Entire home/apt,30,111.0
Brooklyn,Entire home/apt,30,165.0
Manhattan,Entire home/apt,30,135.0
Manhattan,Private room,30,140.0
Bronx,Private room,30,90.0
Brooklyn,Private room,30,57.0
Brooklyn,Entire home/apt,30,208.0
Manhattan,Entire home/apt,30,137.0
Queens,Private room,30,68.0
Brooklyn,Entire home/apt,3,250.0
Manhattan,Entire home/apt,30,120.0
Manhattan,Entire home/apt,30,137.0
Brooklyn,Private room,30,149.0
Manhattan,Entire home/apt,30,130.0
Manhattan,Entire home/apt,30,179.0
Bronx,Private room,30,50.0
Queens,Entire home/apt,1,186.0
Manhattan,Entire home/apt,30,137.0
Manhattan,Entire home/apt,30,120.0
Manhattan,Entire home/apt,30,90.0
Brooklyn,Private room,30,94.0
Brooklyn,Private room,30,75.0
Manhattan,Private room,30,79.0
Brooklyn,Private room,2,133.0
Brooklyn,Private room,30,75.0
Queens,Entire home/apt,30,166.0
Brooklyn,Entire home/apt,30,149.0
Brooklyn,Private room,30,50.0
Brooklyn,Private room,3,138.0
Manhattan,Entire home/apt,30,139.0
Brooklyn,Private room,30,80.0
Brooklyn,Entire home/apt,31,339.0
Bronx,Private room,30,90.0
Manhattan,Entire home/apt,30,107.0
Brooklyn,Private room,30,163.0
Manhattan,Entire home/apt,30,160.0
Brooklyn,Entire home/apt,180,92.0
Manhattan,Private room,30,69.0
Brooklyn,Private room,30,100.0
Staten Island,Entire home/apt,30,90.0
Brooklyn,Entire home/apt,30,103.0
Queens,Private room,30,62.0
Manhattan,Hotel room,30,180.0
Brooklyn,Entire home/apt,2,198.0
Brooklyn,Entire home/apt,1,529.0
Brooklyn,Entire home/apt,30,70.0
Manhattan,Entire home/apt,30,373.0
Manhattan,Entire home/apt,30,99.0
Manhattan,Private room,30,125.0
Brooklyn,Private room,30,55.0
Brooklyn,Private room,30,166.0
Brooklyn,Entire home/apt,30,95.0
Manhattan,Entire home/apt,30,220.0
Brooklyn,Entire home/apt,30,742.0
Brooklyn,Private room,30,85.0
Brooklyn,Private room,1,269.0
Brooklyn,Private room,30,59.0
Queens,Entire home/apt,30,96.0
Queens,Entire home/apt,30,175.0
Queens,Entire home/apt,30,114.0
Queens,Entire home/apt,30,251.0
Queens,Private room,2,180.0
Brooklyn,Entire home/apt,30,110.0
Manhattan,Private room,30,108.0
Brooklyn,Entire home/apt,30,95.0
Brooklyn,Entire home/apt,1,299.0
Queens,Entire home/apt,31,78.0
Manhattan,Entire home/apt,30,150.0
Manhattan,Entire home/apt,30,160.0
Manhattan,Entire home/apt,30,160.0
Manhattan,Entire home/apt,30,120.0
Manhattan,Private room,30,135.0
Manhattan,Private room,30,54.0
Manhattan,Entire home/apt,30,195.0
Manhattan,Entire home/apt,30,299.0
Manhattan,Entire home/apt,30,111.0
Brooklyn,Entire home/apt,30,675.0
Brooklyn,Entire home/apt,30,100.0
Manhattan,Private room,30,75.0
Brooklyn,Entire home/apt,30,356.0
Manhattan,Entire home/apt,30,160.0
Manhattan,Entire home/apt,30,160.0
Manhattan,Entire home/apt,30,250.0
Manhattan,Private room,360,128.0
Manhattan,Entire home/apt,30,120.0
Brooklyn,Entire home/apt,30,88.0
Manhattan,Entire home/apt,30,221.0
Queens,Private room,30,188.0
Queens,Private room,30,185.0
Brooklyn,Entire home/apt,30,200.0
Queens,Entire home/apt,30,199.0
Queens,Entire home/apt,30,164.0
Brooklyn,Entire home/apt,30,294.0
Manhattan,Entire home/apt,30,120.0
Manhattan,Entire home/apt,30,160.0
Brooklyn,Private room,30,75.0
Queens,Entire home/apt,30,289.0
Brooklyn,Private room,6,105.0
Manhattan,Entire home/apt,30,137.0
Queens,Private room,30,95.0
Brooklyn,Entire home/apt,30,144.0
Manhattan,Entire home/apt,30,100.0
Manhattan,Entire home/apt,365,850.0
Brooklyn,Private room,31,79.0
Queens,Entire home/apt,30,76.0
Manhattan,Entire home/apt,30,144.0
Brooklyn,Entire home/apt,30,109.0
Brooklyn,Entire home/apt,30,79.0
Brooklyn,Private room,2,231.0
Manhattan,Entire home/apt,30,135.0
Manhattan,Entire home/apt,90,205.0
Manhattan,Entire home/apt,30,103.0
Manhattan,Private room,30,100.0
Bronx,Private room,30,50.0
Queens,Entire home/apt,3,154.0
Queens,Private room,30,50.0
Manhattan,Entire home/apt,30,137.0
Brooklyn,Private room,30,60.0
Manhattan,Private room,30,55.0
Manhattan,Entire home/apt,30,189.0
Queens,Entire home/apt,30,251.0
Manhattan,Entire home/apt,30,110.0
Queens,Entire home/apt,2,289.0
Brooklyn,Entire home/apt,90,185.0
Brooklyn,Private room,30,200.0
Brooklyn,Private room,30,90.0
Brooklyn,Entire home/apt,30,400.0
Manhattan,Entire home/apt,30,230.0
Brooklyn,Private room,30,135.0
Brooklyn,Private room,30,75.0
Manhattan,Entire home/apt,30,250.0
Brooklyn,Entire home/apt,30,132.0
Brooklyn,Entire home/apt,2,614.0
Manhattan,Entire home/apt,30,180.0
Manhattan,Entire home/apt,30,160.0
Manhattan,Entire home/apt,30,700.0
Brooklyn,Entire home/apt,30,115.0
Queens,Entire home/apt,30,90.0
Staten Island,Private room,30,112.0
Manhattan,Private room,30,350.0
Staten Island,Entire home/apt,30,95.0
Manhattan,Entire home/apt,30,125.0
Queens,Private room,30,65.0
Manhattan,Entire home/apt,30,290.0
Brooklyn,Entire home/apt,30,95.0
Manhattan,Private room,30,85.0
Queens,Private room,30,59.0
Queens,Private room,30,60.0
Manhattan,Entire home/apt,30,120.0
Manhattan,Entire home/apt,30,140.0
Manhattan,Entire home/apt,30,130.0
Queens,Private room,30,135.0
Manhattan,Entire home/apt,30,110.0
Manhattan,Private room,30,135.0
Brooklyn,Entire home/apt,30,79.0
Brooklyn,Entire home/apt,30,105.0
Queens,Entire home/apt,30,299.0
Manhattan,Entire home/apt,30,150.0
Brooklyn,Entire home/apt,30,113.0
Queens,Private room,30,57.0
Manhattan,Private room,30,63.0
Brooklyn,Private room,30,58.0
Manhattan,Entire home/apt,30,131.0
Brooklyn,Private room,2,53.0
Brooklyn,Entire home/apt,30,571.0
Manhattan,Private room,30,115.0
Manhattan,Entire home/apt,90,250.0
Queens,Private room,30,121.0
Staten Island,Entire home/apt,30,600.0
Manhattan,Entire home/apt,30,200.0
Queens,Private room,1,110.0
Manhattan,Entire home/apt,30,132.0
Brooklyn,Entire home/apt,30,280.0
Bronx,Private room,1,87.0
Brooklyn,Entire home/apt,30,120.0
Manhattan,Entire home/apt,30,288.0
Brooklyn,Entire home/apt,30,100.0
Brooklyn,Entire home/apt,2,228.0
Brooklyn,Entire home/apt,30,261.0
Brooklyn,Entire home/apt,30,109.0
Queens,Shared room,1,50.0
Brooklyn,Private room,30,150.0
Manhattan,Private room,30,62.0
Manhattan,Private room,30,76.0
Brooklyn,Private room,30,62.0
Brooklyn,Entire home/apt,30,77.0
Brooklyn,Entire home/apt,30,122.0
Brooklyn,Entire home/apt,30,157.0
Brooklyn,Private room,30,67.0
Queens,Shared room,1,50.0
Brooklyn,Entire home/apt,30,110.0
Queens,Entire home/apt,30,110.0
Queens,Entire home/apt,30,90.0
Brooklyn,Entire home/apt,30,108.0
Bronx,Private room,1,110.0
Queens,Private room,30,57.0
Brooklyn,Entire home/apt,30,85.0
Queens,Private room,30,100.0
Manhattan,Private room,1,95.0
Bronx,Private room,3,57.0
Brooklyn,Private room,30,200.0
Manhattan,Private room,30,128.0
Queens,Private room,30,71.0
Brooklyn,Private room,30,150.0
Brooklyn,Private room,30,50.0
Queens,Entire home/apt,30,99.0
Manhattan,Entire home/apt,31,435.0
Bronx,Private room,30,70.0
Manhattan,Entire home/apt,30,205.0
Manhattan,Entire home/apt,30,350.0
Brooklyn,Entire home/apt,30,80.0
Brooklyn,Entire home/apt,30,95.0
Queens,Private room,30,50.0
Brooklyn,Private room,2,56.0
Manhattan,Entire home/apt,30,120.0
Manhattan,Entire home/apt,30,120.0
Brooklyn,Private room,2,55.0
Brooklyn,Private room,30,69.0
Queens,Private room,30,60.0
Queens,Private room,30,57.0
Brooklyn,Entire home/apt,30,86.0
Manhattan,Entire home/apt,3,299.0
Manhattan,Private room,30,60.0
Brooklyn,Entire home/apt,30,169.0
Brooklyn,Private room,2,135.0
Brooklyn,Private room,30,165.0
Brooklyn,Private room,30,68.0
Manhattan,Private room,30,150.0
Bronx,Entire home/apt,30,214.0
Brooklyn,Private room,5,227.0
Manhattan,Entire home/apt,30,134.0
Brooklyn,Private room,30,72.0
Manhattan,Entire home/apt,30,100.0
Queens,Private room,30,65.0
Manhattan,Private room,30,100.0
Queens,Private room,30,67.0
Manhattan,Entire home/apt,30,170.0
Manhattan,Entire home/apt,30,120.0
Manhattan,Private room,30,135.0
Brooklyn,Entire home/apt,30,149.0
Manhattan,Entire home/apt,31,125.0
Queens,Private room,30,85.0
Manhattan,Entire home/apt,30,93.0
Manhattan,Private room,30,125.0
Brooklyn,Entire home/apt,30,360.0
Brooklyn,Entire home/apt,30,309.0
Brooklyn,Private room,3,225.0
Manhattan,Private room,30,65.0
Brooklyn,Entire home/apt,30,112.0
Manhattan,Entire home/apt,30,300.0
Queens,Private room,30,75.0
Manhattan,Entire home/apt,30,210.0
Manhattan,Entire home/apt,30,378.0
Brooklyn,Private room,3,210.0
Queens,Entire home/apt,30,88.0
Brooklyn,Entire home/apt,30,100.0
Manhattan,Entire home/apt,7,395.0
Manhattan,Entire home/apt,30,160.0
Brooklyn,Entire home/apt,30,99.0
Brooklyn,Shared room,7,200.0
Bronx,Private room,4,50.0
Manhattan,Entire home/apt,30,110.0
Brooklyn,Entire home/apt,30,225.0
Brooklyn,Private room,30,114.0
Queens,Entire home/apt,30,122.0
Brooklyn,Private room,30,100.0
Brooklyn,Private room,30,80.0
Brooklyn,Private room,30,50.0
Brooklyn,Entire home/apt,30,172.0
Brooklyn,Private room,3,95.0
Manhattan,Entire home/apt,30,159.0
Brooklyn,Private room,30,115.0
Brooklyn,Entire home/apt,90,174.0
Queens,Entire home/apt,30,121.0
Brooklyn,Private room,2,113.0
Manhattan,Entire home/apt,30,145.0
Manhattan,Entire home/apt,30,120.0
Bronx,Entire home/apt,30,108.0
Manhattan,Hotel room,30,180.0
Manhattan,Private room,4,77.0
Manhattan,Entire home/apt,30,150.0
Bronx,Private room,30,58.0
Manhattan,Entire home/apt,60,65.0
Manhattan,Hotel room,30,180.0
Manhattan,Entire home/apt,30,160.0
Manhattan,Hotel room,30,160.0
Manhattan,Hotel room,30,120.0
Queens,Entire home/apt,4,405.0
Queens,Entire home/apt,30,224.0
Bronx,Private room,30,52.0
Manhattan,Entire home/apt,30,173.0
Manhattan,Entire home/apt,30,185.0
Manhattan,Private room,30,67.0
Manhattan,Entire home/apt,30,150.0
Brooklyn,Private room,30,68.0
Manhattan,Entire home/apt,30,105.0
Manhattan,Private room,300,250.0
Manhattan,Entire home/apt,30,136.0
Brooklyn,Private room,30,178.0
Queens,Entire home/apt,30,100.0
Bronx,Private room,30,75.0
Brooklyn,Private room,30,89.0
Manhattan,Entire home/apt,30,228.0
Manhattan,Entire home/apt,30,115.0
Manhattan,Entire home/apt,30,138.0
Manhattan,Entire home/apt,70,115.0
Brooklyn,Entire home/apt,30,122.0
Manhattan,Hotel room,30,160.0
Manhattan,Hotel room,30,180.0
Manhattan,Hotel room,30,160.0
Manhattan,Hotel room,30,160.0
Queens,Entire home/apt,30,125.0
Manhattan,Entire home/apt,30,150.0
Manhattan,Private room,30,89.0
Manhattan,Entire home/apt,2,338.0
Brooklyn,Entire home/apt,30,145.0
Manhattan,Entire home/apt,30,130.0
Manhattan,Private room,30,229.0
Queens,Private room,30,140.0
Brooklyn,Entire home/apt,30,275.0
Brooklyn,Entire home/apt,30,464.0
Manhattan,Entire home/apt,30,96.0
Queens,Private room,30,97.0
Brooklyn,Entire home/apt,30,105.0
Manhattan,Entire home/apt,30,200.0
Queens,Private room,30,75.0
Manhattan,Private room,3,165.0
Brooklyn,Private room,30,61.0
Manhattan,Entire home/apt,30,225.0
Brooklyn,Entire home/apt,30,200.0
Brooklyn,Private room,30,150.0
Brooklyn,Private room,30,51.0
Brooklyn,Entire home/apt,30,170.0
Brooklyn,Entire home/apt,30,151.0
Brooklyn,Private room,30,137.0
Queens,Entire home/apt,30,105.0
Queens,Private room,5,95.0
Brooklyn,Private room,30,67.0
Queens,Private room,30,65.0
Queens,Private room,30,135.0
Queens,Private room,30,89.0
Manhattan,Entire home/apt,30,145.0
Brooklyn,Private room,30,75.0
Brooklyn,Entire home/apt,2,454.0
Manhattan,Entire home/apt,30,160.0
Manhattan,Private room,1,128.0
Brooklyn,Entire home/apt,30,246.0
Brooklyn,Entire home/apt,30,115.0
Manhattan,Entire home/apt,30,120.0
Queens,Entire home/apt,30,98.0
Manhattan,Hotel room,30,120.0
Manhattan,Entire home/apt,30,130.0
Manhattan,Entire home/apt,30,130.0
Manhattan,Entire home/apt,30,130.0
Brooklyn,Private room,2,154.0
Brooklyn,Entire home/apt,30,230.0
Queens,Private room,30,63.0
Brooklyn,Private room,30,80.0
Queens,Entire home/apt,30,140.0
Manhattan,Entire home/apt,30,110.0
Queens,Private room,4,61.0
Manhattan,Entire home/apt,30,176.0
Queens,Private room,5,91.0
Queens,Private room,7,85.0
Brooklyn,Private room,60,56.0
Queens,Entire home/apt,90,111.0
Manhattan,Entire home/apt,30,180.0
Brooklyn,Entire home/apt,30,236.0
Manhattan,Entire home/apt,5,664.0
Queens,Entire home/apt,30,178.0
Queens,Entire home/apt,30,125.0
Brooklyn,Private room,30,100.0
Brooklyn,Entire home/apt,30,163.0
Manhattan,Entire home/apt,30,120.0
Brooklyn,Entire home/apt,31,399.0
Brooklyn,Entire home/apt,30,152.0
Staten Island,Private room,30,106.0
Manhattan,Entire home/apt,30,130.0
Manhattan,Private room,60,73.0
Manhattan,Entire home/apt,30,130.0
Brooklyn,Private room,30,311.0
Brooklyn,Private room,30,50.0
Manhattan,Entire home/apt,30,296.0
Brooklyn,Private room,30,86.0
Manhattan,Entire home/apt,30,250.0
Brooklyn,Entire home/apt,30,320.0
Brooklyn,Private room,3,73.0
Brooklyn,Entire home/apt,30,100.0
Brooklyn,Entire home/apt,30,475.0
Manhattan,Entire home/apt,30,125.0
Bronx,Private room,60,182.0
Manhattan,Private room,2,235.0
Brooklyn,Private room,2,260.0
Brooklyn,Private room,30,75.0
Brooklyn,Private room,1,156.0
Brooklyn,Entire home/apt,30,80.0
Manhattan,Entire home/apt,30,280.0
Bronx,Private room,30,60.0
Brooklyn,Entire home/apt,30,299.0
Manhattan,Private room,30,98.0
Brooklyn,Private room,30,65.0
Queens,Private room,4,82.0
Brooklyn,Private room,30,80.0
Queens,Private room,2,489.0
Manhattan,Entire home/apt,30,184.0
Manhattan,Private room,30,162.0
Manhattan,Entire home/apt,60,110.0
Manhattan,Entire home/apt,30,257.0
Manhattan,Entire home/apt,30,93.0
Brooklyn,Entire home/apt,30,152.0
Manhattan,Entire home/apt,30,170.0
Brooklyn,Entire home/apt,30,92.0
Brooklyn,Private room,30,61.0
Staten Island,Private room,30,66.0
Brooklyn,Entire home/apt,30,217.0
Brooklyn,Private room,30,89.0
Manhattan,Entire home/apt,30,200.0
Queens,Private room,1,94.0
Brooklyn,Entire home/apt,30,185.0
Manhattan,Entire home/apt,30,475.0
Brooklyn,Private room,30,85.0
Manhattan,Entire home/apt,30,90.0
Brooklyn,Entire home/apt,30,120.0
Brooklyn,Entire home/apt,30,600.0
Queens,Private room,3,119.0
Brooklyn,Entire home/apt,30,170.0
Manhattan,Entire home/apt,30,98.0
Manhattan,Entire home/apt,30,249.0
Brooklyn,Entire home/apt,2,159.0
Brooklyn,Private room,30,50.0
Manhattan,Entire home/apt,30,117.0
Queens,Entire home/apt,30,95.0
Queens,Private room,7,86.0
Brooklyn,Entire home/apt,30,225.0
Manhattan,Entire home/apt,30,180.0
Brooklyn,Entire home/apt,30,300.0
Brooklyn,Entire home/apt,30,86.0
Manhattan,Private room,30,67.0
Brooklyn,Entire home/apt,30,127.0
Brooklyn,Entire home/apt,30,144.0
Queens,Entire home/apt,30,159.0
Manhattan,Entire home/apt,30,130.0
Queens,Private room,30,67.0
Brooklyn,Entire home/apt,30,66.0
Brooklyn,Entire home/apt,30,110.0
Brooklyn,Entire home/apt,30,265.0
Queens,Private room,31,58.0
Queens,Private room,30,65.0
Brooklyn,Entire home/apt,30,118.0
Queens,Entire home/apt,30,159.0
Brooklyn,Entire home/apt,30,54.0
Manhattan,Entire home/apt,30,375.0
Queens,Entire home/apt,2,99.0
Brooklyn,Entire home/apt,30,74.0
Manhattan,Entire home/apt,3,225.0
Brooklyn,Entire home/apt,30,170.0
Manhattan,Entire home/apt,30,332.0
Brooklyn,Entire home/apt,30,90.0
Brooklyn,Entire home/apt,30,100.0
Manhattan,Entire home/apt,30,155.0
Brooklyn,Entire home/apt,30,56.0
Manhattan,Private room,30,70.0
Manhattan,Entire home/apt,30,137.0
Manhattan,Entire home/apt,30,625.0
Brooklyn,Entire home/apt,30,95.0
Queens,Entire home/apt,30,95.0
Manhattan,Entire home/apt,30,109.0
Manhattan,Entire home/apt,30,165.0
Brooklyn,Private room,2,98.0
Brooklyn,Entire home/apt,30,170.0
Brooklyn,Private room,30,68.0
Brooklyn,Entire home/apt,30,185.0
Manhattan,Private room,30,121.0
Brooklyn,Entire home/apt,30,182.0
Manhattan,Hotel room,1,256.0
Manhattan,Entire home/apt,30,100.0
Brooklyn,Entire home/apt,60,111.0
Manhattan,Private room,30,129.0
Queens,Entire home/apt,30,195.0
Manhattan,Entire home/apt,30,175.0
Brooklyn,Entire home/apt,30,135.0
Staten Island,Entire home/apt,30,102.0
Brooklyn,Entire home/apt,2,201.0
Queens,Private room,30,95.0
Brooklyn,Private room,1,85.0
Brooklyn,Entire home/apt,30,249.0
Brooklyn,Entire home/apt,30,225.0
Manhattan,Entire home/apt,30,137.0
Brooklyn,Private room,3,99.0
Brooklyn,Private room,30,100.0
Brooklyn,Private room,30,97.0
Brooklyn,Entire home/apt,7,105.0
Brooklyn,Private room,30,55.0
Brooklyn,Entire home/apt,30,262.0
Brooklyn,Private room,3,70.0
Queens,Entire home/apt,30,200.0
Queens,Private room,30,90.0
Manhattan,Entire home/apt,30,482.0
Manhattan,Entire home/apt,30,113.0
Staten Island,Entire home/apt,30,78.0
Manhattan,Entire home/apt,3,294.0
Bronx,Private room,65,63.0
Queens,Entire home/apt,30,110.0
Brooklyn,Entire home/apt,30,125.0
Brooklyn,Entire home/apt,30,99.0
Brooklyn,Entire home/apt,30,250.0
Manhattan,Private room,30,65.0
Brooklyn,Private room,30,60.0
Brooklyn,Private room,30,70.0
Brooklyn,Entire home/apt,7,249.0
Bronx,Private room,30,160.0
Queens,Entire home/apt,30,150.0
Brooklyn,Private room,30,130.0
Bronx,Private room,30,116.0
Brooklyn,Private room,30,135.0
Manhattan,Private room,1,101.0
Bronx,Entire home/apt,30,271.0
Queens,Shared room,30,195.0
Brooklyn,Private room,30,160.0
Manhattan,Entire home/apt,31,249.0
Bronx,Entire home/apt,30,120.0
Manhattan,Private room,30,72.0
Manhattan,Private room,30,69.0
Brooklyn,Entire home/apt,30,125.0
Manhattan,Entire home/apt,30,208.0
Manhattan,Private room,30,65.0
Manhattan,Private room,30,71.0
Brooklyn,Entire home/apt,7,174.0
Brooklyn,Private room,30,53.0
Manhattan,Private room,4,105.0
Brooklyn,Entire home/apt,30,121.0
Brooklyn,Entire home/apt,30,69.0
Brooklyn,Entire home/apt,30,83.0
Manhattan,Entire home/apt,30,279.0
Manhattan,Entire home/apt,30,202.0
Brooklyn,Private room,30,190.0
Brooklyn,Private room,30,61.0
Brooklyn,Entire home/apt,30,95.0
Manhattan,Entire home/apt,40,395.0
Manhattan,Entire home/apt,30,133.0
Staten Island,Entire home/apt,30,115.0
Bronx,Entire home/apt,30,92.0
Manhattan,Private room,75,50.0
Brooklyn,Entire home/apt,30,89.0
Brooklyn,Entire home/apt,30,642.0
Brooklyn,Private room,30,71.0
Queens,Entire home/apt,30,108.0
Queens,Private room,30,55.0
Manhattan,Entire home/apt,30,100.0
Manhattan,Entire home/apt,30,275.0
Brooklyn,Private room,30,129.0
Brooklyn,Private room,30,55.0
Manhattan,Private room,30,80.0
Brooklyn,Entire home/apt,30,100.0
Queens,Private room,3,140.0
Manhattan,Entire home/apt,30,330.0
Manhattan,Private room,3,146.0
Manhattan,Private room,3,170.0
Brooklyn,Private room,30,90.0
Manhattan,Entire home/apt,30,142.0
Manhattan,Entire home/apt,60,95.0
Manhattan,Entire home/apt,30,375.0
Manhattan,Entire home/apt,30,99.0
Brooklyn,Entire home/apt,30,145.0
Brooklyn,Entire home/apt,30,101.0
Brooklyn,Private room,2,88.0
Brooklyn,Entire home/apt,30,245.0
Manhattan,Entire home/apt,30,200.0
Brooklyn,Entire home/apt,30,160.0
Manhattan,Entire home/apt,30,150.0
Brooklyn,Private room,1,88.0
Manhattan,Entire home/apt,30,100.0
Manhattan,Private room,30,175.0
Queens,Private room,1,71.0
Queens,Private room,2,61.0
Manhattan,Private room,30,80.0
Brooklyn,Entire home/apt,30,77.0
Brooklyn,Entire home/apt,30,95.0
Manhattan,Entire home/apt,30,87.0
Manhattan,Entire home/apt,31,348.0
Queens,Entire home/apt,30,249.0
Brooklyn,Private room,30,73.0
Brooklyn,Private room,30,73.0
Brooklyn,Entire home/apt,30,131.0
Manhattan,Entire home/apt,90,115.0
Queens,Private room,30,78.0
Brooklyn,Entire home/apt,30,91.0
Manhattan,Private room,1,56.0
Brooklyn,Entire home/apt,30,98.0
Queens,Private room,30,90.0
Queens,Entire home/apt,30,159.0
Staten Island,Private room,30,62.0
Queens,Private room,30,59.0
Manhattan,Private room,30,55.0
Brooklyn,Private room,75,108.0
Manhattan,Entire home/apt,30,225.0
Manhattan,Private room,2,119.0
Queens,Entire home/apt,30,179.0
Brooklyn,Entire home/apt,30,238.0
Brooklyn,Private room,30,50.0
Manhattan,Entire home/apt,30,168.0
Manhattan,Entire home/apt,30,490.0
Queens,Private room,30,67.0
Brooklyn,Entire home/apt,30,81.0
Brooklyn,Entire home/apt,3,139.0
Queens,Entire home/apt,30,115.0
Brooklyn,Entire home/apt,30,165.0
Brooklyn,Entire home/apt,30,90.0
Manhattan,Entire home/apt,30,150.0
Manhattan,Entire home/apt,30,184.0
Brooklyn,Private room,3,144.0
Brooklyn,Entire home/apt,30,80.0
Queens,Entire home/apt,30,125.0
Queens,Entire home/apt,30,159.0
Queens,Entire home/apt,30,159.0
Brooklyn,Private room,30,125.0
Queens,Private room,30,95.0
Manhattan,Entire home/apt,30,232.0
Manhattan,Entire home/apt,30,334.0
Brooklyn,Private room,2,171.0
Queens,Entire home/apt,30,110.0
Brooklyn,Private room,30,115.0
Brooklyn,Entire home/apt,30,98.0
Queens,Entire home/apt,30,289.0
Brooklyn,Entire home/apt,30,428.0
Manhattan,Private room,30,80.0
Brooklyn,Private room,3,160.0
Brooklyn,Private room,30,118.0
Brooklyn,Entire home/apt,30,75.0
Brooklyn,Entire home/apt,30,77.0
Manhattan,Entire home/apt,365,157.0
Manhattan,Entire home/apt,30,650.0
Queens,Private room,30,200.0
Queens,Entire home/apt,3,200.0
Queens,Entire home/apt,30,269.0
Queens,Private room,30,60.0
Queens,Private room,30,54.0
Manhattan,Private room,1,347.0
Queens,Private room,31,130.0
Brooklyn,Private room,30,86.0
Brooklyn,Private room,30,51.0
Brooklyn,Private room,2,100.0
Brooklyn,Private room,30,78.0
Queens,Entire home/apt,30,366.0
Manhattan,Entire home/apt,30,160.0
Queens,Entire home/apt,30,351.0
Brooklyn,Entire home/apt,90,273.0
Queens,Private room,1,91.0
Manhattan,Entire home/apt,30,175.0
Queens,Entire home/apt,30,750.0
Manhattan,Entire home/apt,30,200.0
Manhattan,Entire home/apt,31,357.0
Brooklyn,Entire home/apt,30,278.0
Queens,Private room,30,77.0
Brooklyn,Entire home/apt,30,220.0
Queens,Private room,1,114.0
Queens,Entire home/apt,3,142.0
Brooklyn,Entire home/apt,30,200.0
Brooklyn,Entire home/apt,30,139.0
Manhattan,Entire home/apt,30,173.0
Queens,Private room,1,83.0
Manhattan,Private room,100,98.0
Manhattan,Private room,70,157.0
Manhattan,Private room,30,150.0
Manhattan,Private room,30,67.0
Manhattan,Entire home/apt,30,356.0
Brooklyn,Private room,30,80.0
Manhattan,Entire home/apt,30,99.0
Brooklyn,Entire home/apt,30,95.0
Manhattan,Entire home/apt,30,236.0
Queens,Private room,30,51.0
Manhattan,Private room,30,135.0
Manhattan,Private room,30,116.0
Queens,Private room,30,60.0
Queens,Entire home/apt,30,119.0
Brooklyn,Private room,30,64.0
Brooklyn,Entire home/apt,2,395.0
Manhattan,Private room,30,65.0
Brooklyn,Entire home/apt,30,91.0
Manhattan,Entire home/apt,30,95.0
Manhattan,Entire home/apt,30,111.0
Manhattan,Entire home/apt,30,150.0
Queens,Private room,5,86.0
Manhattan,Entire home/apt,31,388.0
Manhattan,Entire home/apt,1,654.0
Brooklyn,Entire home/apt,30,255.0
Brooklyn,Entire home/apt,30,330.0
Manhattan,Private room,30,175.0
Manhattan,Private room,30,300.0
Manhattan,Entire home/apt,180,180.0
Queens,Private room,30,85.0
Manhattan,Private room,30,80.0
Brooklyn,Entire home/apt,30,130.0
Brooklyn,Entire home/apt,30,64.0
Manhattan,Entire home/apt,45,160.0
Manhattan,Entire home/apt,30,120.0
Manhattan,Entire home/apt,30,135.0
Bronx,Entire home/apt,30,120.0
Manhattan,Entire home/apt,90,147.0
Queens,Private room,30,119.0
Manhattan,Entire home/apt,30,275.0
Manhattan,Entire home/apt,30,935.0
Brooklyn,Entire home/apt,5,168.0
Manhattan,Entire home/apt,31,171.0
Brooklyn,Private room,30,250.0
Brooklyn,Entire home/apt,30,250.0
Brooklyn,Private room,30,97.0
Manhattan,Entire home/apt,30,384.0
Brooklyn,Entire home/apt,30,198.0
Brooklyn,Private room,30,85.0
Manhattan,Private room,30,109.0
Manhattan,Entire home/apt,30,90.0
Brooklyn,Entire home/apt,30,175.0
Manhattan,Entire home/apt,30,180.0
Brooklyn,Entire home/apt,30,250.0
Brooklyn,Entire home/apt,30,217.0
Brooklyn,Private room,30,51.0
Queens,Private room,30,62.0
Queens,Private room,30,144.0
Queens,Private room,30,144.0
Queens,Private room,30,546.0
Brooklyn,Entire home/apt,30,300.0
Queens,Private room,1,106.0
Queens,Private room,1,90.0
Brooklyn,Private room,30,113.0
Brooklyn,Entire home/apt,60,128.0
Brooklyn,Private room,30,120.0
Queens,Entire home/apt,1,93.0
Manhattan,Entire home/apt,30,175.0
Queens,Private room,30,70.0
Manhattan,Private room,1,204.0
Queens,Entire home/apt,30,99.0
Manhattan,Entire home/apt,30,200.0
Brooklyn,Entire home/apt,30,100.0
Brooklyn,Private room,2,424.0
Brooklyn,Entire home/apt,30,90.0
Manhattan,Private room,30,55.0
Queens,Private room,1,70.0
Manhattan,Entire home/apt,30,119.0
Bronx,Entire home/apt,2,140.0
Manhattan,Entire home/apt,30,172.0
Manhattan,Entire home/apt,30,235.0
Manhattan,Entire home/apt,30,713.0
Manhattan,Entire home/apt,30,291.0
Queens,Private room,30,52.0
Brooklyn,Private room,30,58.0
Manhattan,Entire home/apt,30,170.0
Brooklyn,Private room,30,80.0
Queens,Private room,30,199.0
Manhattan,Entire home/apt,30,85.0
Brooklyn,Entire home/apt,2,122.0
Brooklyn,Private room,2,95.0
Manhattan,Private room,2,225.0
Brooklyn,Private room,2,115.0
Brooklyn,Entire home/apt,30,276.0
Brooklyn,Private room,30,69.0
Manhattan,Entire home/apt,30,200.0
Brooklyn,Entire home/apt,30,200.0
Queens,Private room,30,100.0
Manhattan,Entire home/apt,30,531.0
Manhattan,Entire home/apt,30,106.0
Manhattan,Entire home/apt,30,137.0
Bronx,Private room,30,85.0
Queens,Entire home/apt,1,266.0
Brooklyn,Entire home/apt,30,80.0
Bronx,Entire home/apt,30,166.0
Brooklyn,Entire home/apt,30,79.0
Queens,Private room,60,50.0
Manhattan,Entire home/apt,30,330.0
Manhattan,Entire home/apt,30,411.0
Manhattan,Entire home/apt,30,325.0
Brooklyn,Entire home/apt,30,124.0
Brooklyn,Entire home/apt,30,186.0
Brooklyn,Entire home/apt,30,250.0
Brooklyn,Private room,30,95.0
Manhattan,Entire home/apt,30,258.0
Manhattan,Entire home/apt,30,170.0
Brooklyn,Entire home/apt,30,200.0
Bronx,Entire home/apt,120,124.0
Manhattan,Entire home/apt,30,103.0
Manhattan,Entire home/apt,2,596.0
Brooklyn,Entire home/apt,30,223.0
Brooklyn,Private room,30,71.0
Manhattan,Entire home/apt,30,218.0
Brooklyn,Entire home/apt,30,69.0
Manhattan,Entire home/apt,30,165.0
Brooklyn,Entire home/apt,30,172.0
Brooklyn,Private room,30,75.0
Queens,Private room,30,55.0
Brooklyn,Entire home/apt,30,139.0
Brooklyn,Entire home/apt,30,200.0
Manhattan,Entire home/apt,30,160.0
Brooklyn,Private room,30,120.0
Manhattan,Shared room,30,141.0
Queens,Entire home/apt,30,92.0
Manhattan,Private room,30,81.0
Manhattan,Entire home/apt,30,372.0
Brooklyn,Entire home/apt,1,167.0
Queens,Private room,30,60.0
Brooklyn,Private room,5,92.0
Queens,Entire home/apt,30,78.0
Manhattan,Entire home/apt,30,400.0
Brooklyn,Private room,5,104.0
Brooklyn,Entire home/apt,30,75.0
Brooklyn,Entire home/apt,30,325.0
Brooklyn,Private room,30,60.0
Manhattan,Entire home/apt,31,288.0
Queens,Private room,5,69.0
Bronx,Entire home/apt,30,100.0
Brooklyn,Entire home/apt,30,248.0
Manhattan,Entire home/apt,30,113.0
Brooklyn,Entire home/apt,30,87.0
Queens,Private room,30,141.0
Manhattan,Private room,30,57.0
Manhattan,Private room,30,73.0
Brooklyn,Entire home/apt,1,135.0
Manhattan,Entire home/apt,30,118.0
Queens,Entire home/apt,30,95.0
Brooklyn,Entire home/apt,3,228.0
Brooklyn,Entire home/apt,3,394.0
Manhattan,Private room,30,74.0
Manhattan,Entire home/apt,60,75.0
Queens,Private room,30,55.0
Brooklyn,Private room,2,97.0
Brooklyn,Entire home/apt,30,313.0
Brooklyn,Entire home/apt,30,140.0
Manhattan,Private room,1,209.0
Brooklyn,Private room,4,133.0
Manhattan,Private room,30,89.0
Brooklyn,Private room,30,140.0
Brooklyn,Private room,7,120.0
Brooklyn,Entire home/apt,30,95.0
Manhattan,Entire home/apt,30,122.0
Manhattan,Private room,2,291.0
Manhattan,Entire home/apt,30,185.0
Brooklyn,Entire home/apt,30,200.0
Manhattan,Entire home/apt,30,190.0
Manhattan,Entire home/apt,30,325.0
Manhattan,Entire home/apt,30,1000.0
Brooklyn,Private room,30,67.0
Brooklyn,Entire home/apt,30,70.0
Brooklyn,Entire home/apt,30,95.0
Brooklyn,Entire home/apt,30,110.0
Staten Island,Entire home/apt,30,210.0
Manhattan,Private room,1,77.0
Manhattan,Private room,30,58.0
Bronx,Private room,30,50.0
Queens,Private room,30,122.0
Manhattan,Entire home/apt,30,179.0
Brooklyn,Entire home/apt,30,100.0
Queens,Private room,30,65.0
Queens,Entire home/apt,30,104.0
Manhattan,Private room,30,298.0
Brooklyn,Entire home/apt,30,431.0
Queens,Entire home/apt,30,54.0
Queens,Entire home/apt,30,142.0
Staten Island,Private room,30,60.0
Brooklyn,Entire home/apt,30,135.0
Brooklyn,Private room,3,100.0
Manhattan,Private room,30,89.0
Manhattan,Private room,30,102.0
Brooklyn,Entire home/apt,30,165.0
Bronx,Private room,30,78.0
Bronx,Private room,30,96.0
Bronx,Entire home/apt,30,99.0
Queens,Entire home/apt,30,424.0
Brooklyn,Entire home/apt,30,113.0
Manhattan,Private room,30,92.0
Bronx,Private room,30,50.0
Bronx,Entire home/apt,30,146.0
Manhattan,Private room,30,150.0
Queens,Entire home/apt,30,159.0
Queens,Private room,30,57.0
Manhattan,Entire home/apt,30,203.0
Manhattan,Entire home/apt,30,140.0
Manhattan,Private room,30,72.0
Manhattan,Entire home/apt,30,108.0
Queens,Entire home/apt,30,120.0
Manhattan,Private room,30,71.0
Manhattan,Entire home/apt,30,386.0
Queens,Private room,30,65.0
Brooklyn,Private room,30,58.0
Brooklyn,Entire home/apt,30,354.0
Brooklyn,Entire home/apt,30,461.0
Manhattan,Private room,30,60.0
Brooklyn,Entire home/apt,30,156.0
Queens,Private room,1,118.0
Queens,Private room,1,123.0
Manhattan,Private room,30,57.0
Bronx,Private room,30,59.0
Manhattan,Private room,30,214.0
Bronx,Entire home/apt,30,71.0
Brooklyn,Private room,30,66.0
Brooklyn,Private room,30,52.0
Manhattan,Private room,30,107.0
Brooklyn,Entire home/apt,30,149.0
Manhattan,Entire home/apt,30,91.0
Queens,Entire home/apt,30,366.0
Manhattan,Private room,30,119.0
Manhattan,Private room,30,135.0
Brooklyn,Private room,1,52.0
Brooklyn,Private room,30,96.0
Manhattan,Entire home/apt,7,525.0
Manhattan,Entire home/apt,7,376.0
Manhattan,Entire home/apt,7,305.0
Manhattan,Entire home/apt,7,651.0
Manhattan,Entire home/apt,31,352.0
Manhattan,Entire home/apt,7,710.0
Manhattan,Entire home/apt,7,340.0
Bronx,Private room,30,60.0
Brooklyn,Entire home/apt,1,122.0
Brooklyn,Entire home/apt,30,79.0
Manhattan,Entire home/apt,30,130.0
Queens,Entire home/apt,31,165.0
Bronx,Private room,30,59.0
Queens,Entire home/apt,30,150.0
Manhattan,Entire home/apt,30,113.0
Brooklyn,Private room,30,117.0
Brooklyn,Entire home/apt,30,153.0
Brooklyn,Entire home/apt,30,138.0
Bronx,Private room,30,52.0
Brooklyn,Entire home/apt,7,191.0
Manhattan,Private room,30,80.0
Queens,Private room,3,85.0
Brooklyn,Private room,30,90.0
Brooklyn,Private room,30,89.0
Brooklyn,Private room,30,103.0
Brooklyn,Entire home/apt,30,239.0
Brooklyn,Entire home/apt,30,196.0
Queens,Private room,30,90.0
Brooklyn,Entire home/apt,30,270.0
Brooklyn,Private room,30,84.0
Brooklyn,Private room,1,71.0
Brooklyn,Entire home/apt,31,135.0
Queens,Entire home/apt,30,125.0
Brooklyn,Entire home/apt,30,105.0
Brooklyn,Entire home/apt,30,100.0
Queens,Private room,1,118.0
Manhattan,Private room,30,60.0
Manhattan,Entire home/apt,30,120.0
Brooklyn,Private room,30,53.0
Brooklyn,Entire home/apt,30,150.0
Queens,Entire home/apt,30,159.0
Brooklyn,Entire home/apt,30,126.0
Queens,Private room,30,75.0
Manhattan,Entire home/apt,30,175.0
Queens,Private room,3,126.0
Brooklyn,Private room,2,144.0
Queens,Private room,30,180.0
Queens,Private room,30,180.0
Queens,Private room,30,56.0
Brooklyn,Private room,2,145.0
Brooklyn,Private room,2,281.0
Brooklyn,Private room,2,150.0
Queens,Entire home/apt,30,124.0
Manhattan,Entire home/apt,30,200.0
Brooklyn,Entire home/apt,30,125.0
Manhattan,Entire home/apt,30,275.0
Queens,Private room,1,118.0
Brooklyn,Entire home/apt,30,160.0
Queens,Entire home/apt,30,268.0
Manhattan,Private room,30,113.0
Manhattan,Entire home/apt,30,88.0
Brooklyn,Private room,30,67.0
Brooklyn,Private room,30,70.0
Manhattan,Private room,1,185.0
Brooklyn,Private room,30,74.0
Queens,Private room,30,102.0
Queens,Entire home/apt,30,130.0
Queens,Entire home/apt,30,129.0
Brooklyn,Shared room,2,206.0
Brooklyn,Entire home/apt,5,252.0
Brooklyn,Private room,2,95.0
Brooklyn,Private room,2,114.0
Manhattan,Entire home/apt,30,198.0
Manhattan,Entire home/apt,30,90.0
Brooklyn,Private room,30,60.0
Manhattan,Private room,30,165.0
Bronx,Private room,1,165.0
Queens,Private room,1,118.0
Staten Island,Entire home/apt,30,110.0
Brooklyn,Entire home/apt,30,129.0
Brooklyn,Entire home/apt,30,254.0
Manhattan,Entire home/apt,30,150.0
Staten Island,Entire home/apt,30,208.0
Manhattan,Private room,30,93.0
Queens,Private room,4,120.0
Manhattan,Entire home/apt,1,654.0
Queens,Private room,30,74.0
Brooklyn,Entire home/apt,30,214.0
Queens,Private room,30,93.0
Brooklyn,Private room,30,189.0
Brooklyn,Entire home/apt,30,360.0
Manhattan,Entire home/apt,3,643.0
Queens,Private room,2,92.0
Bronx,Private room,30,108.0
Queens,Entire home/apt,30,230.0
Manhattan,Shared room,30,101.0
Brooklyn,Entire home/apt,30,380.0
Manhattan,Entire home/apt,30,245.0
Manhattan,Entire home/apt,3,582.0
Brooklyn,Private room,30,75.0
Queens,Entire home/apt,30,176.0
Brooklyn,Entire home/apt,60,152.0
Bronx,Private room,30,60.0
Brooklyn,Entire home/apt,30,135.0
Brooklyn,Entire home/apt,30,129.0
Manhattan,Entire home/apt,60,350.0
Bronx,Private room,30,145.0
Staten Island,Private room,30,76.0
Manhattan,Entire home/apt,30,130.0
Queens,Entire home/apt,30,359.0
Brooklyn,Entire home/apt,30,243.0
Brooklyn,Entire home/apt,30,135.0
Bronx,Private room,30,81.0
Brooklyn,Entire home/apt,30,275.0
Staten Island,Private room,2,90.0
Queens,Entire home/apt,30,99.0
Manhattan,Private room,30,92.0
Manhattan,Entire home/apt,30,170.0
Brooklyn,Private room,30,67.0
Brooklyn,Private room,30,70.0
Queens,Entire home/apt,30,76.0
Brooklyn,Private room,30,59.0
Brooklyn,Private room,4,96.0
Brooklyn,Private room,30,59.0
Brooklyn,Private room,30,56.0
Manhattan,Entire home/apt,31,417.0
Bronx,Private room,30,89.0
Brooklyn,Private room,30,56.0
Brooklyn,Private room,30,59.0
Brooklyn,Private room,30,59.0
Brooklyn,Entire home/apt,30,339.0
Manhattan,Entire home/apt,30,115.0
Brooklyn,Private room,30,84.0
Manhattan,Entire home/apt,3,627.0
Brooklyn,Entire home/apt,90,150.0
Queens,Entire home/apt,30,80.0
Manhattan,Entire home/apt,30,499.0
Queens,Private room,30,53.0
Brooklyn,Private room,30,141.0
Brooklyn,Entire home/apt,30,71.0
Brooklyn,Private room,30,87.0
Queens,Entire home/apt,30,130.0
Manhattan,Entire home/apt,31,372.0
Manhattan,Private room,30,57.0
Queens,Private room,30,80.0
Manhattan,Private room,30,122.0
Manhattan,Entire home/apt,30,145.0
Brooklyn,Entire home/apt,30,99.0
Brooklyn,Entire home/apt,30,104.0
Manhattan,Entire home/apt,151,250.0
Brooklyn,Private room,30,101.0
Manhattan,Entire home/apt,30,199.0
Brooklyn,Entire home/apt,30,139.0
Queens,Private room,30,150.0
Manhattan,Private room,3,83.0
Manhattan,Entire home/apt,2,290.0
Manhattan,Entire home/apt,30,80.0
Bronx,Private room,30,60.0
Manhattan,Entire home/apt,30,227.0
Brooklyn,Entire home/apt,30,100.0
Brooklyn,Entire home/apt,30,200.0
Manhattan,Entire home/apt,30,100.0
Manhattan,Private room,3,736.0
Queens,Private room,30,90.0
Brooklyn,Private room,30,297.0
Brooklyn,Private room,30,158.0
Manhattan,Private room,30,200.0
Brooklyn,Entire home/apt,30,135.0
Brooklyn,Entire home/apt,30,135.0
Manhattan,Entire home/apt,30,159.0
Queens,Private room,30,55.0
Queens,Private room,30,72.0
Brooklyn,Entire home/apt,30,227.0
Queens,Private room,30,209.0
Brooklyn,Entire home/apt,30,69.0
Queens,Private room,30,75.0
Queens,Private room,30,145.0
Manhattan,Private room,30,228.0
Queens,Private room,30,78.0
Brooklyn,Entire home/apt,2,603.0
Brooklyn,Private room,30,205.0
Brooklyn,Entire home/apt,30,160.0
Brooklyn,Entire home/apt,30,360.0
Manhattan,Entire home/apt,30,180.0
Brooklyn,Private room,30,195.0
Queens,Entire home/apt,30,105.0
Manhattan,Entire home/apt,30,380.0
Manhattan,Entire home/apt,2,257.0
Brooklyn,Entire home/apt,3,225.0
Manhattan,Entire home/apt,30,225.0
Brooklyn,Entire home/apt,30,85.0
Manhattan,Entire home/apt,30,170.0
Manhattan,Entire home/apt,30,140.0
Brooklyn,Entire home/apt,2,316.0
Queens,Entire home/apt,30,105.0
Brooklyn,Entire home/apt,30,391.0
Manhattan,Entire home/apt,31,370.0
Brooklyn,Private room,30,104.0
Manhattan,Private room,30,125.0
Manhattan,Private room,5,134.0
Bronx,Private room,30,50.0
Queens,Private room,1,125.0
Queens,Private room,1,132.0
Brooklyn,Entire home/apt,30,176.0
Queens,Private room,1,125.0
Bronx,Entire home/apt,30,299.0
Manhattan,Entire home/apt,30,115.0
Brooklyn,Private room,30,80.0
Manhattan,Private room,30,160.0
Manhattan,Entire home/apt,2,261.0
Queens,Private room,30,88.0
Queens,Entire home/apt,30,76.0
Manhattan,Entire home/apt,30,122.0
Brooklyn,Entire home/apt,30,162.0
Manhattan,Private room,30,54.0
Brooklyn,Private room,30,63.0
Brooklyn,Private room,30,54.0
Brooklyn,Private room,1,88.0
Queens,Entire home/apt,30,86.0
Brooklyn,Entire home/apt,30,350.0
Manhattan,Entire home/apt,30,207.0
Brooklyn,Entire home/apt,30,95.0
Brooklyn,Entire home/apt,30,340.0
Brooklyn,Entire home/apt,30,136.0
Brooklyn,Private room,30,94.0
Bronx,Private room,30,60.0
Bronx,Private room,30,60.0
Bronx,Entire home/apt,30,84.0
Manhattan,Private room,90,79.0
Bronx,Entire home/apt,30,176.0
Brooklyn,Entire home/apt,5,241.0
Brooklyn,Private room,1,116.0
Brooklyn,Entire home/apt,30,140.0
Brooklyn,Entire home/apt,30,56.0
Brooklyn,Entire home/apt,30,96.0
Brooklyn,Entire home/apt,30,375.0
Brooklyn,Private room,30,84.0
Brooklyn,Entire home/apt,30,85.0
Brooklyn,Entire home/apt,30,122.0
Manhattan,Private room,30,55.0
Manhattan,Private room,4,229.0
Manhattan,Entire home/apt,30,110.0
Manhattan,Entire home/apt,30,300.0
Brooklyn,Entire home/apt,30,280.0
Brooklyn,Private room,30,55.0
Brooklyn,Private room,30,55.0
Manhattan,Entire home/apt,30,476.0
Brooklyn,Entire home/apt,30,125.0
Manhattan,Entire home/apt,30,113.0
Manhattan,Private room,30,179.0
Brooklyn,Entire home/apt,30,250.0
Brooklyn,Private room,31,57.0
Brooklyn,Private room,31,52.0
Queens,Private room,2,96.0
Brooklyn,Entire home/apt,1,198.0
Manhattan,Hotel room,30,900.0
Queens,Entire home/apt,30,81.0
Brooklyn,Entire home/apt,30,126.0
Brooklyn,Entire home/apt,30,800.0
Brooklyn,Entire home/apt,30,113.0
Brooklyn,Private room,3,76.0
Brooklyn,Private room,60,85.0
Queens,Private room,30,55.0
Brooklyn,Entire home/apt,30,125.0
Brooklyn,Private room,30,275.0
Brooklyn,Private room,30,82.0
Manhattan,Entire home/apt,30,277.0
Brooklyn,Private room,2,225.0
Brooklyn,Private room,1,115.0
Brooklyn,Entire home/apt,30,140.0
Manhattan,Entire home/apt,30,126.0
Manhattan,Private room,30,199.0
Manhattan,Entire home/apt,30,135.0
Bronx,Entire home/apt,30,100.0
Manhattan,Entire home/apt,30,120.0
Manhattan,Entire home/apt,30,120.0
Manhattan,Entire home/apt,30,475.0
Manhattan,Entire home/apt,30,144.0
Manhattan,Entire home/apt,30,300.0
Brooklyn,Private room,30,111.0
Bronx,Private room,30,80.0
Brooklyn,Private room,30,83.0
Manhattan,Entire home/apt,30,67.0
Manhattan,Entire home/apt,31,351.0
Manhattan,Entire home/apt,30,1000.0
Queens,Private room,30,83.0
Brooklyn,Entire home/apt,30,131.0
Brooklyn,Entire home/apt,30,110.0
Staten Island,Private room,30,57.0
Brooklyn,Entire home/apt,30,180.0
Manhattan,Entire home/apt,31,326.0
Queens,Private room,30,58.0
Bronx,Entire home/apt,30,85.0
Manhattan,Entire home/apt,31,285.0
Manhattan,Entire home/apt,31,317.0
Manhattan,Entire home/apt,2,166.0
Queens,Private room,30,61.0
Brooklyn,Entire home/apt,30,134.0
Manhattan,Entire home/apt,30,188.0
Brooklyn,Private room,30,65.0
Queens,Private room,30,80.0
Manhattan,Entire home/apt,31,396.0
Manhattan,Entire home/apt,31,370.0
Manhattan,Entire home/apt,31,352.0
Manhattan,Entire home/apt,31,326.0
Manhattan,Entire home/apt,31,407.0
Manhattan,Entire home/apt,31,250.0
Manhattan,Entire home/apt,31,462.0
Manhattan,Entire home/apt,31,499.0
Manhattan,Entire home/apt,31,317.0
Manhattan,Entire home/apt,31,391.0
Manhattan,Entire home/apt,31,382.0
Manhattan,Entire home/apt,31,548.0
Manhattan,Entire home/apt,31,264.0
Manhattan,Entire home/apt,31,370.0
Manhattan,Entire home/apt,31,370.0
Manhattan,Entire home/apt,31,265.0
Manhattan,Entire home/apt,31,410.0
Manhattan,Entire home/apt,31,353.0
Manhattan,Entire home/apt,31,421.0
Manhattan,Entire home/apt,31,660.0
Manhattan,Entire home/apt,31,308.0
Manhattan,Entire home/apt,31,468.0
Manhattan,Entire home/apt,31,459.0
Manhattan,Entire home/apt,31,376.0
Manhattan,Entire home/apt,31,353.0
Manhattan,Entire home/apt,31,265.0
Brooklyn,Entire home/apt,30,126.0
Manhattan,Entire home/apt,2,209.0
Queens,Entire home/apt,30,180.0
Manhattan,Entire home/apt,31,298.0
Manhattan,Entire home/apt,30,350.0
Brooklyn,Entire home/apt,30,73.0
Manhattan,Entire home/apt,30,130.0
Brooklyn,Private room,2,78.0
Manhattan,Entire home/apt,30,96.0
Manhattan,Entire home/apt,31,845.0
Bronx,Private room,30,90.0
Manhattan,Entire home/apt,30,249.0
Manhattan,Private room,30,53.0
Manhattan,Entire home/apt,30,150.0
Brooklyn,Entire home/apt,30,123.0
Manhattan,Shared room,30,68.0
Manhattan,Entire home/apt,30,187.0
Manhattan,Entire home/apt,30,198.0
Brooklyn,Entire home/apt,30,129.0
Brooklyn,Entire home/apt,30,110.0
Brooklyn,Entire home/apt,30,150.0
Brooklyn,Entire home/apt,30,290.0
Brooklyn,Entire home/apt,31,120.0
Brooklyn,Private room,4,273.0
Manhattan,Entire home/apt,31,459.0
Manhattan,Entire home/apt,31,357.0
Manhattan,Entire home/apt,31,421.0
Manhattan,Entire home/apt,31,356.0
Manhattan,Entire home/apt,31,388.0
Manhattan,Entire home/apt,31,443.0
Manhattan,Entire home/apt,31,318.0
Manhattan,Entire home/apt,31,372.0
Manhattan,Entire home/apt,31,353.0
Manhattan,Entire home/apt,31,357.0
Manhattan,Entire home/apt,31,363.0
Manhattan,Entire home/apt,31,459.0
Manhattan,Entire home/apt,31,459.0
Manhattan,Entire home/apt,31,346.0
Brooklyn,Entire home/apt,30,59.0
Manhattan,Private room,30,75.0
Brooklyn,Entire home/apt,30,170.0
Brooklyn,Entire home/apt,30,179.0
Queens,Private room,1,77.0
Brooklyn,Entire home/apt,30,220.0
Queens,Private room,1,79.0
Brooklyn,Entire home/apt,30,250.0
Brooklyn,Private room,30,155.0
Brooklyn,Private room,30,74.0
Brooklyn,Entire home/apt,30,150.0
Queens,Private room,30,94.0
Brooklyn,Private room,30,75.0
Manhattan,Private room,30,53.0
Brooklyn,Entire home/apt,30,216.0
Queens,Private room,1,82.0
Queens,Private room,1,68.0
Manhattan,Private room,1,220.0
Brooklyn,Private room,4,190.0
Manhattan,Private room,30,199.0
Queens,Private room,30,76.0
Manhattan,Entire home/apt,31,357.0
Manhattan,Entire home/apt,31,497.0
Manhattan,Entire home/apt,31,353.0
Manhattan,Entire home/apt,31,327.0
Manhattan,Entire home/apt,31,370.0
Manhattan,Entire home/apt,31,396.0
Manhattan,Entire home/apt,31,326.0
Manhattan,Entire home/apt,31,338.0
Manhattan,Entire home/apt,31,372.0
Manhattan,Entire home/apt,31,298.0
Manhattan,Entire home/apt,31,363.0
Manhattan,Entire home/apt,31,437.0
Manhattan,Entire home/apt,31,468.0
Manhattan,Entire home/apt,31,272.0
Manhattan,Entire home/apt,31,317.0
Manhattan,Entire home/apt,31,357.0
Manhattan,Entire home/apt,31,450.0
Manhattan,Entire home/apt,31,302.0
Manhattan,Entire home/apt,31,253.0
Queens,Entire home/apt,30,150.0
Brooklyn,Private room,30,50.0
Manhattan,Entire home/apt,31,274.0
Manhattan,Entire home/apt,30,107.0
Manhattan,Entire home/apt,30,170.0
Manhattan,Entire home/apt,2,256.0
Brooklyn,Entire home/apt,30,150.0
Manhattan,Entire home/apt,30,380.0
Queens,Entire home/apt,30,67.0
Brooklyn,Private room,30,60.0
Queens,Private room,30,77.0
Manhattan,Entire home/apt,30,125.0
Manhattan,Entire home/apt,30,183.0
Brooklyn,Entire home/apt,30,340.0
Queens,Entire home/apt,30,110.0
Brooklyn,Private room,30,70.0
Manhattan,Entire home/apt,30,350.0
Manhattan,Entire home/apt,30,112.0
Brooklyn,Private room,30,86.0
Manhattan,Private room,30,160.0
Brooklyn,Entire home/apt,30,450.0
Brooklyn,Entire home/apt,30,70.0
Manhattan,Private room,30,60.0
Manhattan,Private room,30,60.0
Manhattan,Entire home/apt,30,120.0
Manhattan,Private room,30,929.0
Queens,Private room,1,87.0
Queens,Entire home/apt,365,380.0
Manhattan,Entire home/apt,30,161.0
Queens,Entire home/apt,30,170.0
Brooklyn,Entire home/apt,30,399.0
Bronx,Private room,30,99.0
Brooklyn,Private room,60,56.0
Queens,Private room,30,94.0
Manhattan,Private room,30,81.0
Queens,Entire home/apt,30,190.0
Manhattan,Entire home/apt,30,166.0
Brooklyn,Entire home/apt,30,149.0
Brooklyn,Entire home/apt,30,162.0
Manhattan,Private room,30,86.0
Brooklyn,Private room,30,66.0
Manhattan,Entire home/apt,31,253.0
Manhattan,Entire home/apt,31,298.0
Brooklyn,Private room,30,380.0
Brooklyn,Entire home/apt,90,544.0
Manhattan,Private room,30,249.0
Queens,Private room,30,52.0
Manhattan,Entire home/apt,31,660.0
Manhattan,Entire home/apt,30,245.0
Manhattan,Private room,30,199.0
Manhattan,Entire home/apt,30,150.0
Brooklyn,Private room,30,71.0
Brooklyn,Private room,30,50.0
Staten Island,Private room,30,67.0
Bronx,Private room,1,52.0
Bronx,Private room,30,54.0
Manhattan,Entire home/apt,30,340.0
Manhattan,Entire home/apt,30,285.0
Queens,Private room,30,110.0
Manhattan,Entire home/apt,90,90.0
Manhattan,Entire home/apt,31,286.0
Queens,Private room,30,71.0
Brooklyn,Entire home/apt,30,127.0
Manhattan,Entire home/apt,31,326.0
Brooklyn,Entire home/apt,30,99.0
Brooklyn,Private room,30,95.0
Manhattan,Private room,30,50.0
Brooklyn,Private room,30,50.0
Manhattan,Entire home/apt,3,146.0
Brooklyn,Entire home/apt,30,100.0
Brooklyn,Private room,30,180.0
Brooklyn,Private room,30,338.0
Brooklyn,Entire home/apt,30,248.0
Manhattan,Entire home/apt,2,228.0
Brooklyn,Entire home/apt,30,100.0
Brooklyn,Entire home/apt,30,150.0
Bronx,Entire home/apt,30,65.0
Brooklyn,Entire home/apt,30,120.0
Brooklyn,Entire home/apt,30,84.0
Manhattan,Entire home/apt,2,192.0
Brooklyn,Entire home/apt,30,124.0
Queens,Entire home/apt,30,200.0
Manhattan,Entire home/apt,31,460.0
Bronx,Entire home/apt,2,162.0
Manhattan,Entire home/apt,1,729.0
Queens,Private room,30,68.0
Queens,Entire home/apt,30,117.0
Manhattan,Entire home/apt,30,144.0
Brooklyn,Private room,30,88.0
Manhattan,Entire home/apt,30,161.0
Staten Island,Private room,30,65.0
Brooklyn,Entire home/apt,30,170.0
Manhattan,Private room,30,70.0
Brooklyn,Entire home/apt,30,95.0
Bronx,Entire home/apt,30,80.0
Manhattan,Entire home/apt,30,121.0
Brooklyn,Entire home/apt,30,225.0
Brooklyn,Entire home/apt,30,178.0
Manhattan,Private room,30,249.0
Manhattan,Private room,30,75.0
Brooklyn,Private room,3,70.0
Manhattan,Entire home/apt,30,206.0
Queens,Entire home/apt,3,236.0
Brooklyn,Private room,30,72.0
Bronx,Private room,4,150.0
Queens,Entire home/apt,30,71.0
Manhattan,Entire home/apt,5,118.0
Queens,Entire home/apt,30,349.0
Manhattan,Entire home/apt,30,115.0
Queens,Private room,1,119.0
Brooklyn,Entire home/apt,30,351.0
Manhattan,Private room,30,199.0
Manhattan,Entire home/apt,31,286.0
Queens,Private room,30,62.0
Manhattan,Private room,30,67.0
Manhattan,Entire home/apt,30,90.0
Manhattan,Private room,30,106.0
Bronx,Entire home/apt,30,125.0
Manhattan,Entire home/apt,31,277.0
Brooklyn,Private room,30,56.0
Queens,Entire home/apt,30,150.0
Brooklyn,Private room,30,50.0
Manhattan,Entire home/apt,30,662.0
Manhattan,Entire home/apt,30,150.0
Queens,Private room,30,77.0
Manhattan,Entire home/apt,30,265.0
Brooklyn,Entire home/apt,30,180.0
Manhattan,Private room,30,199.0
Bronx,Entire home/apt,30,154.0
Queens,Entire home/apt,4,178.0
Queens,Private room,3,99.0
Queens,Private room,1,114.0
Manhattan,Entire home/apt,30,80.0
Brooklyn,Entire home/apt,30,105.0
Queens,Private room,30,59.0
Brooklyn,Entire home/apt,30,230.0
Brooklyn,Private room,30,120.0
Bronx,Entire home/apt,30,220.0
Brooklyn,Entire home/apt,30,200.0
Queens,Entire home/apt,30,125.0
Staten Island,Private room,30,115.0
Queens,Private room,3,103.0
Brooklyn,Entire home/apt,30,342.0
Manhattan,Entire home/apt,30,605.0
Queens,Entire home/apt,30,125.0
Manhattan,Private room,30,60.0
Brooklyn,Entire home/apt,30,200.0
Brooklyn,Entire home/apt,30,103.0
Queens,Entire home/apt,30,130.0
Queens,Entire home/apt,30,118.0
Queens,Private room,365,184.0
Brooklyn,Private room,30,70.0
Bronx,Private room,3,91.0
Queens,Entire home/apt,30,160.0
Manhattan,Entire home/apt,31,200.0
Brooklyn,Entire home/apt,30,450.0
Brooklyn,Entire home/apt,30,143.0
Manhattan,Entire home/apt,60,74.0
Brooklyn,Entire home/apt,30,171.0
Manhattan,Private room,4,200.0
Manhattan,Entire home/apt,30,160.0
Queens,Entire home/apt,30,143.0
Brooklyn,Entire home/apt,30,180.0
Manhattan,Private room,30,100.0
Manhattan,Entire home/apt,30,130.0
Manhattan,Entire home/apt,5,118.0
Manhattan,Entire home/apt,30,145.0
Brooklyn,Entire home/apt,30,79.0
Brooklyn,Private room,1,85.0
Brooklyn,Private room,1,85.0
Manhattan,Entire home/apt,3,583.0
Brooklyn,Private room,30,133.0
Queens,Entire home/apt,30,98.0
Brooklyn,Entire home/apt,30,158.0
Manhattan,Entire home/apt,31,411.0
Manhattan,Hotel room,30,285.0
Manhattan,Entire home/apt,30,103.0
Manhattan,Entire home/apt,30,209.0
Brooklyn,Entire home/apt,1,125.0
Queens,Private room,30,51.0
Staten Island,Entire home/apt,30,575.0
Brooklyn,Private room,30,75.0
Brooklyn,Private room,30,75.0
Manhattan,Entire home/apt,30,147.0
Manhattan,Entire home/apt,30,90.0
Brooklyn,Entire home/apt,30,180.0
Brooklyn,Entire home/apt,30,180.0
Brooklyn,Entire home/apt,30,100.0
Manhattan,Entire home/apt,30,160.0
Brooklyn,Entire home/apt,30,212.0
Brooklyn,Entire home/apt,30,168.0
Brooklyn,Entire home/apt,30,160.0
Brooklyn,Entire home/apt,4,282.0
Manhattan,Private room,30,89.0
Staten Island,Entire home/apt,30,94.0
Brooklyn,Entire home/apt,30,179.0
Queens,Entire home/apt,30,216.0
Manhattan,Private room,180,250.0
Brooklyn,Entire home/apt,30,131.0
Brooklyn,Entire home/apt,2,134.0
Manhattan,Private room,30,69.0
Bronx,Private room,30,85.0
Bronx,Private room,30,82.0
Manhattan,Entire home/apt,30,234.0
Bronx,Private room,30,82.0
Queens,Private room,2,238.0
Brooklyn,Entire home/apt,31,150.0
Manhattan,Entire home/apt,30,193.0
Brooklyn,Private room,30,62.0
Queens,Entire home/apt,30,108.0
Queens,Entire home/apt,30,109.0
Brooklyn,Entire home/apt,1,130.0
Brooklyn,Entire home/apt,1,125.0
Manhattan,Entire home/apt,31,369.0
Brooklyn,Entire home/apt,1,125.0
Brooklyn,Entire home/apt,1,125.0
Brooklyn,Entire home/apt,1,125.0
Brooklyn,Entire home/apt,30,135.0
Staten Island,Private room,30,71.0
Brooklyn,Entire home/apt,30,77.0
Brooklyn,Entire home/apt,30,230.0
Brooklyn,Entire home/apt,30,125.0
Manhattan,Private room,30,140.0
Manhattan,Entire home/apt,31,340.0
Manhattan,Entire home/apt,31,509.0
Queens,Private room,719,55.0
Bronx,Private room,30,315.0
Manhattan,Entire home/apt,2,229.0
Brooklyn,Entire home/apt,30,129.0
Manhattan,Private room,5,116.0
Manhattan,Entire home/apt,30,300.0
Manhattan,Entire home/apt,31,357.0
Manhattan,Hotel room,30,241.0
Manhattan,Entire home/apt,30,94.0
Queens,Private room,30,63.0
Bronx,Private room,30,85.0
Bronx,Private room,30,63.0
Manhattan,Entire home/apt,30,295.0
Queens,Private room,30,70.0
Brooklyn,Entire home/apt,30,265.0
Bronx,Entire home/apt,30,105.0
Manhattan,Entire home/apt,6,355.0
Brooklyn,Entire home/apt,30,160.0
Brooklyn,Private room,3,161.0
Manhattan,Entire home/apt,30,98.0
Brooklyn,Entire home/apt,4,236.0
Brooklyn,Private room,1,75.0
Staten Island,Entire home/apt,30,300.0
Manhattan,Private room,30,110.0
Manhattan,Entire home/apt,1,400.0
Queens,Private room,5,57.0
Manhattan,Private room,30,75.0
Brooklyn,Entire home/apt,2,225.0
Manhattan,Entire home/apt,30,283.0
Brooklyn,Entire home/apt,30,209.0
Brooklyn,Private room,35,50.0
Manhattan,Entire home/apt,30,221.0
Queens,Entire home/apt,30,59.0
Brooklyn,Entire home/apt,30,119.0
Manhattan,Private room,1,96.0
Bronx,Private room,30,56.0
Staten Island,Private room,30,291.0
Manhattan,Entire home/apt,30,300.0
Queens,Private room,30,77.0
Brooklyn,Entire home/apt,30,154.0
Brooklyn,Entire home/apt,30,130.0
Manhattan,Entire home/apt,2,243.0
Queens,Entire home/apt,30,204.0
Brooklyn,Entire home/apt,3,255.0
Queens,Private room,1,55.0
Brooklyn,Entire home/apt,30,347.0
Brooklyn,Entire home/apt,30,85.0
Brooklyn,Entire home/apt,30,111.0
Brooklyn,Entire home/apt,30,171.0
Brooklyn,Entire home/apt,30,358.0
Manhattan,Entire home/apt,30,100.0
Manhattan,Entire home/apt,30,110.0
Manhattan,Private room,30,90.0
Manhattan,Entire home/apt,1,329.0
Queens,Private room,30,55.0
Brooklyn,Private room,30,100.0
Queens,Entire home/apt,30,138.0
Manhattan,Private room,30,150.0
Manhattan,Entire home/apt,4,585.0
Brooklyn,Entire home/apt,30,217.0
Brooklyn,Entire home/apt,30,152.0
Manhattan,Entire home/apt,30,200.0
Queens,Private room,2,360.0
Manhattan,Private room,31,91.0
Manhattan,Private room,30,91.0
Brooklyn,Entire home/apt,30,202.0
Manhattan,Private room,30,115.0
Brooklyn,Entire home/apt,30,160.0
Manhattan,Hotel room,1,447.0
Manhattan,Hotel room,1,408.0
Manhattan,Private room,30,91.0
Queens,Entire home/apt,3,158.0
Manhattan,Entire home/apt,90,358.0
Manhattan,Entire home/apt,30,195.0
Brooklyn,Entire home/apt,30,235.0
Manhattan,Entire home/apt,30,99.0
Manhattan,Entire home/apt,30,374.0
Manhattan,Entire home/apt,30,333.0
Manhattan,Entire home/apt,30,207.0
Queens,Private room,30,420.0
Queens,Entire home/apt,30,270.0
Brooklyn,Private room,30,78.0
Manhattan,Entire home/apt,30,149.0
Manhattan,Entire home/apt,30,261.0
Brooklyn,Entire home/apt,30,80.0
Manhattan,Private room,30,85.0
Manhattan,Private room,30,90.0
Manhattan,Private room,30,54.0
Brooklyn,Entire home/apt,30,223.0
Queens,Private room,30,149.0
Brooklyn,Entire home/apt,2,229.0
Bronx,Private room,30,60.0
Bronx,Private room,30,56.0
Brooklyn,Private room,30,157.0
Brooklyn,Private room,30,900.0
Queens,Private room,30,100.0
Brooklyn,Entire home/apt,30,171.0
Queens,Private room,30,58.0
Manhattan,Entire home/apt,30,129.0
Brooklyn,Entire home/apt,30,185.0
Queens,Private room,30,58.0
Brooklyn,Entire home/apt,30,116.0
Brooklyn,Private room,30,116.0
Brooklyn,Entire home/apt,30,71.0
Brooklyn,Entire home/apt,30,125.0
Brooklyn,Entire home/apt,30,163.0
Queens,Private room,30,89.0
Queens,Entire home/apt,30,86.0
Manhattan,Entire home/apt,30,410.0
Manhattan,Private room,30,174.0
Manhattan,Private room,30,159.0
Queens,Private room,7,72.0
Manhattan,Entire home/apt,3,425.0
Manhattan,Entire home/apt,30,197.0
Manhattan,Hotel room,1,246.0
Queens,Private room,30,90.0
Brooklyn,Entire home/apt,30,89.0
Manhattan,Entire home/apt,30,186.0
Brooklyn,Private room,30,204.0
Manhattan,Entire home/apt,30,810.0
Brooklyn,Entire home/apt,30,114.0
Brooklyn,Entire home/apt,30,810.0
Manhattan,Entire home/apt,31,421.0
Manhattan,Entire home/apt,31,265.0
Bronx,Private room,30,90.0
Manhattan,Entire home/apt,30,170.0
Manhattan,Entire home/apt,31,677.0
Manhattan,Entire home/apt,30,93.0
Manhattan,Private room,30,355.0
Brooklyn,Private room,3,188.0
Manhattan,Entire home/apt,30,575.0
Brooklyn,Private room,30,282.0
Manhattan,Entire home/apt,30,199.0
Manhattan,Entire home/apt,30,154.0
Brooklyn,Entire home/apt,2,135.0
Queens,Entire home/apt,30,100.0
Brooklyn,Private room,30,131.0
Manhattan,Entire home/apt,30,280.0
Staten Island,Entire home/apt,30,120.0
Brooklyn,Entire home/apt,30,250.0
Staten Island,Entire home/apt,30,201.0
Manhattan,Private room,30,65.0
Brooklyn,Private room,30,50.0
Manhattan,Entire home/apt,30,464.0
Queens,Private room,30,120.0
Manhattan,Entire home/apt,30,200.0
Queens,Entire home/apt,4,179.0
Manhattan,Entire home/apt,30,180.0
Manhattan,Private room,1,93.0
Manhattan,Entire home/apt,30,250.0
Brooklyn,Private room,30,63.0
Brooklyn,Entire home/apt,30,98.0
Manhattan,Entire home/apt,3,185.0
Queens,Private room,30,75.0
Brooklyn,Entire home/apt,30,102.0
Brooklyn,Entire home/apt,30,69.0
Manhattan,Entire home/apt,3,199.0
Manhattan,Entire home/apt,30,135.0
Manhattan,Entire home/apt,3,159.0
Manhattan,Entire home/apt,30,283.0
Brooklyn,Entire home/apt,30,198.0
Manhattan,Entire home/apt,30,379.0
Brooklyn,Entire home/apt,30,418.0
Manhattan,Entire home/apt,3,182.0
Manhattan,Entire home/apt,31,407.0
Manhattan,Entire home/apt,30,144.0
Brooklyn,Entire home/apt,30,80.0
Brooklyn,Entire home/apt,30,345.0
Brooklyn,Private room,4,148.0
Manhattan,Entire home/apt,31,117.0
Brooklyn,Entire home/apt,30,100.0
Manhattan,Private room,1,286.0
Manhattan,Private room,1,645.0
Manhattan,Private room,1,293.0
Manhattan,Private room,1,854.0
Manhattan,Private room,1,537.0
Manhattan,Private room,1,286.0
Manhattan,Private room,1,293.0
Manhattan,Private room,1,286.0
Manhattan,Private room,1,244.0
Manhattan,Private room,1,224.0
Manhattan,Hotel room,1,345.0
Manhattan,Private room,1,498.0
Manhattan,Hotel room,1,301.0
Staten Island,Entire home/apt,30,85.0
Brooklyn,Private room,3,362.0
Manhattan,Hotel room,1,225.0
Brooklyn,Private room,30,110.0
Manhattan,Entire home/apt,30,100.0
Brooklyn,Private room,30,130.0
Brooklyn,Private room,30,157.0
Brooklyn,Entire home/apt,30,233.0
Manhattan,Entire home/apt,30,250.0
Brooklyn,Entire home/apt,30,104.0
Manhattan,Entire home/apt,31,308.0
Bronx,Private room,7,73.0
Manhattan,Entire home/apt,31,441.0
Manhattan,Entire home/apt,31,514.0
Manhattan,Private room,1,285.0
Manhattan,Private room,1,352.0
Staten Island,Entire home/apt,30,170.0
Brooklyn,Entire home/apt,30,239.0
Brooklyn,Private room,30,86.0
Manhattan,Entire home/apt,30,420.0
Brooklyn,Entire home/apt,30,85.0
Staten Island,Entire home/apt,30,79.0
Queens,Entire home/apt,30,143.0
Queens,Private room,716,55.0
Brooklyn,Entire home/apt,30,701.0
Manhattan,Entire home/apt,30,331.0
Brooklyn,Private room,30,111.0
Manhattan,Entire home/apt,30,271.0
Manhattan,Entire home/apt,30,95.0
Manhattan,Entire home/apt,30,337.0
Queens,Private room,1,59.0
Manhattan,Entire home/apt,30,115.0
Queens,Entire home/apt,30,135.0
Brooklyn,Entire home/apt,30,181.0
Manhattan,Entire home/apt,30,137.0
Manhattan,Entire home/apt,30,995.0
Brooklyn,Private room,2,270.0
Brooklyn,Entire home/apt,30,57.0
Brooklyn,Private room,7,117.0
Manhattan,Entire home/apt,30,167.0
Queens,Private room,30,110.0
Brooklyn,Entire home/apt,30,106.0
Manhattan,Entire home/apt,30,150.0
Queens,Entire home/apt,360,148.0
Brooklyn,Private room,30,86.0
Brooklyn,Private room,30,60.0
Manhattan,Entire home/apt,30,109.0
Brooklyn,Private room,30,91.0
Brooklyn,Entire home/apt,30,143.0
Manhattan,Entire home/apt,30,161.0
Manhattan,Entire home/apt,30,191.0
Manhattan,Entire home/apt,30,201.0
Queens,Entire home/apt,730,100.0
Manhattan,Entire home/apt,30,135.0
Manhattan,Entire home/apt,30,191.0
Manhattan,Entire home/apt,30,191.0
Manhattan,Entire home/apt,30,171.0
Manhattan,Entire home/apt,30,361.0
Brooklyn,Entire home/apt,30,150.0
Queens,Entire home/apt,30,60.0
Manhattan,Entire home/apt,30,211.0
Manhattan,Entire home/apt,30,171.0
Manhattan,Entire home/apt,2,221.0
Queens,Entire home/apt,3,225.0
Bronx,Private room,30,76.0
Brooklyn,Entire home/apt,30,123.0
Brooklyn,Private room,7,80.0
Queens,Private room,719,55.0
Queens,Entire home/apt,30,115.0
Manhattan,Entire home/apt,30,81.0
Queens,Entire home/apt,30,221.0
Queens,Private room,30,53.0
Queens,Private room,30,53.0
Manhattan,Entire home/apt,30,142.0
Brooklyn,Entire home/apt,30,120.0
Manhattan,Entire home/apt,30,249.0
Bronx,Entire home/apt,30,67.0
Brooklyn,Entire home/apt,30,656.0
Brooklyn,Entire home/apt,30,185.0
Manhattan,Private room,1,156.0
Manhattan,Private room,1,244.0
Brooklyn,Private room,30,60.0
Manhattan,Entire home/apt,30,422.0
Brooklyn,Entire home/apt,30,220.0
Brooklyn,Entire home/apt,30,269.0
Queens,Hotel room,1,224.0
Queens,Hotel room,1,208.0
Queens,Hotel room,1,218.0
Manhattan,Private room,30,98.0
Brooklyn,Private room,30,80.0
Brooklyn,Entire home/apt,30,118.0
Manhattan,Entire home/apt,30,250.0
Brooklyn,Private room,3,149.0
Manhattan,Entire home/apt,30,128.0
Queens,Entire home/apt,30,120.0
Manhattan,Entire home/apt,365,103.0
Brooklyn,Private room,30,110.0
Queens,Private room,30,200.0
Manhattan,Entire home/apt,30,171.0
Brooklyn,Entire home/apt,2,139.0
Queens,Private room,30,65.0
Brooklyn,Private room,30,100.0
Queens,Private room,30,65.0
Bronx,Private room,30,93.0
Manhattan,Private room,3,136.0
Brooklyn,Private room,30,224.0
Brooklyn,Entire home/apt,30,115.0
Queens,Private room,30,81.0
Queens,Entire home/apt,30,425.0
Brooklyn,Private room,7,185.0
Brooklyn,Private room,30,120.0
Brooklyn,Entire home/apt,30,375.0
Brooklyn,Private room,30,65.0
Queens,Private room,1,93.0
Queens,Private room,2,70.0
Brooklyn,Entire home/apt,30,80.0
Manhattan,Private room,30,80.0
Queens,Entire home/apt,30,171.0
Queens,Private room,1,85.0
Manhattan,Entire home/apt,30,64.0
Bronx,Private room,2,114.0
Brooklyn,Entire home/apt,30,219.0
Queens,Entire home/apt,30,158.0
Manhattan,Hotel room,1,312.0
Queens,Hotel room,1,229.0
Queens,Hotel room,1,224.0
Queens,Private room,1,119.0
Manhattan,Private room,1,145.0
Manhattan,Private room,1,177.0
Manhattan,Private room,1,145.0
Manhattan,Private room,1,192.0
Bronx,Private room,30,52.0
Brooklyn,Private room,30,61.0
Brooklyn,Entire home/apt,30,115.0
Manhattan,Entire home/apt,30,960.0
Brooklyn,Private room,30,58.0
Brooklyn,Entire home/apt,30,149.0
Brooklyn,Entire home/apt,30,225.0
Brooklyn,Private room,30,52.0
Manhattan,Entire home/apt,30,95.0
Manhattan,Private room,30,63.0
Queens,Entire home/apt,30,96.0
Staten Island,Entire home/apt,30,161.0
Bronx,Entire home/apt,30,75.0
Bronx,Private room,30,52.0
Queens,Private room,30,86.0
Queens,Entire home/apt,30,95.0
Brooklyn,Private room,3,240.0
Manhattan,Entire home/apt,30,105.0
Manhattan,Entire home/apt,31,326.0
Manhattan,Entire home/apt,31,367.0
Brooklyn,Private room,1,180.0
Brooklyn,Private room,1,161.0
Brooklyn,Private room,1,170.0
Brooklyn,Private room,1,221.0
Brooklyn,Private room,1,265.0
Brooklyn,Private room,1,161.0
Manhattan,Private room,1,231.0
Manhattan,Private room,1,258.0
Manhattan,Entire home/apt,30,355.0
Manhattan,Private room,30,67.0
Queens,Private room,30,53.0
Manhattan,Private room,1,247.0
Manhattan,Private room,1,233.0
Manhattan,Private room,30,135.0
Manhattan,Entire home/apt,30,51.0
Brooklyn,Entire home/apt,30,80.0
Brooklyn,Entire home/apt,30,481.0
Brooklyn,Entire home/apt,5,423.0
Manhattan,Private room,30,101.0
Bronx,Private room,30,75.0
Brooklyn,Private room,1,68.0
Brooklyn,Private room,30,72.0
Brooklyn,Entire home/apt,2,204.0
Manhattan,Entire home/apt,30,289.0
Queens,Entire home/apt,30,145.0
Brooklyn,Private room,2,69.0
Brooklyn,Entire home/apt,180,298.0
Brooklyn,Private room,1,895.0
Manhattan,Entire home/apt,30,201.0
Queens,Private room,730,55.0
Queens,Private room,30,131.0
Brooklyn,Entire home/apt,30,111.0
Manhattan,Entire home/apt,30,315.0
Manhattan,Entire home/apt,30,183.0
Brooklyn,Private room,30,68.0
Queens,Private room,730,55.0
Manhattan,Private room,1,183.0
Manhattan,Private room,1,192.0
Manhattan,Entire home/apt,4,314.0
Brooklyn,Entire home/apt,30,190.0
Brooklyn,Entire home/apt,30,225.0
Queens,Entire home/apt,30,62.0
Brooklyn,Private room,2,179.0
Manhattan,Entire home/apt,30,430.0
Manhattan,Entire home/apt,30,893.0
Manhattan,Private room,30,79.0
Brooklyn,Private room,1,183.0
Brooklyn,Entire home/apt,30,150.0
Bronx,Private room,2,87.0
Brooklyn,Entire home/apt,30,77.0
Manhattan,Entire home/apt,30,395.0
Manhattan,Entire home/apt,30,157.0
Manhattan,Private room,30,95.0
Manhattan,Entire home/apt,31,585.0
Manhattan,Entire home/apt,31,361.0
Queens,Private room,1,58.0
Brooklyn,Entire home/apt,30,766.0
Bronx,Entire home/apt,30,455.0
Bronx,Private room,30,204.0
Brooklyn,Private room,30,53.0
Manhattan,Entire home/apt,30,171.0
Manhattan,Private room,30,52.0
Brooklyn,Private room,2,199.0
Queens,Entire home/apt,30,350.0
Manhattan,Entire home/apt,2,476.0
Brooklyn,Private room,3,219.0
Brooklyn,Entire home/apt,30,653.0
Brooklyn,Entire home/apt,30,84.0
Brooklyn,Entire home/apt,30,149.0
Queens,Private room,1,78.0
Manhattan,Private room,1,199.0
Manhattan,Private room,1,236.0
Manhattan,Entire home/apt,30,159.0
Manhattan,Entire home/apt,30,340.0
Staten Island,Private room,30,65.0
Queens,Entire home/apt,31,147.0
Queens,Entire home/apt,30,210.0
Brooklyn,Private room,30,59.0
Brooklyn,Entire home/apt,30,114.0
Manhattan,Entire home/apt,1,264.0
Queens,Private room,730,55.0
Queens,Private room,730,55.0
Queens,Private room,730,55.0
Brooklyn,Entire home/apt,30,143.0
Manhattan,Private room,30,70.0
Bronx,Entire home/apt,30,104.0
Queens,Private room,30,90.0
Manhattan,Entire home/apt,31,451.0
Queens,Private room,30,75.0
Queens,Private room,2,117.0
Queens,Entire home/apt,30,131.0
Brooklyn,Entire home/apt,30,154.0
Brooklyn,Private room,2,139.0
Brooklyn,Entire home/apt,30,214.0
Manhattan,Private room,1,371.0
Manhattan,Private room,1,396.0
Brooklyn,Private room,30,92.0
Brooklyn,Private room,30,73.0
Manhattan,Private room,1,100.0
Brooklyn,Private room,3,175.0
Brooklyn,Private room,1,84.0
Brooklyn,Entire home/apt,3,114.0
Queens,Private room,1,87.0
Brooklyn,Private room,30,55.0
Brooklyn,Private room,30,51.0
Brooklyn,Private room,30,54.0
Manhattan,Private room,30,126.0
Manhattan,Entire home/apt,31,261.0
Queens,Entire home/apt,2,145.0
Queens,Entire home/apt,30,185.0
Manhattan,Entire home/apt,30,153.0
Brooklyn,Entire home/apt,30,571.0
Queens,Entire home/apt,30,100.0
Brooklyn,Entire home/apt,30,99.0
Manhattan,Entire home/apt,45,300.0
Manhattan,Entire home/apt,45,280.0
Manhattan,Entire home/apt,30,350.0
Manhattan,Entire home/apt,60,320.0
Brooklyn,Private room,30,55.0
Brooklyn,Entire home/apt,30,225.0
Brooklyn,Private room,30,59.0
Brooklyn,Private room,30,129.0
Manhattan,Entire home/apt,30,104.0
Bronx,Entire home/apt,30,110.0
Manhattan,Entire home/apt,30,107.0
Manhattan,Private room,30,152.0
Queens,Private room,30,294.0
Brooklyn,Entire home/apt,30,176.0
Brooklyn,Private room,3,141.0
Brooklyn,Entire home/apt,31,90.0
Manhattan,Entire home/apt,30,119.0
Queens,Private room,30,80.0
Brooklyn,Private room,2,89.0
Bronx,Entire home/apt,30,124.0
Queens,Entire home/apt,31,280.0
Brooklyn,Private room,2,243.0
Manhattan,Entire home/apt,30,192.0
Brooklyn,Entire home/apt,30,122.0
Brooklyn,Entire home/apt,30,589.0
Manhattan,Private room,30,840.0
Brooklyn,Entire home/apt,2,107.0
Manhattan,Entire home/apt,30,125.0
Manhattan,Private room,30,97.0
Bronx,Entire home/apt,60,135.0
Queens,Private room,30,79.0
Brooklyn,Entire home/apt,30,400.0
Brooklyn,Entire home/apt,30,295.0
Brooklyn,Entire home/apt,30,618.0
Brooklyn,Entire home/apt,2,255.0
Manhattan,Entire home/apt,30,164.0
Manhattan,Entire home/apt,59,120.0
Brooklyn,Entire home/apt,30,130.0
Brooklyn,Entire home/apt,30,150.0
Brooklyn,Entire home/apt,30,119.0
Manhattan,Entire home/apt,30,177.0
Manhattan,Entire home/apt,30,124.0
Brooklyn,Entire home/apt,30,250.0
Manhattan,Private room,1,172.0
Manhattan,Private room,1,205.0
Manhattan,Private room,1,162.0
Manhattan,Private room,1,198.0
Queens,Entire home/apt,30,90.0
Manhattan,Entire home/apt,31,483.0
Manhattan,Entire home/apt,30,266.0
Brooklyn,Entire home/apt,30,105.0
Manhattan,Entire home/apt,59,130.0
Queens,Private room,30,55.0
Manhattan,Entire home/apt,59,110.0
Manhattan,Entire home/apt,30,110.0
Manhattan,Entire home/apt,30,105.0
Staten Island,Private room,30,85.0
Queens,Private room,719,55.0
Queens,Private room,719,55.0
Brooklyn,Entire home/apt,30,420.0
Manhattan,Entire home/apt,30,77.0
Queens,Entire home/apt,30,171.0
Queens,Entire home/apt,30,164.0
Queens,Entire home/apt,30,275.0
Manhattan,Entire home/apt,30,137.0
Bronx,Private room,30,54.0
Manhattan,Entire home/apt,31,230.0
Manhattan,Entire home/apt,31,483.0
Manhattan,Entire home/apt,30,300.0
Queens,Entire home/apt,30,235.0
Manhattan,Private room,30,108.0
Queens,Entire home/apt,30,145.0
Manhattan,Entire home/apt,30,200.0
Manhattan,Private room,30,89.0
Manhattan,Private room,30,160.0
Manhattan,Entire home/apt,30,300.0
Manhattan,Private room,30,84.0
Brooklyn,Private room,3,565.0
Manhattan,Private room,30,90.0
Manhattan,Entire home/apt,45,283.0
Manhattan,Private room,30,100.0
Brooklyn,Entire home/apt,30,170.0
Brooklyn,Entire home/apt,30,105.0
Queens,Private room,30,50.0
Staten Island,Entire home/apt,30,121.0
Manhattan,Entire home/apt,3,741.0
Manhattan,Entire home/apt,30,220.0
Queens,Private room,30,63.0
Manhattan,Entire home/apt,30,94.0
Queens,Entire home/apt,30,304.0
Manhattan,Entire home/apt,30,272.0
Brooklyn,Entire home/apt,30,390.0
Brooklyn,Entire home/apt,30,275.0
Brooklyn,Entire home/apt,30,85.0
Manhattan,Entire home/apt,30,271.0
Manhattan,Private room,30,104.0
Queens,Private room,30,72.0
Queens,Private room,30,85.0
Bronx,Private room,30,65.0
Brooklyn,Entire home/apt,30,171.0
Manhattan,Entire home/apt,59,165.0
Queens,Entire home/apt,30,115.0
Manhattan,Entire home/apt,30,182.0
Manhattan,Entire home/apt,31,330.0
Manhattan,Private room,30,105.0
Manhattan,Entire home/apt,31,376.0
Brooklyn,Private room,30,105.0
Bronx,Private room,30,88.0
Brooklyn,Private room,30,114.0
Queens,Private room,30,52.0
Queens,Private room,30,91.0
Manhattan,Entire home/apt,30,150.0
Queens,Private room,30,80.0
Queens,Entire home/apt,30,238.0
Manhattan,Private room,30,82.0
Queens,Entire home/apt,30,60.0
Brooklyn,Private room,1,143.0
Queens,Private room,30,120.0
Bronx,Private room,2,74.0
Manhattan,Entire home/apt,30,151.0
Queens,Private room,30,92.0
Manhattan,Entire home/apt,30,115.0
Manhattan,Entire home/apt,30,104.0
Bronx,Entire home/apt,30,307.0
Brooklyn,Entire home/apt,30,160.0
Manhattan,Entire home/apt,30,107.0
Manhattan,Entire home/apt,30,250.0
Queens,Private room,30,100.0
Queens,Entire home/apt,31,437.0
Brooklyn,Entire home/apt,30,155.0
Brooklyn,Entire home/apt,30,284.0
Brooklyn,Private room,30,86.0
Brooklyn,Entire home/apt,2,234.0
Manhattan,Entire home/apt,31,372.0
Queens,Private room,30,65.0
Queens,Private room,30,60.0
Brooklyn,Entire home/apt,30,126.0
Queens,Hotel room,1,214.0
Manhattan,Entire home/apt,1,444.0
Brooklyn,Entire home/apt,30,69.0
Brooklyn,Entire home/apt,30,150.0
Manhattan,Private room,30,225.0
Bronx,Private room,30,65.0
Brooklyn,Private room,2,77.0
Queens,Private room,30,80.0
Queens,Entire home/apt,30,85.0
Brooklyn,Private room,30,64.0
Manhattan,Entire home/apt,60,115.0
Manhattan,Entire home/apt,30,124.0
Manhattan,Entire home/apt,30,124.0
Manhattan,Entire home/apt,30,179.0
Manhattan,Entire home/apt,30,135.0
Bronx,Private room,3,84.0
Manhattan,Private room,30,114.0
Manhattan,Entire home/apt,30,204.0
Manhattan,Entire home/apt,30,179.0
Manhattan,Entire home/apt,30,164.0
Manhattan,Entire home/apt,30,70.0
Manhattan,Private room,1,107.0
Brooklyn,Private room,30,130.0
Manhattan,Entire home/apt,31,640.0
Queens,Entire home/apt,30,123.0
Queens,Entire home/apt,30,115.0
Manhattan,Entire home/apt,30,437.0
Manhattan,Entire home/apt,30,360.0
Manhattan,Entire home/apt,30,129.0
Manhattan,Entire home/apt,30,450.0
Brooklyn,Entire home/apt,30,650.0
Brooklyn,Private room,30,63.0
Manhattan,Entire home/apt,2,158.0
Manhattan,Entire home/apt,30,105.0
Queens,Entire home/apt,30,147.0
Brooklyn,Private room,2,98.0
Brooklyn,Private room,4,62.0
Queens,Entire home/apt,30,216.0
Brooklyn,Private room,2,92.0
Manhattan,Entire home/apt,30,229.0
Brooklyn,Private room,30,239.0
Brooklyn,Private room,30,75.0
Brooklyn,Entire home/apt,30,135.0
Brooklyn,Private room,30,112.0
Manhattan,Entire home/apt,30,137.0
Manhattan,Entire home/apt,30,137.0
Bronx,Entire home/apt,30,160.0
Brooklyn,Private room,1,166.0
Manhattan,Private room,30,88.0
Manhattan,Entire home/apt,30,201.0
Brooklyn,Entire home/apt,30,200.0
Bronx,Private room,30,90.0
Queens,Private room,30,51.0
Bronx,Private room,30,57.0
Brooklyn,Entire home/apt,30,270.0
Brooklyn,Entire home/apt,30,150.0
Brooklyn,Entire home/apt,3,311.0
Brooklyn,Private room,30,53.0
Brooklyn,Private room,30,53.0
Manhattan,Entire home/apt,31,378.0
Brooklyn,Private room,1,102.0
Manhattan,Entire home/apt,30,113.0
Brooklyn,Private room,30,96.0
Queens,Private room,30,60.0
Brooklyn,Entire home/apt,30,195.0
Bronx,Private room,30,68.0
Brooklyn,Entire home/apt,30,238.0
Manhattan,Entire home/apt,30,151.0
Manhattan,Entire home/apt,30,206.0
Manhattan,Entire home/apt,30,164.0
Manhattan,Entire home/apt,30,179.0
Manhattan,Entire home/apt,30,137.0
Manhattan,Entire home/apt,30,109.0
Brooklyn,Entire home/apt,30,62.0
Staten Island,Entire home/apt,30,81.0
Queens,Private room,30,79.0
Brooklyn,Entire home/apt,30,170.0
Brooklyn,Entire home/apt,2,119.0
Manhattan,Entire home/apt,30,219.0
Manhattan,Entire home/apt,1,301.0
Brooklyn,Entire home/apt,30,198.0
Manhattan,Entire home/apt,60,150.0
Brooklyn,Private room,30,83.0
Staten Island,Entire home/apt,30,159.0
Manhattan,Entire home/apt,30,200.0
Bronx,Entire home/apt,30,110.0
Brooklyn,Entire home/apt,30,180.0
Brooklyn,Private room,30,90.0
Queens,Entire home/apt,30,119.0
Queens,Private room,30,96.0
Brooklyn,Entire home/apt,30,143.0
Brooklyn,Private room,3,125.0
Brooklyn,Private room,30,83.0
Brooklyn,Entire home/apt,30,285.0
Queens,Private room,31,67.0
Brooklyn,Private room,1,140.0
Queens,Private room,30,78.0
Brooklyn,Private room,1,140.0
Brooklyn,Entire home/apt,30,148.0
Queens,Entire home/apt,30,359.0
Queens,Entire home/apt,30,97.0
Queens,Entire home/apt,30,105.0
Brooklyn,Entire home/apt,30,131.0
Brooklyn,Private room,30,85.0
Manhattan,Entire home/apt,30,524.0
Queens,Private room,30,138.0
Manhattan,Entire home/apt,30,415.0
Bronx,Private room,30,62.0
Bronx,Private room,3,59.0
Queens,Private room,30,63.0
Queens,Entire home/apt,30,194.0
Manhattan,Private room,30,99.0
Brooklyn,Entire home/apt,2,407.0
Manhattan,Private room,30,82.0
Manhattan,Entire home/apt,1,189.0
Manhattan,Private room,30,92.0
Brooklyn,Private room,30,56.0
Brooklyn,Entire home/apt,30,206.0
Manhattan,Private room,30,100.0
Brooklyn,Private room,1,291.0
Manhattan,Private room,30,89.0
Manhattan,Entire home/apt,6,729.0
Queens,Entire home/apt,30,128.0
Manhattan,Entire home/apt,1,322.0
Manhattan,Entire home/apt,30,160.0
Manhattan,Hotel room,30,303.0
Manhattan,Hotel room,30,303.0
Manhattan,Hotel room,30,298.0
Manhattan,Hotel room,30,279.0
Manhattan,Hotel room,30,229.0
Queens,Entire home/apt,2,209.0
Bronx,Entire home/apt,30,113.0
Queens,Private room,30,87.0
Brooklyn,Private room,90,75.0
Queens,Private room,30,76.0
Queens,Entire home/apt,30,110.0
Queens,Private room,1,63.0
Brooklyn,Entire home/apt,30,227.0
Brooklyn,Entire home/apt,2,423.0
Manhattan,Private room,30,77.0
Manhattan,Entire home/apt,30,102.0
Manhattan,Private room,4,361.0
Manhattan,Entire home/apt,2,385.0
Staten Island,Private room,30,57.0
Brooklyn,Private room,30,143.0
Staten Island,Private room,30,60.0
Bronx,Private room,30,69.0
Manhattan,Entire home/apt,30,127.0
Bronx,Private room,30,62.0
Manhattan,Entire home/apt,30,349.0
Manhattan,Entire home/apt,30,127.0
Manhattan,Entire home/apt,30,135.0
Manhattan,Entire home/apt,30,180.0
Brooklyn,Entire home/apt,30,253.0
Brooklyn,Entire home/apt,30,152.0
Brooklyn,Private room,30,90.0
Brooklyn,Private room,30,51.0
Staten Island,Entire home/apt,30,70.0
Manhattan,Private room,30,50.0
Manhattan,Hotel room,1,313.0
Manhattan,Hotel room,1,364.0
Manhattan,Hotel room,1,430.0
Manhattan,Hotel room,1,446.0
Manhattan,Entire home/apt,30,165.0
Manhattan,Entire home/apt,90,200.0
Manhattan,Entire home/apt,30,200.0
Brooklyn,Private room,4,172.0
Brooklyn,Entire home/apt,30,180.0
Brooklyn,Private room,30,116.0
Brooklyn,Entire home/apt,30,325.0
Brooklyn,Entire home/apt,30,158.0
Brooklyn,Private room,3,88.0
Brooklyn,Entire home/apt,30,240.0
Brooklyn,Entire home/apt,30,110.0
Manhattan,Private room,30,241.0
Brooklyn,Entire home/apt,30,528.0
Brooklyn,Entire home/apt,300,333.0
Brooklyn,Private room,30,65.0
Brooklyn,Entire home/apt,30,361.0
Queens,Entire home/apt,30,78.0
Manhattan,Entire home/apt,30,350.0
Brooklyn,Entire home/apt,30,150.0
Manhattan,Entire home/apt,30,105.0
Manhattan,Entire home/apt,30,155.0
Brooklyn,Entire home/apt,30,200.0
Queens,Private room,30,60.0
Manhattan,Entire home/apt,30,89.0
Manhattan,Entire home/apt,30,120.0
Manhattan,Entire home/apt,30,145.0
Manhattan,Entire home/apt,30,120.0
Manhattan,Entire home/apt,30,190.0
Manhattan,Entire home/apt,30,177.0
Manhattan,Entire home/apt,30,156.0
Manhattan,Private room,30,59.0
Manhattan,Private room,30,55.0
Queens,Private room,30,62.0
Manhattan,Entire home/apt,30,192.0
Queens,Private room,30,90.0
Brooklyn,Entire home/apt,30,199.0
Bronx,Private room,30,180.0
Manhattan,Private room,30,128.0
Brooklyn,Entire home/apt,30,128.0
Manhattan,Entire home/apt,180,360.0
Brooklyn,Entire home/apt,30,124.0
Brooklyn,Entire home/apt,30,350.0
Brooklyn,Entire home/apt,30,469.0
Brooklyn,Private room,30,62.0
Queens,Entire home/apt,30,212.0
Manhattan,Private room,30,109.0
Brooklyn,Entire home/apt,30,256.0
Queens,Entire home/apt,3,189.0
Manhattan,Entire home/apt,30,160.0
Manhattan,Entire home/apt,30,525.0
Brooklyn,Entire home/apt,4,250.0
Queens,Entire home/apt,30,156.0
Staten Island,Entire home/apt,30,850.0
Manhattan,Entire home/apt,30,333.0
Manhattan,Entire home/apt,30,160.0
Bronx,Private room,30,58.0
Queens,Private room,719,55.0
Brooklyn,Private room,30,53.0
Staten Island,Entire home/apt,30,135.0
Brooklyn,Private room,30,63.0
Manhattan,Entire home/apt,30,222.0
Brooklyn,Entire home/apt,30,274.0
Manhattan,Private room,2,225.0
Brooklyn,Entire home/apt,1,217.0
Brooklyn,Private room,30,135.0
Brooklyn,Entire home/apt,30,219.0
Brooklyn,Entire home/apt,30,243.0
Queens,Entire home/apt,30,389.0
Manhattan,Entire home/apt,59,125.0
Manhattan,Entire home/apt,31,569.0
Manhattan,Private room,2,188.0
Brooklyn,Entire home/apt,30,120.0
Manhattan,Entire home/apt,30,229.0
Manhattan,Private room,30,69.0
Brooklyn,Private room,2,181.0
Bronx,Entire home/apt,30,225.0
Manhattan,Entire home/apt,31,369.0
Brooklyn,Private room,30,67.0
Brooklyn,Private room,30,85.0
Queens,Entire home/apt,30,237.0
Queens,Entire home/apt,1,189.0
Brooklyn,Entire home/apt,30,215.0
Manhattan,Entire home/apt,30,124.0
Manhattan,Entire home/apt,30,136.0
Manhattan,Private room,30,270.0
Manhattan,Entire home/apt,30,299.0
Brooklyn,Private room,30,253.0
Manhattan,Entire home/apt,30,250.0
Manhattan,Private room,1,315.0
Brooklyn,Entire home/apt,30,71.0
Manhattan,Entire home/apt,31,496.0
Brooklyn,Private room,30,123.0
Queens,Private room,30,95.0
Brooklyn,Private room,30,95.0
Brooklyn,Private room,2,77.0
Manhattan,Entire home/apt,30,155.0
Queens,Private room,30,78.0
Manhattan,Entire home/apt,30,115.0
Queens,Private room,30,70.0
Queens,Entire home/apt,30,180.0
Brooklyn,Private room,30,81.0
Brooklyn,Private room,30,90.0
Brooklyn,Entire home/apt,30,112.0
Manhattan,Entire home/apt,30,500.0
Queens,Entire home/apt,30,115.0
Queens,Private room,30,110.0
Manhattan,Private room,3,485.0
Bronx,Entire home/apt,30,125.0
Manhattan,Entire home/apt,1,209.0
Brooklyn,Entire home/apt,30,295.0
Manhattan,Entire home/apt,30,295.0
Brooklyn,Entire home/apt,30,200.0
Manhattan,Private room,30,149.0
Manhattan,Entire home/apt,30,251.0
Bronx,Entire home/apt,30,88.0
Brooklyn,Entire home/apt,30,200.0
Brooklyn,Entire home/apt,5,385.0
Manhattan,Entire home/apt,30,253.0
Manhattan,Entire home/apt,30,181.0
Manhattan,Entire home/apt,30,248.0
Queens,Entire home/apt,30,99.0
Queens,Entire home/apt,3,201.0
Manhattan,Entire home/apt,30,105.0
Brooklyn,Private room,30,99.0
Brooklyn,Private room,1,96.0
Manhattan,Shared room,9,76.0
Brooklyn,Entire home/apt,30,340.0
Manhattan,Entire home/apt,31,298.0
Manhattan,Entire home/apt,30,256.0
Queens,Private room,30,76.0
Queens,Private room,30,86.0
Bronx,Entire home/apt,30,130.0
Manhattan,Entire home/apt,30,97.0
Manhattan,Entire home/apt,30,147.0
Bronx,Entire home/apt,30,121.0
Brooklyn,Private room,3,280.0
Manhattan,Private room,30,89.0
Queens,Private room,30,90.0
Brooklyn,Entire home/apt,30,187.0
Manhattan,Private room,1,600.0
Manhattan,Private room,1,805.0
Manhattan,Private room,1,149.0
Manhattan,Private room,1,161.0
Manhattan,Private room,1,165.0
Manhattan,Private room,1,188.0
Manhattan,Private room,1,174.0
Manhattan,Private room,1,201.0
Manhattan,Private room,1,330.0
Manhattan,Private room,1,204.0
Brooklyn,Entire home/apt,30,99.0
Brooklyn,Private room,31,80.0
Manhattan,Entire home/apt,30,350.0
Manhattan,Entire home/apt,31,461.0
Manhattan,Entire home/apt,31,352.0
Manhattan,Entire home/apt,31,570.0
Manhattan,Entire home/apt,30,107.0
Manhattan,Entire home/apt,30,156.0
Manhattan,Private room,30,100.0
Manhattan,Private room,30,109.0
Brooklyn,Private room,30,62.0
Brooklyn,Entire home/apt,4,159.0
Bronx,Private room,30,54.0
Staten Island,Private room,2,113.0
Brooklyn,Entire home/apt,145,85.0
Brooklyn,Entire home/apt,30,149.0
Manhattan,Entire home/apt,30,108.0
Manhattan,Private room,1,309.0
Manhattan,Private room,1,144.0
Manhattan,Private room,1,346.0
Manhattan,Private room,1,373.0
Manhattan,Private room,1,600.0
Manhattan,Entire home/apt,30,85.0
Manhattan,Private room,30,127.0
Manhattan,Entire home/apt,31,422.0
Manhattan,Private room,30,75.0
Brooklyn,Private room,30,158.0
Manhattan,Private room,30,118.0
Manhattan,Private room,30,97.0
Brooklyn,Entire home/apt,30,200.0
Manhattan,Entire home/apt,30,133.0
Bronx,Private room,30,82.0
Brooklyn,Entire home/apt,30,238.0
Manhattan,Entire home/apt,3,250.0
Manhattan,Entire home/apt,31,660.0
Brooklyn,Private room,30,80.0
Manhattan,Private room,30,150.0
Bronx,Private room,30,80.0
Brooklyn,Entire home/apt,30,300.0
Staten Island,Private room,30,96.0
Manhattan,Entire home/apt,30,299.0
Manhattan,Entire home/apt,31,386.0
Brooklyn,Private room,3,242.0
Manhattan,Private room,30,90.0
Brooklyn,Entire home/apt,30,145.0
Staten Island,Private room,30,135.0
Bronx,Private room,30,153.0
Brooklyn,Entire home/apt,30,123.0
Manhattan,Entire home/apt,30,151.0
Brooklyn,Entire home/apt,30,150.0
Brooklyn,Entire home/apt,30,197.0
Brooklyn,Entire home/apt,45,155.0
Brooklyn,Entire home/apt,30,203.0
Brooklyn,Private room,30,54.0
Brooklyn,Entire home/apt,2,251.0
Queens,Private room,30,86.0
Brooklyn,Entire home/apt,30,255.0
Brooklyn,Private room,2,261.0
Brooklyn,Entire home/apt,30,270.0
Brooklyn,Entire home/apt,30,200.0
Brooklyn,Entire home/apt,30,99.0
Manhattan,Entire home/apt,1,156.0
Brooklyn,Private room,30,86.0
Brooklyn,Entire home/apt,30,192.0
Queens,Entire home/apt,1,131.0
Manhattan,Entire home/apt,59,130.0
Brooklyn,Entire home/apt,3,256.0
Brooklyn,Entire home/apt,30,189.0
Manhattan,Entire home/apt,30,179.0
Brooklyn,Private room,30,58.0
Queens,Private room,30,82.0
Queens,Private room,30,67.0
Brooklyn,Private room,30,80.0
Manhattan,Entire home/apt,30,74.0
Manhattan,Private room,30,101.0
Manhattan,Entire home/apt,30,163.0
Brooklyn,Entire home/apt,30,108.0
Queens,Private room,30,82.0
Manhattan,Entire home/apt,30,304.0
Manhattan,Entire home/apt,1,209.0
Brooklyn,Entire home/apt,30,225.0
Brooklyn,Private room,30,99.0
Brooklyn,Private room,30,90.0
Manhattan,Entire home/apt,30,111.0
Brooklyn,Entire home/apt,30,429.0
Manhattan,Entire home/apt,30,113.0
Manhattan,Entire home/apt,30,272.0
Brooklyn,Entire home/apt,30,97.0
Manhattan,Private room,30,97.0
Manhattan,Private room,60,133.0
Queens,Entire home/apt,30,156.0
Brooklyn,Entire home/apt,30,184.0
Queens,Private room,30,50.0
Brooklyn,Private room,30,60.0
Brooklyn,Entire home/apt,30,425.0
Queens,Entire home/apt,30,96.0
Brooklyn,Private room,1,89.0
Manhattan,Entire home/apt,30,121.0
Queens,Private room,4,180.0
Brooklyn,Entire home/apt,30,182.0
Queens,Entire home/apt,30,151.0
Brooklyn,Entire home/apt,30,306.0
Manhattan,Entire home/apt,30,275.0
Manhattan,Entire home/apt,30,206.0
Brooklyn,Private room,30,62.0
Queens,Entire home/apt,30,250.0
Queens,Entire home/apt,30,77.0
Manhattan,Private room,30,131.0
Bronx,Entire home/apt,30,139.0
Queens,Entire home/apt,30,135.0
Brooklyn,Entire home/apt,30,152.0
Manhattan,Entire home/apt,30,899.0
Brooklyn,Private room,30,155.0
Queens,Private room,3,141.0
Bronx,Entire home/apt,30,140.0
Brooklyn,Private room,1,224.0
Manhattan,Entire home/apt,1,274.0
Manhattan,Entire home/apt,1,277.0
Brooklyn,Entire home/apt,30,405.0
Brooklyn,Entire home/apt,30,243.0
Brooklyn,Private room,2,118.0
Brooklyn,Entire home/apt,60,110.0
Manhattan,Entire home/apt,7,650.0
Brooklyn,Private room,1,75.0
Manhattan,Entire home/apt,7,380.0
Manhattan,Entire home/apt,7,605.0
Brooklyn,Private room,4,143.0
Manhattan,Private room,30,98.0
Manhattan,Private room,30,107.0
Brooklyn,Private room,30,65.0
Manhattan,Private room,1,963.0
Queens,Entire home/apt,30,399.0
Brooklyn,Entire home/apt,30,249.0
Manhattan,Entire home/apt,30,225.0
Bronx,Private room,30,60.0
Brooklyn,Entire home/apt,30,89.0
Manhattan,Entire home/apt,60,152.0
Manhattan,Private room,30,135.0
Brooklyn,Private room,3,125.0
Manhattan,Entire home/apt,2,331.0
Manhattan,Entire home/apt,2,270.0
Manhattan,Entire home/apt,2,270.0
Brooklyn,Entire home/apt,30,151.0
Brooklyn,Entire home/apt,30,75.0
Manhattan,Private room,30,80.0
Brooklyn,Entire home/apt,30,225.0
Manhattan,Private room,30,83.0
Brooklyn,Entire home/apt,3,225.0
Manhattan,Entire home/apt,30,195.0
Manhattan,Entire home/apt,30,192.0
Queens,Entire home/apt,30,100.0
Manhattan,Entire home/apt,1,239.0
Manhattan,Entire home/apt,30,142.0
Brooklyn,Entire home/apt,30,100.0
Staten Island,Private room,30,94.0
Manhattan,Entire home/apt,30,333.0
Brooklyn,Entire home/apt,30,269.0
Queens,Entire home/apt,30,105.0
Brooklyn,Entire home/apt,30,195.0
Queens,Private room,30,87.0
Brooklyn,Private room,30,70.0
Brooklyn,Private room,30,70.0
Queens,Entire home/apt,90,169.0
Queens,Private room,30,108.0
Manhattan,Private room,30,99.0
Manhattan,Entire home/apt,30,211.0
Brooklyn,Entire home/apt,30,300.0
Brooklyn,Private room,4,71.0
Manhattan,Entire home/apt,30,200.0
Queens,Private room,30,140.0
Staten Island,Private room,30,55.0
Brooklyn,Entire home/apt,30,86.0
Queens,Entire home/apt,30,150.0
Brooklyn,Entire home/apt,30,185.0
Queens,Entire home/apt,30,115.0
Manhattan,Entire home/apt,30,120.0
Queens,Entire home/apt,30,90.0
Bronx,Private room,1,64.0
Brooklyn,Entire home/apt,30,400.0
Manhattan,Entire home/apt,30,259.0
Manhattan,Private room,30,161.0
Manhattan,Private room,30,81.0
Brooklyn,Private room,30,297.0
Queens,Private room,1,65.0
Brooklyn,Entire home/apt,30,95.0
Brooklyn,Private room,2,147.0
Brooklyn,Private room,30,210.0
Brooklyn,Private room,30,78.0
Brooklyn,Entire home/apt,2,153.0
Brooklyn,Entire home/apt,30,174.0
Brooklyn,Private room,7,105.0
Brooklyn,Entire home/apt,30,362.0
Manhattan,Private room,30,120.0
Brooklyn,Entire home/apt,30,289.0
Manhattan,Entire home/apt,31,455.0
Staten Island,Entire home/apt,30,131.0
Brooklyn,Entire home/apt,30,223.0
Brooklyn,Entire home/apt,30,128.0
Brooklyn,Private room,30,94.0
Manhattan,Entire home/apt,30,323.0
Manhattan,Entire home/apt,30,92.0
Manhattan,Entire home/apt,30,98.0
Brooklyn,Entire home/apt,30,116.0
Manhattan,Entire home/apt,1,274.0
Brooklyn,Entire home/apt,30,119.0
Manhattan,Entire home/apt,1,274.0
Manhattan,Entire home/apt,30,150.0
Brooklyn,Entire home/apt,5,210.0
Queens,Entire home/apt,30,204.0
Manhattan,Entire home/apt,30,114.0
Manhattan,Entire home/apt,1,706.0
Brooklyn,Private room,30,125.0
Brooklyn,Entire home/apt,30,126.0
Queens,Private room,30,125.0
Brooklyn,Private room,30,71.0
Manhattan,Entire home/apt,31,502.0
Brooklyn,Entire home/apt,30,300.0
Queens,Entire home/apt,30,213.0
Manhattan,Private room,1,235.0
Brooklyn,Private room,30,51.0
Manhattan,Entire home/apt,30,842.0
Manhattan,Entire home/apt,2,341.0
Manhattan,Entire home/apt,30,268.0
Queens,Private room,30,89.0
Brooklyn,Private room,3,145.0
Brooklyn,Private room,1,105.0
Queens,Entire home/apt,30,150.0
Brooklyn,Entire home/apt,30,278.0
Manhattan,Entire home/apt,30,355.0
Manhattan,Entire home/apt,30,767.0
Brooklyn,Entire home/apt,30,576.0
Queens,Entire home/apt,30,109.0
Queens,Private room,30,53.0
Manhattan,Entire home/apt,31,326.0
Manhattan,Entire home/apt,31,243.0
Manhattan,Entire home/apt,31,615.0
Manhattan,Entire home/apt,31,243.0
Queens,Entire home/apt,2,144.0
Manhattan,Entire home/apt,30,127.0
Queens,Entire home/apt,30,119.0
Manhattan,Entire home/apt,30,150.0
Manhattan,Private room,30,162.0
Brooklyn,Entire home/apt,30,540.0
Manhattan,Entire home/apt,30,408.0
Brooklyn,Private room,3,105.0
Manhattan,Entire home/apt,30,97.0
Manhattan,Entire home/apt,30,65.0
Brooklyn,Entire home/apt,30,196.0
Brooklyn,Entire home/apt,30,135.0
Manhattan,Entire home/apt,30,260.0
Manhattan,Entire home/apt,30,245.0
Brooklyn,Private room,4,185.0
Brooklyn,Private room,30,91.0
Brooklyn,Entire home/apt,30,176.0
Brooklyn,Entire home/apt,30,148.0
Manhattan,Entire home/apt,30,95.0
Manhattan,Entire home/apt,30,80.0
Manhattan,Entire home/apt,31,413.0
Manhattan,Entire home/apt,31,410.0
Manhattan,Entire home/apt,31,432.0
Manhattan,Entire home/apt,31,552.0
Brooklyn,Entire home/apt,30,130.0
Brooklyn,Entire home/apt,30,90.0
Manhattan,Entire home/apt,30,133.0
Queens,Entire home/apt,30,116.0
Manhattan,Entire home/apt,4,179.0
Brooklyn,Private room,30,200.0
Manhattan,Entire home/apt,30,105.0
Brooklyn,Entire home/apt,30,80.0
Brooklyn,Private room,30,120.0
Brooklyn,Entire home/apt,30,135.0
Manhattan,Entire home/apt,30,117.0
Brooklyn,Entire home/apt,30,260.0
Queens,Private room,30,475.0
Manhattan,Private room,30,65.0
Manhattan,Entire home/apt,30,161.0
Brooklyn,Private room,30,60.0
Manhattan,Entire home/apt,30,171.0
Brooklyn,Private room,30,60.0
Manhattan,Entire home/apt,31,292.0
Brooklyn,Entire home/apt,30,160.0
Brooklyn,Entire home/apt,4,495.0
Brooklyn,Entire home/apt,30,285.0
Manhattan,Entire home/apt,30,147.0
Brooklyn,Entire home/apt,30,174.0
Manhattan,Entire home/apt,30,198.0
Brooklyn,Private room,30,100.0
Manhattan,Private room,30,75.0
Queens,Private room,3,82.0
Manhattan,Private room,2,111.0
Manhattan,Private room,30,65.0
Manhattan,Entire home/apt,30,94.0
Brooklyn,Entire home/apt,30,80.0
Manhattan,Entire home/apt,30,105.0
Brooklyn,Private room,30,143.0
Brooklyn,Entire home/apt,30,125.0
Brooklyn,Entire home/apt,30,200.0
Manhattan,Entire home/apt,30,273.0
Manhattan,Private room,30,90.0
Brooklyn,Entire home/apt,30,99.0
Manhattan,Entire home/apt,30,366.0
Brooklyn,Private room,2,80.0
Queens,Entire home/apt,30,89.0
Staten Island,Entire home/apt,30,150.0
Brooklyn,Private room,30,55.0
Brooklyn,Private room,30,60.0
Manhattan,Entire home/apt,30,115.0
Queens,Entire home/apt,4,165.0
Manhattan,Private room,30,159.0
Brooklyn,Entire home/apt,30,560.0
Brooklyn,Entire home/apt,30,99.0
Brooklyn,Entire home/apt,32,105.0
Bronx,Entire home/apt,30,110.0
Queens,Entire home/apt,30,165.0
Manhattan,Entire home/apt,7,344.0
Manhattan,Private room,30,181.0
Manhattan,Entire home/apt,30,137.0
Brooklyn,Entire home/apt,30,493.0
Bronx,Entire home/apt,30,125.0
Manhattan,Entire home/apt,30,95.0
Queens,Entire home/apt,30,172.0
Queens,Entire home/apt,30,165.0
Queens,Entire home/apt,30,151.0
Manhattan,Entire home/apt,30,122.0
Queens,Entire home/apt,30,200.0
Brooklyn,Entire home/apt,30,149.0
Brooklyn,Private room,5,105.0
Staten Island,Private room,30,51.0
Manhattan,Entire home/apt,30,231.0
Brooklyn,Entire home/apt,30,229.0
Brooklyn,Entire home/apt,30,288.0
Manhattan,Private room,30,90.0
Bronx,Entire home/apt,30,71.0
Manhattan,Private room,30,65.0
Manhattan,Private room,30,60.0
Manhattan,Entire home/apt,30,290.0
Queens,Entire home/apt,30,96.0
Brooklyn,Entire home/apt,30,146.0
Brooklyn,Private room,30,67.0
Queens,Entire home/apt,30,150.0
Queens,Entire home/apt,30,55.0
Brooklyn,Entire home/apt,30,126.0
Manhattan,Entire home/apt,30,207.0
Manhattan,Private room,30,73.0
Manhattan,Entire home/apt,30,85.0
Brooklyn,Private room,30,235.0
Manhattan,Private room,30,94.0
Manhattan,Entire home/apt,31,516.0
Manhattan,Private room,30,78.0
Manhattan,Entire home/apt,30,94.0
Manhattan,Entire home/apt,30,94.0
Manhattan,Entire home/apt,30,104.0
Manhattan,Entire home/apt,30,301.0
Queens,Private room,30,50.0
Brooklyn,Entire home/apt,30,180.0
Manhattan,Entire home/apt,2,138.0
Manhattan,Entire home/apt,31,389.0
Queens,Entire home/apt,30,189.0
Brooklyn,Entire home/apt,30,64.0
Manhattan,Entire home/apt,31,50.0
Manhattan,Private room,90,103.0
Manhattan,Entire home/apt,30,266.0
Manhattan,Entire home/apt,238,171.0
Brooklyn,Entire home/apt,30,413.0
Brooklyn,Entire home/apt,30,282.0
Brooklyn,Entire home/apt,30,115.0
Queens,Entire home/apt,30,178.0
Brooklyn,Private room,30,137.0
Brooklyn,Entire home/apt,30,170.0
Queens,Private room,30,100.0
Queens,Entire home/apt,30,150.0
Brooklyn,Entire home/apt,30,120.0
Manhattan,Entire home/apt,30,115.0
Manhattan,Entire home/apt,30,404.0
Manhattan,Entire home/apt,30,266.0
Brooklyn,Entire home/apt,30,120.0
Bronx,Entire home/apt,30,95.0
Queens,Entire home/apt,90,118.0
Manhattan,Entire home/apt,30,599.0
Manhattan,Private room,30,67.0
Manhattan,Private room,30,130.0
Manhattan,Entire home/apt,30,100.0
Manhattan,Entire home/apt,30,301.0
Manhattan,Entire home/apt,30,200.0
Manhattan,Entire home/apt,90,250.0
Staten Island,Private room,30,126.0
Queens,Private room,31,118.0
Manhattan,Private room,2,106.0
Manhattan,Private room,30,73.0
Manhattan,Private room,30,65.0
Manhattan,Private room,30,67.0
Brooklyn,Entire home/apt,30,94.0
Manhattan,Private room,1,148.0
Manhattan,Entire home/apt,30,84.0
Manhattan,Entire home/apt,30,210.0
Manhattan,Entire home/apt,30,84.0
Brooklyn,Private room,2,120.0
Brooklyn,Private room,30,52.0
Brooklyn,Private room,1,103.0
Brooklyn,Entire home/apt,30,158.0
Queens,Private room,30,121.0
Brooklyn,Entire home/apt,30,108.0
Manhattan,Private room,30,108.0
Queens,Private room,30,216.0
Manhattan,Entire home/apt,30,180.0
Manhattan,Private room,30,68.0
Brooklyn,Entire home/apt,30,152.0
Brooklyn,Private room,30,52.0
Brooklyn,Private room,30,51.0
Manhattan,Private room,30,199.0
Brooklyn,Entire home/apt,3,171.0
Staten Island,Entire home/apt,30,180.0
Manhattan,Entire home/apt,30,799.0
Brooklyn,Entire home/apt,30,105.0
Bronx,Entire home/apt,30,68.0
Brooklyn,Entire home/apt,30,135.0
Manhattan,Entire home/apt,30,295.0
Queens,Entire home/apt,30,110.0
Queens,Entire home/apt,1,114.0
Brooklyn,Private room,30,100.0
Brooklyn,Entire home/apt,30,199.0
Brooklyn,Private room,3,110.0
Brooklyn,Entire home/apt,30,105.0
Brooklyn,Entire home/apt,30,100.0
Queens,Private room,1,150.0
Manhattan,Private room,30,67.0
Bronx,Private room,30,54.0
Brooklyn,Private room,30,56.0
Manhattan,Entire home/apt,30,206.0
Manhattan,Entire home/apt,31,429.0
Manhattan,Entire home/apt,30,1000.0
Brooklyn,Private room,2,80.0
Manhattan,Private room,30,200.0
Manhattan,Entire home/apt,30,342.0
Manhattan,Entire home/apt,30,122.0
Manhattan,Entire home/apt,30,119.0
Brooklyn,Private room,30,71.0
Brooklyn,Entire home/apt,30,170.0
Manhattan,Entire home/apt,31,283.0
Manhattan,Entire home/apt,31,340.0
Staten Island,Entire home/apt,30,125.0
Manhattan,Entire home/apt,30,191.0
Brooklyn,Private room,30,69.0
Manhattan,Entire home/apt,30,191.0
Manhattan,Entire home/apt,30,229.0
Staten Island,Private room,30,58.0
Queens,Entire home/apt,30,149.0
Manhattan,Private room,273,50.0
Brooklyn,Entire home/apt,30,100.0
Manhattan,Entire home/apt,15,115.0
Manhattan,Entire home/apt,15,150.0
Manhattan,Entire home/apt,15,119.0
Manhattan,Entire home/apt,15,115.0
Manhattan,Entire home/apt,15,135.0
Manhattan,Entire home/apt,15,145.0
Manhattan,Entire home/apt,15,140.0
Manhattan,Entire home/apt,15,134.0
Manhattan,Entire home/apt,15,124.0
Manhattan,Entire home/apt,15,171.0
Manhattan,Entire home/apt,15,140.0
Manhattan,Entire home/apt,15,181.0
Manhattan,Entire home/apt,15,177.0
Manhattan,Entire home/apt,15,145.0
Manhattan,Entire home/apt,19,183.0
Manhattan,Private room,15,139.0
Manhattan,Entire home/apt,15,150.0
Manhattan,Entire home/apt,15,125.0
Manhattan,Entire home/apt,15,140.0
Manhattan,Entire home/apt,15,160.0
Brooklyn,Entire home/apt,30,135.0
Manhattan,Private room,30,250.0
Brooklyn,Private room,30,81.0
Manhattan,Entire home/apt,31,366.0
Manhattan,Entire home/apt,30,90.0
Manhattan,Private room,30,67.0
Queens,Entire home/apt,2,354.0
Manhattan,Entire home/apt,30,198.0
Queens,Entire home/apt,30,315.0
Bronx,Entire home/apt,30,66.0
Manhattan,Entire home/apt,30,225.0
Manhattan,Entire home/apt,30,314.0
Manhattan,Entire home/apt,30,269.0
Manhattan,Entire home/apt,30,220.0
Brooklyn,Entire home/apt,30,100.0
Staten Island,Private room,30,89.0
Manhattan,Private room,30,113.0
Queens,Private room,30,76.0
Brooklyn,Entire home/apt,30,666.0
Brooklyn,Entire home/apt,30,823.0
Brooklyn,Entire home/apt,30,145.0
Manhattan,Entire home/apt,30,225.0
Brooklyn,Entire home/apt,2,210.0
Manhattan,Entire home/apt,1,140.0
Manhattan,Entire home/apt,2,167.0
Manhattan,Entire home/apt,30,139.0
Manhattan,Entire home/apt,1,195.0
Manhattan,Entire home/apt,30,475.0
Brooklyn,Entire home/apt,30,142.0
Queens,Private room,30,175.0
Manhattan,Entire home/apt,30,246.0
Brooklyn,Entire home/apt,30,105.0
Queens,Entire home/apt,30,165.0
Manhattan,Entire home/apt,30,157.0
Manhattan,Private room,30,225.0
Brooklyn,Entire home/apt,30,88.0
Bronx,Private room,30,60.0
Queens,Entire home/apt,30,118.0
Staten Island,Entire home/apt,30,199.0
Brooklyn,Entire home/apt,30,171.0
Queens,Entire home/apt,30,88.0
Brooklyn,Private room,30,60.0
Manhattan,Entire home/apt,30,89.0
Brooklyn,Entire home/apt,30,100.0
Brooklyn,Entire home/apt,30,300.0
Brooklyn,Private room,30,52.0
Brooklyn,Private room,30,52.0
Brooklyn,Private room,30,52.0
Brooklyn,Private room,30,52.0
Brooklyn,Private room,30,53.0
Brooklyn,Private room,30,51.0
Brooklyn,Private room,30,52.0
Manhattan,Entire home/apt,30,350.0
Manhattan,Entire home/apt,15,157.0
Manhattan,Entire home/apt,15,150.0
Manhattan,Private room,15,136.0
Manhattan,Entire home/apt,30,135.0
Manhattan,Entire home/apt,15,150.0
Manhattan,Private room,30,110.0
Manhattan,Private room,15,157.0
Manhattan,Entire home/apt,15,160.0
Queens,Private room,30,70.0
Brooklyn,Entire home/apt,30,122.0
Brooklyn,Entire home/apt,30,271.0
Manhattan,Entire home/apt,7,155.0
Queens,Private room,1,125.0
Brooklyn,Private room,30,71.0
Queens,Entire home/apt,30,119.0
Brooklyn,Entire home/apt,30,95.0
Manhattan,Entire home/apt,30,155.0
Brooklyn,Private room,30,111.0
Brooklyn,Entire home/apt,30,64.0
Brooklyn,Entire home/apt,30,566.0
Manhattan,Entire home/apt,30,500.0
Brooklyn,Private room,30,62.0
Queens,Private room,30,50.0
Manhattan,Entire home/apt,30,375.0
Queens,Private room,30,60.0
Bronx,Private room,30,72.0
Brooklyn,Entire home/apt,3,465.0
Brooklyn,Entire home/apt,30,195.0
Manhattan,Private room,1,154.0
Queens,Private room,30,77.0
Bronx,Private room,30,99.0
Queens,Private room,30,50.0
Queens,Entire home/apt,1,93.0
Queens,Private room,2,199.0
Brooklyn,Entire home/apt,30,110.0
Manhattan,Entire home/apt,31,534.0
Manhattan,Entire home/apt,1,151.0
Brooklyn,Entire home/apt,30,354.0
Queens,Entire home/apt,30,242.0
Manhattan,Entire home/apt,30,330.0
Brooklyn,Entire home/apt,30,73.0
Queens,Private room,30,56.0
Manhattan,Private room,30,130.0
Queens,Entire home/apt,30,782.0
Brooklyn,Private room,30,75.0
Brooklyn,Private room,30,50.0
Manhattan,Entire home/apt,30,167.0
Brooklyn,Private room,30,52.0
Manhattan,Private room,30,150.0
Manhattan,Entire home/apt,30,248.0
Manhattan,Entire home/apt,30,160.0
Brooklyn,Entire home/apt,30,492.0
Manhattan,Entire home/apt,30,162.0
Brooklyn,Entire home/apt,30,102.0
Brooklyn,Private room,2,188.0
Manhattan,Entire home/apt,30,175.0
Manhattan,Private room,30,96.0
Manhattan,Private room,30,90.0
Manhattan,Entire home/apt,30,195.0
Manhattan,Entire home/apt,30,220.0
Manhattan,Entire home/apt,30,200.0
Manhattan,Entire home/apt,30,200.0
Manhattan,Entire home/apt,30,156.0
Manhattan,Private room,30,83.0
Brooklyn,Entire home/apt,30,80.0
Brooklyn,Entire home/apt,30,131.0
Manhattan,Entire home/apt,15,150.0
Brooklyn,Private room,30,144.0
Brooklyn,Entire home/apt,90,98.0
Manhattan,Entire home/apt,2,377.0
Manhattan,Entire home/apt,30,96.0
Bronx,Entire home/apt,30,110.0
Manhattan,Entire home/apt,30,147.0
Manhattan,Entire home/apt,30,273.0
Manhattan,Entire home/apt,30,323.0
Manhattan,Entire home/apt,30,196.0
Manhattan,Entire home/apt,30,199.0
Brooklyn,Entire home/apt,30,342.0
Queens,Entire home/apt,30,170.0
Manhattan,Entire home/apt,30,250.0
Brooklyn,Entire home/apt,2,323.0
Manhattan,Entire home/apt,30,125.0
Manhattan,Entire home/apt,30,268.0
Brooklyn,Private room,1,119.0
Manhattan,Entire home/apt,1,192.0
Brooklyn,Private room,30,146.0
Brooklyn,Private room,30,75.0
Manhattan,Entire home/apt,30,120.0
Brooklyn,Entire home/apt,30,122.0
Manhattan,Entire home/apt,30,133.0
Brooklyn,Entire home/apt,30,115.0
Manhattan,Entire home/apt,30,185.0
Brooklyn,Entire home/apt,30,101.0
Manhattan,Entire home/apt,1,155.0
Brooklyn,Private room,30,150.0
Brooklyn,Entire home/apt,30,152.0
Manhattan,Entire home/apt,30,97.0
Manhattan,Entire home/apt,30,250.0
Manhattan,Entire home/apt,30,196.0
Manhattan,Entire home/apt,1,163.0
Brooklyn,Entire home/apt,30,87.0
Manhattan,Private room,30,83.0
Manhattan,Entire home/apt,1,229.0
Queens,Private room,30,51.0
Brooklyn,Entire home/apt,30,95.0
Manhattan,Entire home/apt,1,168.0
Manhattan,Entire home/apt,1,246.0
Bronx,Private room,30,102.0
Bronx,Entire home/apt,2,237.0
Manhattan,Entire home/apt,1,201.0
Manhattan,Entire home/apt,1,234.0
Manhattan,Entire home/apt,1,235.0
Manhattan,Entire home/apt,30,63.0
Manhattan,Entire home/apt,30,99.0
Manhattan,Entire home/apt,30,130.0
Manhattan,Entire home/apt,30,150.0
Queens,Entire home/apt,30,149.0
Brooklyn,Entire home/apt,30,375.0
Manhattan,Entire home/apt,30,116.0
Brooklyn,Private room,30,80.0
Bronx,Entire home/apt,30,79.0
Brooklyn,Private room,30,108.0
Manhattan,Entire home/apt,30,100.0
Manhattan,Entire home/apt,1,205.0
Manhattan,Entire home/apt,30,192.0
Manhattan,Entire home/apt,30,97.0
Brooklyn,Entire home/apt,30,376.0
Brooklyn,Private room,30,112.0
Queens,Entire home/apt,30,95.0
Manhattan,Private room,60,133.0
Brooklyn,Entire home/apt,30,142.0
Manhattan,Entire home/apt,35,138.0
Brooklyn,Private room,4,110.0
Manhattan,Entire home/apt,30,265.0
Queens,Private room,30,76.0
Bronx,Entire home/apt,30,100.0
Manhattan,Entire home/apt,30,100.0
Queens,Entire home/apt,30,438.0
Brooklyn,Private room,30,66.0
Manhattan,Entire home/apt,30,159.0
Queens,Entire home/apt,45,115.0
Bronx,Private room,30,65.0
Brooklyn,Entire home/apt,30,159.0
Queens,Entire home/apt,30,69.0
Manhattan,Entire home/apt,360,280.0
Manhattan,Entire home/apt,15,220.0
Brooklyn,Entire home/apt,30,759.0
Manhattan,Entire home/apt,15,190.0
Manhattan,Entire home/apt,30,300.0
Brooklyn,Private room,30,66.0
Manhattan,Entire home/apt,1,194.0
Brooklyn,Private room,30,66.0
Manhattan,Entire home/apt,30,482.0
Brooklyn,Entire home/apt,60,315.0
Brooklyn,Entire home/apt,30,139.0
Manhattan,Private room,30,80.0
Brooklyn,Private room,3,102.0
Manhattan,Entire home/apt,30,308.0
Queens,Private room,30,60.0
Manhattan,Entire home/apt,30,250.0
Manhattan,Private room,30,92.0
Queens,Entire home/apt,30,202.0
Manhattan,Entire home/apt,30,200.0
Brooklyn,Entire home/apt,30,225.0
Manhattan,Entire home/apt,30,100.0
Manhattan,Private room,1,173.0
Brooklyn,Entire home/apt,30,611.0
Manhattan,Entire home/apt,31,265.0
Manhattan,Entire home/apt,31,319.0
Manhattan,Entire home/apt,31,317.0
Queens,Private room,30,100.0
Brooklyn,Private room,30,97.0
Queens,Private room,30,300.0
Queens,Entire home/apt,30,155.0
Brooklyn,Entire home/apt,30,165.0
Manhattan,Entire home/apt,30,206.0
Staten Island,Entire home/apt,30,144.0
Bronx,Entire home/apt,30,95.0
Manhattan,Entire home/apt,30,199.0
Queens,Entire home/apt,30,88.0
Staten Island,Entire home/apt,30,141.0
Staten Island,Private room,30,75.0
Manhattan,Entire home/apt,31,380.0
Manhattan,Entire home/apt,31,535.0
Manhattan,Entire home/apt,31,333.0
Bronx,Private room,30,60.0
Manhattan,Entire home/apt,30,750.0
Manhattan,Entire home/apt,1,192.0
Bronx,Entire home/apt,7,109.0
Staten Island,Entire home/apt,30,240.0
Manhattan,Entire home/apt,30,243.0
Manhattan,Entire home/apt,30,411.0
Manhattan,Entire home/apt,30,250.0
Manhattan,Private room,30,100.0
Manhattan,Entire home/apt,1,136.0
Manhattan,Entire home/apt,15,160.0
Manhattan,Private room,30,119.0
Queens,Private room,30,54.0
Manhattan,Entire home/apt,30,130.0
Manhattan,Entire home/apt,31,392.0
Brooklyn,Private room,30,54.0
Brooklyn,Entire home/apt,30,141.0
Manhattan,Entire home/apt,30,361.0
Manhattan,Entire home/apt,30,377.0
Manhattan,Entire home/apt,30,361.0
Manhattan,Entire home/apt,30,120.0
Brooklyn,Private room,30,165.0
Manhattan,Entire home/apt,30,103.0
Manhattan,Entire home/apt,30,100.0
Manhattan,Entire home/apt,30,711.0
Manhattan,Entire home/apt,30,105.0
Manhattan,Entire home/apt,30,99.0
Manhattan,Private room,365,150.0
Brooklyn,Entire home/apt,30,158.0
Manhattan,Entire home/apt,30,313.0
Manhattan,Entire home/apt,30,329.0
Manhattan,Entire home/apt,60,64.0
Manhattan,Entire home/apt,30,125.0
Manhattan,Entire home/apt,30,146.0
Manhattan,Entire home/apt,30,179.0
Staten Island,Entire home/apt,30,65.0
Queens,Entire home/apt,30,62.0
Brooklyn,Entire home/apt,30,130.0
Manhattan,Entire home/apt,30,139.0
Brooklyn,Private room,2,210.0
Brooklyn,Private room,1,125.0
Manhattan,Private room,1,202.0
Manhattan,Entire home/apt,30,283.0
Manhattan,Entire home/apt,30,294.0
Manhattan,Entire home/apt,30,289.0
Manhattan,Entire home/apt,30,310.0
Manhattan,Entire home/apt,30,163.0
Manhattan,Entire home/apt,30,316.0
Manhattan,Entire home/apt,30,338.0
Manhattan,Private room,360,60.0
Brooklyn,Entire home/apt,30,325.0
Manhattan,Entire home/apt,60,155.0
Brooklyn,Entire home/apt,90,174.0
Manhattan,Entire home/apt,31,484.0
Manhattan,Entire home/apt,30,95.0
Bronx,Entire home/apt,30,257.0
Brooklyn,Entire home/apt,30,95.0
Queens,Entire home/apt,30,100.0
Manhattan,Entire home/apt,31,394.0
Brooklyn,Entire home/apt,3,122.0
Manhattan,Entire home/apt,30,179.0
Manhattan,Entire home/apt,30,100.0
Manhattan,Entire home/apt,31,288.0
Queens,Entire home/apt,30,131.0
Manhattan,Entire home/apt,30,350.0
Queens,Entire home/apt,30,138.0
Manhattan,Entire home/apt,30,281.0
Brooklyn,Private room,30,75.0
Brooklyn,Entire home/apt,30,121.0
Brooklyn,Entire home/apt,30,92.0
Brooklyn,Entire home/apt,30,115.0
Queens,Private room,30,115.0
Queens,Entire home/apt,30,137.0
Brooklyn,Private room,30,62.0
Bronx,Private room,30,95.0
Manhattan,Entire home/apt,30,145.0
Queens,Private room,1,89.0
Manhattan,Entire home/apt,60,110.0
Manhattan,Entire home/apt,30,150.0
Brooklyn,Entire home/apt,30,75.0
Brooklyn,Entire home/apt,30,125.0
Brooklyn,Private room,30,168.0
Manhattan,Entire home/apt,30,122.0
Brooklyn,Entire home/apt,30,160.0
Brooklyn,Entire home/apt,30,105.0
Staten Island,Entire home/apt,30,289.0
Manhattan,Entire home/apt,30,157.0
Brooklyn,Entire home/apt,30,314.0
Manhattan,Entire home/apt,30,299.0
Brooklyn,Private room,3,87.0
Manhattan,Entire home/apt,30,150.0
Brooklyn,Private room,30,150.0
Manhattan,Entire home/apt,30,110.0
Manhattan,Entire home/apt,30,105.0
Queens,Private room,30,89.0
Brooklyn,Entire home/apt,1,125.0
Manhattan,Entire home/apt,30,85.0
Manhattan,Entire home/apt,30,150.0
Manhattan,Entire home/apt,30,169.0
Manhattan,Entire home/apt,30,125.0
Queens,Private room,30,62.0
Queens,Private room,30,53.0
Queens,Entire home/apt,30,92.0
Brooklyn,Entire home/apt,3,194.0
Manhattan,Entire home/apt,30,218.0
Brooklyn,Entire home/apt,2,209.0
Brooklyn,Private room,30,121.0
Brooklyn,Entire home/apt,30,170.0
Manhattan,Private room,30,114.0
Manhattan,Entire home/apt,30,208.0
Manhattan,Entire home/apt,30,311.0
Manhattan,Entire home/apt,60,148.0
Manhattan,Entire home/apt,1,221.0
Manhattan,Entire home/apt,1,419.0
Manhattan,Entire home/apt,30,202.0
Manhattan,Entire home/apt,30,181.0
Manhattan,Entire home/apt,30,152.0
Manhattan,Entire home/apt,30,168.0
Brooklyn,Private room,30,58.0
Manhattan,Entire home/apt,15,121.0
Brooklyn,Entire home/apt,30,425.0
Manhattan,Entire home/apt,15,160.0
Manhattan,Entire home/apt,1,405.0
Manhattan,Entire home/apt,15,185.0
Manhattan,Entire home/apt,29,494.0
Manhattan,Entire home/apt,30,1000.0
Brooklyn,Private room,30,189.0
Queens,Entire home/apt,30,299.0
Manhattan,Entire home/apt,30,85.0
Manhattan,Entire home/apt,30,149.0
Queens,Entire home/apt,30,145.0
Brooklyn,Entire home/apt,30,270.0
Manhattan,Entire home/apt,4,255.0
Manhattan,Entire home/apt,15,150.0
Brooklyn,Entire home/apt,30,126.0
Brooklyn,Private room,30,68.0
Manhattan,Entire home/apt,30,142.0
Manhattan,Entire home/apt,15,165.0
Manhattan,Private room,2,143.0
Queens,Entire home/apt,30,181.0
Brooklyn,Entire home/apt,30,140.0
Brooklyn,Private room,30,64.0
Brooklyn,Private room,30,103.0
Brooklyn,Entire home/apt,30,250.0
Brooklyn,Private room,30,446.0
Queens,Private room,30,50.0
Manhattan,Entire home/apt,30,100.0
Manhattan,Entire home/apt,60,155.0
Brooklyn,Entire home/apt,30,119.0
Brooklyn,Private room,30,65.0
Manhattan,Entire home/apt,30,399.0
Manhattan,Entire home/apt,30,90.0
Manhattan,Entire home/apt,30,355.0
Manhattan,Entire home/apt,30,274.0
Manhattan,Entire home/apt,30,350.0
Manhattan,Entire home/apt,30,322.0
Manhattan,Entire home/apt,30,332.0
Manhattan,Entire home/apt,30,197.0
Manhattan,Entire home/apt,30,195.0
Manhattan,Entire home/apt,30,297.0
Manhattan,Entire home/apt,30,228.0
Manhattan,Entire home/apt,15,150.0
Manhattan,Entire home/apt,30,104.0
Manhattan,Entire home/apt,15,137.0
Manhattan,Entire home/apt,30,125.0
Manhattan,Entire home/apt,15,191.0
Queens,Entire home/apt,30,414.0
Manhattan,Entire home/apt,30,119.0
Brooklyn,Entire home/apt,30,145.0
Brooklyn,Private room,30,62.0
Brooklyn,Private room,30,70.0
Manhattan,Entire home/apt,15,145.0
Manhattan,Entire home/apt,30,100.0
Manhattan,Private room,4,499.0
Manhattan,Entire home/apt,30,303.0
Manhattan,Private room,4,119.0
Manhattan,Entire home/apt,30,154.0
Brooklyn,Entire home/apt,30,177.0
Manhattan,Entire home/apt,30,175.0
Manhattan,Entire home/apt,31,471.0
Manhattan,Entire home/apt,31,391.0
Manhattan,Entire home/apt,31,407.0
Manhattan,Entire home/apt,31,391.0
Manhattan,Entire home/apt,30,155.0
Brooklyn,Private room,30,157.0
Queens,Entire home/apt,30,181.0
Brooklyn,Entire home/apt,30,237.0
Brooklyn,Entire home/apt,30,89.0
Queens,Entire home/apt,30,128.0
Brooklyn,Entire home/apt,30,200.0
Queens,Entire home/apt,30,130.0
Manhattan,Entire home/apt,30,117.0
Brooklyn,Entire home/apt,1,200.0
Manhattan,Entire home/apt,45,120.0
Manhattan,Entire home/apt,30,399.0
Brooklyn,Private room,30,130.0
Queens,Entire home/apt,30,275.0
Brooklyn,Entire home/apt,30,293.0
Queens,Private room,30,64.0
Manhattan,Private room,3,383.0
Brooklyn,Private room,30,159.0
Brooklyn,Entire home/apt,30,130.0
Brooklyn,Private room,3,87.0
Queens,Private room,2,109.0
Manhattan,Entire home/apt,31,369.0
Brooklyn,Private room,2,103.0
Manhattan,Entire home/apt,30,499.0
Manhattan,Entire home/apt,30,273.0
Manhattan,Private room,1,203.0
Manhattan,Entire home/apt,30,220.0
Manhattan,Entire home/apt,31,255.0
Manhattan,Entire home/apt,31,340.0
Manhattan,Entire home/apt,31,325.0
Manhattan,Entire home/apt,31,183.0
Brooklyn,Private room,30,86.0
Manhattan,Entire home/apt,30,150.0
Brooklyn,Private room,30,62.0
Queens,Private room,30,99.0
Brooklyn,Entire home/apt,30,99.0
Brooklyn,Entire home/apt,30,115.0
Brooklyn,Entire home/apt,30,100.0
Bronx,Private room,30,62.0
Manhattan,Private room,3,122.0
Manhattan,Entire home/apt,31,333.0
Manhattan,Entire home/apt,30,130.0
Manhattan,Entire home/apt,30,130.0
Manhattan,Entire home/apt,30,130.0
Manhattan,Entire home/apt,30,130.0
Manhattan,Entire home/apt,30,130.0
Manhattan,Entire home/apt,30,130.0
Queens,Private room,30,59.0
Manhattan,Entire home/apt,30,185.0
Brooklyn,Entire home/apt,30,109.0
Manhattan,Private room,30,75.0
Brooklyn,Private room,30,60.0
Brooklyn,Private room,30,60.0
Brooklyn,Entire home/apt,30,90.0
Brooklyn,Entire home/apt,3,181.0
Brooklyn,Entire home/apt,30,110.0
Manhattan,Private room,30,375.0
Brooklyn,Entire home/apt,30,135.0
Manhattan,Entire home/apt,30,315.0
Manhattan,Entire home/apt,7,155.0
Manhattan,Entire home/apt,30,135.0
Manhattan,Entire home/apt,30,160.0
Brooklyn,Entire home/apt,30,234.0
Staten Island,Private room,2,125.0
Manhattan,Entire home/apt,7,170.0
Bronx,Private room,30,56.0
Brooklyn,Entire home/apt,30,200.0
Brooklyn,Entire home/apt,30,185.0
Manhattan,Entire home/apt,30,200.0
Brooklyn,Private room,30,51.0
Manhattan,Entire home/apt,30,155.0
Manhattan,Private room,1,199.0
Queens,Entire home/apt,30,80.0
Manhattan,Entire home/apt,90,186.0
Manhattan,Entire home/apt,31,293.0
Manhattan,Entire home/apt,31,305.0
Manhattan,Entire home/apt,31,532.0
Manhattan,Entire home/apt,31,429.0
Manhattan,Entire home/apt,31,535.0
Brooklyn,Entire home/apt,30,113.0
Brooklyn,Private room,30,95.0
Staten Island,Entire home/apt,30,295.0
Manhattan,Entire home/apt,15,219.0
Brooklyn,Entire home/apt,30,119.0
Manhattan,Entire home/apt,30,201.0
Manhattan,Private room,1,203.0
Manhattan,Private room,30,159.0
Manhattan,Entire home/apt,30,395.0
Manhattan,Entire home/apt,31,512.0
Manhattan,Entire home/apt,30,127.0
Manhattan,Entire home/apt,30,119.0
Manhattan,Entire home/apt,30,271.0
Manhattan,Entire home/apt,30,114.0
Manhattan,Entire home/apt,30,232.0
Manhattan,Entire home/apt,30,232.0
Manhattan,Entire home/apt,30,232.0
Manhattan,Entire home/apt,31,261.0
Manhattan,Entire home/apt,30,179.0
Manhattan,Entire home/apt,30,110.0
Manhattan,Entire home/apt,15,150.0
Manhattan,Entire home/apt,30,127.0
Queens,Private room,30,62.0
Manhattan,Entire home/apt,15,200.0
Queens,Entire home/apt,30,247.0
Manhattan,Private room,3,89.0
Manhattan,Entire home/apt,30,186.0
Manhattan,Entire home/apt,30,348.0
Manhattan,Entire home/apt,30,287.0
Manhattan,Entire home/apt,30,530.0
Manhattan,Entire home/apt,30,232.0
Manhattan,Entire home/apt,30,130.0
Manhattan,Entire home/apt,30,137.0
Brooklyn,Private room,50,260.0
Manhattan,Entire home/apt,30,120.0
Manhattan,Entire home/apt,30,120.0
Manhattan,Entire home/apt,30,120.0
Manhattan,Entire home/apt,30,120.0
Manhattan,Entire home/apt,30,208.0
Manhattan,Entire home/apt,31,442.0
Brooklyn,Entire home/apt,3,625.0
Brooklyn,Entire home/apt,30,300.0
Bronx,Entire home/apt,30,126.0
Manhattan,Private room,30,83.0
Manhattan,Entire home/apt,30,225.0
Manhattan,Entire home/apt,30,246.0
Manhattan,Entire home/apt,30,219.0
Manhattan,Entire home/apt,30,100.0
Brooklyn,Private room,30,75.0
Bronx,Entire home/apt,30,100.0
Brooklyn,Entire home/apt,31,220.0
Manhattan,Entire home/apt,30,150.0
Manhattan,Private room,30,100.0
Manhattan,Entire home/apt,1,235.0
Queens,Entire home/apt,30,129.0
Manhattan,Private room,30,93.0
Manhattan,Entire home/apt,30,170.0
Manhattan,Entire home/apt,30,230.0
Manhattan,Entire home/apt,30,495.0
Manhattan,Entire home/apt,30,379.0
Manhattan,Entire home/apt,30,339.0
Manhattan,Entire home/apt,30,553.0
Manhattan,Entire home/apt,30,283.0
Manhattan,Entire home/apt,30,127.0
Manhattan,Entire home/apt,30,122.0
Manhattan,Private room,30,200.0
Brooklyn,Entire home/apt,30,117.0
Brooklyn,Private room,30,90.0
Manhattan,Entire home/apt,30,100.0
Brooklyn,Private room,30,150.0
Manhattan,Entire home/apt,30,100.0
Queens,Entire home/apt,30,285.0
Brooklyn,Entire home/apt,30,150.0
Queens,Private room,30,65.0
Queens,Private room,30,74.0
Manhattan,Entire home/apt,31,132.0
Manhattan,Entire home/apt,1,271.0
Manhattan,Entire home/apt,30,201.0
Manhattan,Entire home/apt,30,179.0
Manhattan,Entire home/apt,30,185.0
Queens,Private room,30,67.0
Manhattan,Entire home/apt,31,396.0
Brooklyn,Entire home/apt,31,92.0
Queens,Entire home/apt,1,100.0
Staten Island,Private room,30,80.0
Staten Island,Private room,30,80.0
Queens,Entire home/apt,30,166.0
Manhattan,Entire home/apt,30,185.0
Manhattan,Entire home/apt,30,350.0
Manhattan,Entire home/apt,30,339.0
Queens,Entire home/apt,30,476.0
Manhattan,Entire home/apt,30,142.0
Manhattan,Private room,30,300.0
Staten Island,Private room,30,90.0
Brooklyn,Entire home/apt,30,126.0
Manhattan,Entire home/apt,30,273.0
Manhattan,Entire home/apt,30,253.0
Queens,Entire home/apt,30,119.0
Manhattan,Entire home/apt,30,265.0
Brooklyn,Entire home/apt,2,161.0
Manhattan,Entire home/apt,2,317.0
Brooklyn,Entire home/apt,30,126.0
Brooklyn,Private room,30,60.0
Queens,Private room,30,80.0
Staten Island,Entire home/apt,30,79.0
Manhattan,Private room,30,125.0
Manhattan,Entire home/apt,30,139.0
Manhattan,Private room,1,193.0
Manhattan,Entire home/apt,31,369.0
Manhattan,Entire home/apt,31,520.0
Manhattan,Entire home/apt,31,502.0
Manhattan,Entire home/apt,31,369.0
Manhattan,Entire home/apt,30,200.0
Manhattan,Entire home/apt,30,398.0
Brooklyn,Entire home/apt,30,275.0
Manhattan,Private room,1,217.0
Manhattan,Entire home/apt,30,120.0
Manhattan,Entire home/apt,30,120.0
Manhattan,Entire home/apt,30,137.0
Manhattan,Entire home/apt,30,120.0
Manhattan,Entire home/apt,30,120.0
Manhattan,Entire home/apt,30,120.0
Manhattan,Entire home/apt,30,120.0
Manhattan,Entire home/apt,30,120.0
Manhattan,Entire home/apt,30,120.0
Manhattan,Entire home/apt,30,120.0
Manhattan,Private room,30,64.0
Manhattan,Entire home/apt,2,145.0
Manhattan,Entire home/apt,30,128.0
Manhattan,Entire home/apt,30,240.0
Manhattan,Entire home/apt,30,251.0
Manhattan,Entire home/apt,30,175.0
Manhattan,Entire home/apt,30,212.0
Brooklyn,Entire home/apt,30,956.0
Manhattan,Entire home/apt,30,189.0
Brooklyn,Private room,30,50.0
Brooklyn,Entire home/apt,30,125.0
Manhattan,Entire home/apt,30,119.0
Manhattan,Entire home/apt,31,505.0
Manhattan,Entire home/apt,31,373.0
Manhattan,Entire home/apt,30,347.0
Manhattan,Entire home/apt,30,160.0
Queens,Private room,3,85.0
Queens,Private room,3,127.0
Queens,Private room,3,115.0
Manhattan,Private room,30,70.0
Manhattan,Private room,2,378.0
Manhattan,Private room,4,214.0
Brooklyn,Entire home/apt,30,277.0
Manhattan,Entire home/apt,30,201.0
Brooklyn,Private room,30,500.0
Queens,Entire home/apt,30,110.0
Brooklyn,Entire home/apt,30,115.0
Manhattan,Entire home/apt,1,211.0
Queens,Private room,30,60.0
Manhattan,Entire home/apt,30,109.0
Manhattan,Entire home/apt,30,164.0
Manhattan,Entire home/apt,1,136.0
Manhattan,Entire home/apt,1,109.0
Manhattan,Entire home/apt,1,109.0
Staten Island,Entire home/apt,30,85.0
Manhattan,Entire home/apt,30,198.0
Brooklyn,Private room,30,98.0
Brooklyn,Entire home/apt,60,200.0
Queens,Entire home/apt,30,72.0
Manhattan,Entire home/apt,1,356.0
Manhattan,Entire home/apt,30,100.0
Manhattan,Entire home/apt,30,250.0
Manhattan,Entire home/apt,15,171.0
Manhattan,Entire home/apt,1,177.0
Queens,Entire home/apt,30,150.0
Queens,Entire home/apt,30,55.0
Manhattan,Entire home/apt,30,200.0
Bronx,Private room,30,65.0
Manhattan,Entire home/apt,30,105.0
Brooklyn,Entire home/apt,31,176.0
Staten Island,Entire home/apt,30,77.0
Brooklyn,Entire home/apt,30,119.0
Manhattan,Entire home/apt,30,258.0
Brooklyn,Private room,3,118.0
Brooklyn,Entire home/apt,30,189.0
Manhattan,Entire home/apt,31,349.0
Manhattan,Entire home/apt,31,363.0
Manhattan,Entire home/apt,31,418.0
Brooklyn,Entire home/apt,30,128.0
Manhattan,Entire home/apt,15,125.0
Manhattan,Entire home/apt,2,146.0
Manhattan,Entire home/apt,2,202.0
Manhattan,Entire home/apt,2,171.0
Manhattan,Entire home/apt,30,377.0
Manhattan,Entire home/apt,30,469.0
Brooklyn,Entire home/apt,30,265.0
Manhattan,Entire home/apt,30,283.0
Manhattan,Entire home/apt,30,244.0
Manhattan,Entire home/apt,30,255.0
Manhattan,Entire home/apt,30,271.0
Manhattan,Entire home/apt,70,65.0
Brooklyn,Private room,30,90.0
Staten Island,Entire home/apt,30,100.0
Manhattan,Entire home/apt,30,137.0
Manhattan,Entire home/apt,30,125.0
Brooklyn,Private room,30,59.0
Brooklyn,Entire home/apt,30,337.0
Brooklyn,Entire home/apt,30,290.0
Manhattan,Entire home/apt,30,300.0
Queens,Entire home/apt,30,85.0
Queens,Entire home/apt,30,80.0
Manhattan,Entire home/apt,30,180.0
Brooklyn,Entire home/apt,30,84.0
Brooklyn,Entire home/apt,30,262.0
Manhattan,Private room,4,129.0
Manhattan,Entire home/apt,31,428.0
Manhattan,Entire home/apt,31,473.0
Queens,Entire home/apt,30,143.0
Brooklyn,Private room,3,83.0
Manhattan,Entire home/apt,90,147.0
Manhattan,Entire home/apt,30,222.0
Brooklyn,Private room,30,63.0
Brooklyn,Private room,30,55.0
Queens,Private room,2,90.0
Queens,Entire home/apt,30,90.0
Brooklyn,Entire home/apt,30,135.0
Queens,Entire home/apt,30,131.0
Brooklyn,Entire home/apt,30,132.0
Brooklyn,Entire home/apt,30,68.0
Manhattan,Entire home/apt,30,145.0
Brooklyn,Private room,30,78.0
Manhattan,Entire home/apt,30,200.0
Queens,Entire home/apt,30,225.0
Brooklyn,Entire home/apt,30,263.0
Manhattan,Entire home/apt,31,298.0
Manhattan,Entire home/apt,31,330.0
Manhattan,Entire home/apt,30,90.0
Manhattan,Entire home/apt,7,136.0
Queens,Entire home/apt,30,77.0
Brooklyn,Entire home/apt,30,361.0
Brooklyn,Private room,1,300.0
Manhattan,Entire home/apt,30,250.0
Manhattan,Entire home/apt,30,129.0
Manhattan,Entire home/apt,30,130.0
Brooklyn,Entire home/apt,30,90.0
Manhattan,Entire home/apt,32,88.0
Manhattan,Private room,30,99.0
Queens,Private room,30,50.0
Brooklyn,Entire home/apt,30,126.0
Staten Island,Private room,1,100.0
Queens,Private room,30,54.0
Manhattan,Entire home/apt,30,310.0
Manhattan,Entire home/apt,30,120.0
Manhattan,Entire home/apt,1,199.0
Queens,Entire home/apt,30,85.0
Bronx,Entire home/apt,30,144.0
Brooklyn,Entire home/apt,30,85.0
Brooklyn,Entire home/apt,30,140.0
Brooklyn,Private room,30,53.0
Manhattan,Entire home/apt,1,109.0
Brooklyn,Private room,30,280.0
Brooklyn,Entire home/apt,30,117.0
Manhattan,Entire home/apt,30,201.0
Manhattan,Entire home/apt,4,241.0
Manhattan,Private room,1,156.0
Manhattan,Entire home/apt,30,185.0
Manhattan,Private room,30,50.0
Brooklyn,Private room,30,120.0
Manhattan,Entire home/apt,30,135.0
Manhattan,Entire home/apt,30,297.0
Brooklyn,Entire home/apt,30,135.0
Manhattan,Entire home/apt,1,208.0
Manhattan,Entire home/apt,30,109.0
Brooklyn,Entire home/apt,30,116.0
Brooklyn,Entire home/apt,30,89.0
Brooklyn,Entire home/apt,30,190.0
Manhattan,Private room,30,81.0
Manhattan,Entire home/apt,30,150.0
Manhattan,Private room,30,119.0
Queens,Private room,1,80.0
Queens,Private room,30,57.0
Brooklyn,Entire home/apt,30,176.0
Brooklyn,Private room,365,55.0
Bronx,Private room,30,57.0
Queens,Private room,30,73.0
Manhattan,Entire home/apt,180,341.0
Manhattan,Entire home/apt,31,540.0
Manhattan,Entire home/apt,2,400.0
Brooklyn,Entire home/apt,45,166.0
Brooklyn,Entire home/apt,30,950.0
Manhattan,Entire home/apt,31,330.0
Brooklyn,Private room,3,181.0
Manhattan,Entire home/apt,31,420.0
Manhattan,Entire home/apt,30,260.0
Brooklyn,Entire home/apt,30,333.0
Manhattan,Entire home/apt,30,130.0
Queens,Entire home/apt,30,96.0
Manhattan,Entire home/apt,30,124.0
Staten Island,Entire home/apt,30,100.0
Queens,Private room,5,102.0
Brooklyn,Entire home/apt,30,110.0
Brooklyn,Private room,30,57.0
Manhattan,Entire home/apt,30,120.0
Manhattan,Entire home/apt,90,145.0
Manhattan,Entire home/apt,90,156.0
Manhattan,Entire home/apt,30,233.0
Queens,Entire home/apt,30,98.0
Manhattan,Entire home/apt,31,378.0
Manhattan,Entire home/apt,31,541.0
Manhattan,Entire home/apt,31,455.0
Manhattan,Entire home/apt,31,453.0
Manhattan,Entire home/apt,30,178.0
Brooklyn,Private room,30,56.0
Queens,Entire home/apt,30,147.0
Staten Island,Private room,3,80.0
Staten Island,Private room,3,80.0
Staten Island,Entire home/apt,30,75.0
Brooklyn,Entire home/apt,30,118.0
Brooklyn,Entire home/apt,30,80.0
Manhattan,Entire home/apt,2,857.0
Bronx,Private room,30,80.0
Queens,Entire home/apt,30,256.0
Queens,Entire home/apt,30,185.0
Manhattan,Entire home/apt,30,139.0
Manhattan,Entire home/apt,1,240.0
Manhattan,Entire home/apt,30,119.0
Brooklyn,Private room,2,107.0
Manhattan,Entire home/apt,30,180.0
Brooklyn,Shared room,1,55.0
Brooklyn,Entire home/apt,30,469.0
Manhattan,Private room,15,150.0
Manhattan,Private room,1,88.0
Staten Island,Entire home/apt,30,111.0
Queens,Private room,30,68.0
Manhattan,Entire home/apt,30,452.0
Brooklyn,Entire home/apt,30,113.0
Manhattan,Entire home/apt,30,109.0
Brooklyn,Entire home/apt,30,63.0
Manhattan,Entire home/apt,30,190.0
Queens,Entire home/apt,30,133.0
Manhattan,Private room,30,91.0
Brooklyn,Private room,2,75.0
Manhattan,Private room,1,162.0
Manhattan,Entire home/apt,3,506.0
Manhattan,Entire home/apt,30,168.0
Manhattan,Entire home/apt,30,111.0
Manhattan,Entire home/apt,30,191.0
Queens,Private room,30,71.0
Brooklyn,Entire home/apt,30,120.0
Brooklyn,Entire home/apt,30,70.0
Manhattan,Entire home/apt,30,130.0
Brooklyn,Private room,30,150.0
Manhattan,Entire home/apt,1,168.0
Manhattan,Entire home/apt,30,250.0
Brooklyn,Private room,30,73.0
Queens,Entire home/apt,30,65.0
Manhattan,Entire home/apt,30,400.0
Manhattan,Entire home/apt,30,379.0
Brooklyn,Shared room,30,90.0
Manhattan,Entire home/apt,30,170.0
Queens,Entire home/apt,30,140.0
Queens,Private room,3,70.0
Manhattan,Entire home/apt,30,656.0
Brooklyn,Entire home/apt,30,160.0
Queens,Entire home/apt,2,141.0
Manhattan,Entire home/apt,30,181.0
Brooklyn,Entire home/apt,30,200.0
Manhattan,Entire home/apt,30,89.0
Brooklyn,Entire home/apt,30,140.0
Queens,Entire home/apt,30,236.0
Manhattan,Private room,2,347.0
Queens,Entire home/apt,30,110.0
Queens,Private room,30,67.0
Manhattan,Entire home/apt,30,109.0
Bronx,Private room,30,62.0
Manhattan,Private room,1,192.0
Bronx,Private room,30,62.0
Brooklyn,Private room,30,77.0
Manhattan,Entire home/apt,30,79.0
Brooklyn,Entire home/apt,30,210.0
Brooklyn,Private room,30,92.0
Queens,Entire home/apt,30,53.0
Manhattan,Entire home/apt,90,150.0
Manhattan,Entire home/apt,30,125.0
Manhattan,Private room,1,156.0
Manhattan,Entire home/apt,30,192.0
Manhattan,Entire home/apt,30,125.0
Manhattan,Private room,1,190.0
Manhattan,Private room,1,89.0
Manhattan,Private room,1,80.0
Manhattan,Private room,1,107.0
Manhattan,Private room,1,207.0
Manhattan,Entire home/apt,90,169.0
Manhattan,Entire home/apt,90,126.0
Brooklyn,Entire home/apt,30,149.0
Manhattan,Entire home/apt,30,120.0
Manhattan,Entire home/apt,90,138.0
Manhattan,Private room,30,65.0
Queens,Private room,30,66.0
Manhattan,Private room,30,143.0
Manhattan,Private room,1,212.0
Manhattan,Private room,1,480.0
Manhattan,Private room,1,471.0
Manhattan,Entire home/apt,30,85.0
Manhattan,Private room,1,212.0
Manhattan,Private room,1,386.0
Manhattan,Private room,30,119.0
Queens,Private room,30,69.0
Brooklyn,Entire home/apt,30,264.0
Brooklyn,Entire home/apt,3,142.0
Manhattan,Entire home/apt,30,196.0
Manhattan,Entire home/apt,30,145.0
Bronx,Entire home/apt,30,120.0
Manhattan,Entire home/apt,3,168.0
Brooklyn,Private room,30,65.0
Manhattan,Entire home/apt,30,152.0
Manhattan,Entire home/apt,31,403.0
Manhattan,Entire home/apt,31,420.0
Manhattan,Entire home/apt,31,420.0
Queens,Entire home/apt,30,147.0
Brooklyn,Entire home/apt,90,66.0
Bronx,Private room,3,57.0
Bronx,Private room,1,72.0
Brooklyn,Entire home/apt,30,200.0
Manhattan,Entire home/apt,30,219.0
Staten Island,Entire home/apt,30,109.0
Brooklyn,Private room,30,50.0
Queens,Private room,1,237.0
Manhattan,Entire home/apt,30,97.0
Queens,Private room,1,251.0
Brooklyn,Entire home/apt,32,80.0
Queens,Entire home/apt,30,299.0
Bronx,Private room,30,66.0
Brooklyn,Entire home/apt,30,230.0
Brooklyn,Entire home/apt,30,180.0
Brooklyn,Entire home/apt,30,700.0
Manhattan,Private room,90,93.0
Brooklyn,Private room,30,395.0
Manhattan,Entire home/apt,30,135.0
Manhattan,Entire home/apt,30,180.0
Brooklyn,Entire home/apt,30,121.0
Bronx,Entire home/apt,30,106.0
Bronx,Private room,30,395.0
Bronx,Entire home/apt,30,120.0
Manhattan,Entire home/apt,30,230.0
Brooklyn,Entire home/apt,30,178.0
Brooklyn,Entire home/apt,30,108.0
Manhattan,Entire home/apt,30,89.0
Manhattan,Entire home/apt,60,120.0
Manhattan,Entire home/apt,30,313.0
Brooklyn,Private room,3,175.0
Brooklyn,Entire home/apt,30,130.0
Manhattan,Private room,30,52.0
Manhattan,Entire home/apt,30,69.0
Manhattan,Private room,1,156.0
Manhattan,Private room,1,156.0
Manhattan,Private room,1,156.0
Manhattan,Entire home/apt,1,210.0
Manhattan,Private room,1,224.0
Manhattan,Private room,1,283.0
Manhattan,Private room,1,254.0
Manhattan,Private room,1,229.0
Manhattan,Private room,1,319.0
Manhattan,Private room,1,309.0
Manhattan,Private room,1,353.0
Manhattan,Private room,1,464.0
Manhattan,Entire home/apt,30,180.0
Manhattan,Entire home/apt,30,205.0
Manhattan,Entire home/apt,30,180.0
Manhattan,Entire home/apt,30,180.0
Manhattan,Entire home/apt,30,180.0
Manhattan,Entire home/apt,30,180.0
Manhattan,Entire home/apt,30,180.0
Manhattan,Entire home/apt,30,180.0
Manhattan,Entire home/apt,30,180.0
Brooklyn,Private room,2,114.0
Manhattan,Entire home/apt,30,197.0
Manhattan,Entire home/apt,30,290.0
Manhattan,Entire home/apt,30,355.0
Manhattan,Entire home/apt,3,797.0
Brooklyn,Entire home/apt,31,117.0
Brooklyn,Private room,30,87.0
Manhattan,Private room,1,293.0
Manhattan,Entire home/apt,30,115.0
Brooklyn,Private room,30,60.0
Manhattan,Entire home/apt,90,135.0
Manhattan,Entire home/apt,90,160.0
Manhattan,Entire home/apt,90,180.0
Manhattan,Entire home/apt,90,154.0
Brooklyn,Entire home/apt,2,202.0
Brooklyn,Entire home/apt,30,158.0
Manhattan,Entire home/apt,30,146.0
Brooklyn,Entire home/apt,30,105.0
Manhattan,Entire home/apt,30,69.0
Manhattan,Entire home/apt,31,327.0
Manhattan,Entire home/apt,1,486.0
Brooklyn,Entire home/apt,30,201.0
Manhattan,Entire home/apt,30,76.0
Manhattan,Entire home/apt,30,84.0
Manhattan,Entire home/apt,31,343.0
Manhattan,Private room,1,480.0
Manhattan,Private room,1,444.0
Queens,Private room,30,59.0
Manhattan,Entire home/apt,30,110.0
Brooklyn,Entire home/apt,30,175.0
Manhattan,Entire home/apt,30,272.0
Staten Island,Private room,30,157.0
Manhattan,Entire home/apt,30,120.0
Brooklyn,Private room,30,71.0
Bronx,Entire home/apt,30,83.0
Brooklyn,Entire home/apt,30,129.0
Brooklyn,Entire home/apt,30,143.0
Queens,Private room,30,134.0
Manhattan,Entire home/apt,30,223.0
Manhattan,Entire home/apt,30,170.0
Queens,Entire home/apt,30,299.0
Queens,Entire home/apt,30,180.0
Manhattan,Entire home/apt,30,116.0
Brooklyn,Entire home/apt,30,210.0
Brooklyn,Entire home/apt,30,210.0
Manhattan,Entire home/apt,30,89.0
Manhattan,Entire home/apt,30,275.0
Manhattan,Entire home/apt,30,280.0
Manhattan,Private room,1,415.0
Brooklyn,Entire home/apt,30,210.0
Brooklyn,Private room,30,78.0
Brooklyn,Private room,30,65.0
Brooklyn,Private room,30,65.0
Brooklyn,Private room,30,60.0
Manhattan,Entire home/apt,90,145.0
Brooklyn,Private room,30,62.0
Brooklyn,Private room,30,57.0
Brooklyn,Entire home/apt,30,350.0
Brooklyn,Private room,30,172.0
Brooklyn,Private room,30,60.0
Manhattan,Private room,30,250.0
Brooklyn,Entire home/apt,30,111.0
Bronx,Entire home/apt,30,295.0
Manhattan,Entire home/apt,30,539.0
Manhattan,Private room,1,212.0
Brooklyn,Entire home/apt,30,175.0
Brooklyn,Entire home/apt,30,210.0
Manhattan,Entire home/apt,30,200.0
Brooklyn,Entire home/apt,30,210.0
Queens,Private room,1,224.0
Queens,Entire home/apt,2,258.0
Queens,Private room,1,251.0
Queens,Entire home/apt,4,276.0
Queens,Private room,4,169.0
Manhattan,Entire home/apt,30,253.0
Brooklyn,Private room,30,189.0
Manhattan,Entire home/apt,30,95.0
Manhattan,Entire home/apt,1,179.0
Manhattan,Private room,1,252.0
Queens,Private room,2,147.0
Brooklyn,Entire home/apt,30,220.0
Brooklyn,Entire home/apt,30,135.0
Manhattan,Entire home/apt,30,197.0
Manhattan,Entire home/apt,30,363.0
Manhattan,Entire home/apt,30,230.0
Manhattan,Entire home/apt,30,255.0
Brooklyn,Entire home/apt,30,200.0
Manhattan,Entire home/apt,30,201.0
Manhattan,Entire home/apt,1,154.0
Brooklyn,Entire home/apt,30,155.0
Manhattan,Entire home/apt,60,623.0
Brooklyn,Private room,3,165.0
Manhattan,Entire home/apt,30,197.0
Brooklyn,Private room,30,140.0
Manhattan,Entire home/apt,30,151.0
Manhattan,Entire home/apt,90,150.0
Manhattan,Entire home/apt,90,160.0
Brooklyn,Entire home/apt,30,115.0
Brooklyn,Private room,30,85.0
Manhattan,Private room,2,207.0
Manhattan,Entire home/apt,30,79.0
Queens,Private room,30,90.0
Manhattan,Entire home/apt,90,155.0
Queens,Private room,30,75.0
Manhattan,Entire home/apt,31,394.0
Brooklyn,Private room,30,99.0
Brooklyn,Entire home/apt,30,140.0
Brooklyn,Private room,30,155.0
Manhattan,Entire home/apt,30,218.0
Manhattan,Entire home/apt,1,205.0
Manhattan,Entire home/apt,30,400.0
Manhattan,Private room,1,117.0
Manhattan,Private room,1,93.0
Manhattan,Private room,1,102.0
Manhattan,Private room,1,102.0
Manhattan,Private room,1,118.0
Manhattan,Private room,1,104.0
Manhattan,Private room,1,104.0
Manhattan,Private room,1,103.0
Manhattan,Private room,1,88.0
Manhattan,Private room,1,104.0
Manhattan,Private room,1,100.0
Manhattan,Private room,1,104.0
Manhattan,Private room,1,104.0
Manhattan,Private room,1,104.0
Manhattan,Private room,1,104.0
Manhattan,Private room,1,101.0
Manhattan,Private room,1,104.0
Manhattan,Private room,1,118.0
Manhattan,Private room,1,88.0
Manhattan,Entire home/apt,30,115.0
Manhattan,Private room,1,102.0
Manhattan,Entire home/apt,30,90.0
Manhattan,Private room,1,118.0
Manhattan,Private room,1,93.0
Manhattan,Private room,1,93.0
Manhattan,Private room,1,88.0
Manhattan,Private room,1,104.0
Manhattan,Entire home/apt,30,89.0
Manhattan,Entire home/apt,30,250.0
Brooklyn,Entire home/apt,30,110.0
Manhattan,Entire home/apt,30,85.0
Brooklyn,Private room,30,52.0
Queens,Private room,1,94.0
Manhattan,Private room,1,156.0
Manhattan,Private room,1,156.0
Manhattan,Private room,1,156.0
Manhattan,Entire home/apt,30,115.0
Manhattan,Entire home/apt,2,227.0
Manhattan,Entire home/apt,30,90.0
Brooklyn,Entire home/apt,30,415.0
Manhattan,Entire home/apt,30,90.0
Staten Island,Entire home/apt,4,219.0
Brooklyn,Entire home/apt,30,125.0
Queens,Private room,30,61.0
Brooklyn,Entire home/apt,30,125.0
Manhattan,Private room,30,63.0
Brooklyn,Entire home/apt,30,199.0
Queens,Private room,30,55.0
Manhattan,Entire home/apt,30,291.0
Manhattan,Entire home/apt,30,232.0
Brooklyn,Entire home/apt,30,400.0
Queens,Private room,30,199.0
Brooklyn,Entire home/apt,30,115.0
Manhattan,Entire home/apt,30,85.0
Manhattan,Entire home/apt,30,200.0
Brooklyn,Entire home/apt,30,143.0
Brooklyn,Entire home/apt,30,108.0
Manhattan,Entire home/apt,30,245.0
Manhattan,Entire home/apt,30,250.0
Manhattan,Entire home/apt,30,100.0
Staten Island,Entire home/apt,30,111.0
Queens,Entire home/apt,30,126.0
Manhattan,Entire home/apt,30,163.0
Manhattan,Entire home/apt,30,173.0
Queens,Entire home/apt,30,165.0
Manhattan,Entire home/apt,30,175.0
Queens,Entire home/apt,30,217.0
Queens,Entire home/apt,30,73.0
Manhattan,Entire home/apt,30,215.0
Manhattan,Entire home/apt,90,147.0
Manhattan,Entire home/apt,30,89.0
Manhattan,Entire home/apt,31,282.0
Manhattan,Entire home/apt,31,383.0
Manhattan,Entire home/apt,30,186.0
Manhattan,Entire home/apt,30,181.0
Manhattan,Entire home/apt,30,110.0
Manhattan,Entire home/apt,2,181.0
Manhattan,Entire home/apt,30,175.0
Queens,Private room,30,97.0
Queens,Entire home/apt,30,89.0
Queens,Entire home/apt,30,72.0
Queens,Private room,30,131.0
Manhattan,Entire home/apt,30,135.0
Brooklyn,Private room,30,72.0
Brooklyn,Private room,30,100.0
Manhattan,Entire home/apt,75,103.0
Brooklyn,Private room,30,52.0
Brooklyn,Entire home/apt,30,271.0
Brooklyn,Private room,30,152.0
Manhattan,Entire home/apt,210,242.0
Manhattan,Private room,30,77.0
Manhattan,Private room,1,312.0
Staten Island,Private room,30,52.0
Manhattan,Private room,30,124.0
Manhattan,Entire home/apt,30,240.0
Manhattan,Entire home/apt,30,145.0
Brooklyn,Private room,4,234.0
Manhattan,Entire home/apt,30,61.0
Queens,Private room,30,70.0
Manhattan,Entire home/apt,30,365.0
Brooklyn,Entire home/apt,30,276.0
Brooklyn,Entire home/apt,30,96.0
Brooklyn,Private room,1,154.0
Manhattan,Entire home/apt,30,273.0
Queens,Private room,30,71.0
Manhattan,Entire home/apt,30,99.0
Brooklyn,Private room,30,86.0
Brooklyn,Entire home/apt,30,119.0
Queens,Private room,30,161.0
Queens,Entire home/apt,30,167.0
Manhattan,Entire home/apt,30,186.0
Manhattan,Entire home/apt,31,600.0
Manhattan,Entire home/apt,31,347.0
Manhattan,Entire home/apt,30,195.0
Manhattan,Entire home/apt,30,508.0
Manhattan,Entire home/apt,30,431.0
Manhattan,Entire home/apt,31,373.0
Brooklyn,Private room,4,235.0
Brooklyn,Entire home/apt,30,180.0
Manhattan,Entire home/apt,31,373.0
Manhattan,Entire home/apt,30,201.0
Brooklyn,Entire home/apt,30,1000.0
Brooklyn,Private room,3,196.0
Queens,Private room,3,250.0
Bronx,Private room,1,150.0
Manhattan,Entire home/apt,30,207.0
Manhattan,Private room,30,66.0
Brooklyn,Entire home/apt,30,105.0
Brooklyn,Entire home/apt,2,221.0
Manhattan,Entire home/apt,30,237.0
Manhattan,Entire home/apt,30,375.0
Brooklyn,Private room,30,71.0
Manhattan,Entire home/apt,30,223.0
Manhattan,Entire home/apt,31,315.0
Manhattan,Entire home/apt,30,126.0
Manhattan,Private room,30,63.0
Staten Island,Entire home/apt,30,118.0
Manhattan,Entire home/apt,90,147.0
Manhattan,Entire home/apt,30,170.0
Brooklyn,Private room,2,172.0
Brooklyn,Private room,1,127.0
Manhattan,Entire home/apt,30,215.0
Manhattan,Entire home/apt,30,320.0
Manhattan,Entire home/apt,31,290.0
Queens,Private room,30,99.0
Brooklyn,Entire home/apt,30,158.0
Manhattan,Entire home/apt,30,103.0
Queens,Entire home/apt,30,161.0
Manhattan,Entire home/apt,30,574.0
Manhattan,Entire home/apt,30,86.0
Manhattan,Entire home/apt,30,85.0
Brooklyn,Private room,3,67.0
Staten Island,Entire home/apt,30,128.0
Brooklyn,Entire home/apt,30,270.0
Manhattan,Entire home/apt,30,117.0
Queens,Entire home/apt,30,158.0
Brooklyn,Private room,30,87.0
Brooklyn,Private room,30,228.0
Manhattan,Private room,1,97.0
Manhattan,Entire home/apt,30,266.0
Brooklyn,Private room,2,79.0
Brooklyn,Entire home/apt,30,100.0
Brooklyn,Entire home/apt,30,185.0
Brooklyn,Entire home/apt,30,199.0
Brooklyn,Entire home/apt,30,1000.0
Manhattan,Entire home/apt,30,80.0
Staten Island,Entire home/apt,30,99.0
Queens,Entire home/apt,30,145.0
Queens,Entire home/apt,30,122.0
Brooklyn,Private room,30,105.0
Manhattan,Entire home/apt,30,306.0
Brooklyn,Entire home/apt,30,206.0
Brooklyn,Entire home/apt,30,241.0
Manhattan,Entire home/apt,30,186.0
Manhattan,Entire home/apt,30,186.0
Bronx,Entire home/apt,30,88.0
Queens,Entire home/apt,30,165.0
Manhattan,Entire home/apt,31,366.0
Bronx,Private room,30,52.0
Brooklyn,Entire home/apt,30,155.0
Manhattan,Entire home/apt,30,85.0
Manhattan,Private room,30,70.0
Brooklyn,Private room,30,100.0
Queens,Private room,2,119.0
Manhattan,Entire home/apt,30,135.0
Manhattan,Private room,30,65.0
Brooklyn,Entire home/apt,30,71.0
Brooklyn,Entire home/apt,30,803.0
Brooklyn,Entire home/apt,30,255.0
Manhattan,Entire home/apt,31,425.0
Manhattan,Private room,2,214.0
Manhattan,Entire home/apt,2,857.0
Brooklyn,Entire home/apt,31,105.0
Manhattan,Entire home/apt,50,105.0
Manhattan,Private room,30,72.0
Brooklyn,Entire home/apt,30,148.0
Manhattan,Entire home/apt,30,147.0
Brooklyn,Entire home/apt,30,275.0
Queens,Entire home/apt,30,175.0
Manhattan,Entire home/apt,30,168.0
Brooklyn,Entire home/apt,30,220.0
Brooklyn,Entire home/apt,30,160.0
Brooklyn,Entire home/apt,30,175.0
Manhattan,Entire home/apt,30,135.0
Manhattan,Private room,3,599.0
Queens,Entire home/apt,30,86.0
Manhattan,Entire home/apt,30,89.0
Manhattan,Entire home/apt,60,165.0
Brooklyn,Private room,3,85.0
Brooklyn,Entire home/apt,30,100.0
Queens,Private room,30,67.0
Brooklyn,Private room,30,59.0
Manhattan,Entire home/apt,2,227.0
Manhattan,Entire home/apt,2,823.0
Manhattan,Entire home/apt,3,168.0
Brooklyn,Entire home/apt,30,180.0
Queens,Entire home/apt,30,190.0
Manhattan,Entire home/apt,30,200.0
Brooklyn,Entire home/apt,30,295.0
Brooklyn,Entire home/apt,30,295.0
Manhattan,Entire home/apt,4,149.0
Brooklyn,Entire home/apt,30,91.0
Brooklyn,Private room,30,71.0
Manhattan,Entire home/apt,30,180.0
Brooklyn,Entire home/apt,30,135.0
Manhattan,Entire home/apt,1,202.0
Manhattan,Entire home/apt,30,180.0
Manhattan,Entire home/apt,90,142.0
Brooklyn,Entire home/apt,3,309.0
Queens,Entire home/apt,30,187.0
Manhattan,Entire home/apt,30,105.0
Manhattan,Entire home/apt,30,499.0
Queens,Entire home/apt,30,356.0
Bronx,Private room,30,63.0
Manhattan,Entire home/apt,30,599.0
Brooklyn,Entire home/apt,30,78.0
Queens,Entire home/apt,4,122.0
Manhattan,Entire home/apt,30,999.0
Manhattan,Entire home/apt,30,85.0
Brooklyn,Private room,30,71.0
Queens,Entire home/apt,30,120.0
Brooklyn,Private room,3,167.0
Brooklyn,Private room,30,90.0
Queens,Private room,30,85.0
Queens,Private room,30,75.0
Queens,Private room,30,85.0
Manhattan,Entire home/apt,31,334.0
Brooklyn,Entire home/apt,30,230.0
Manhattan,Private room,30,177.0
Brooklyn,Private room,1,254.0
Manhattan,Entire home/apt,90,215.0
Brooklyn,Private room,1,167.0
Manhattan,Entire home/apt,30,246.0
Brooklyn,Entire home/apt,30,176.0
Bronx,Entire home/apt,30,150.0
Brooklyn,Entire home/apt,30,200.0
Queens,Private room,2,85.0
Brooklyn,Entire home/apt,30,204.0
Manhattan,Private room,30,105.0
Brooklyn,Private room,30,54.0
Manhattan,Entire home/apt,31,390.0
Manhattan,Entire home/apt,30,70.0
Brooklyn,Private room,30,51.0
Brooklyn,Private room,30,98.0
Queens,Entire home/apt,30,200.0
Brooklyn,Private room,30,75.0
Staten Island,Private room,30,90.0
Bronx,Entire home/apt,30,87.0
Manhattan,Entire home/apt,30,304.0
Manhattan,Entire home/apt,30,90.0
Manhattan,Entire home/apt,30,106.0
Brooklyn,Private room,30,150.0
Manhattan,Entire home/apt,90,130.0
Manhattan,Private room,30,105.0
Queens,Entire home/apt,4,184.0
Manhattan,Private room,1,274.0
Brooklyn,Entire home/apt,30,257.0
Brooklyn,Entire home/apt,30,191.0
Manhattan,Entire home/apt,30,137.0
Queens,Private room,30,117.0
Manhattan,Entire home/apt,30,164.0
Bronx,Entire home/apt,30,239.0
Manhattan,Entire home/apt,30,90.0
Brooklyn,Entire home/apt,30,154.0
Brooklyn,Entire home/apt,30,120.0
Queens,Private room,90,50.0
Queens,Private room,3,130.0
Brooklyn,Entire home/apt,30,450.0
Manhattan,Entire home/apt,30,86.0
Brooklyn,Entire home/apt,31,140.0
Brooklyn,Entire home/apt,2,171.0
Manhattan,Entire home/apt,30,145.0
Manhattan,Entire home/apt,31,413.0
Manhattan,Entire home/apt,30,165.0
Brooklyn,Private room,4,143.0
Brooklyn,Private room,30,50.0
Queens,Entire home/apt,30,95.0
Brooklyn,Entire home/apt,30,259.0
Manhattan,Entire home/apt,30,188.0
Manhattan,Entire home/apt,30,182.0
Manhattan,Entire home/apt,30,207.0
Manhattan,Entire home/apt,3,173.0
Manhattan,Entire home/apt,30,259.0
Brooklyn,Entire home/apt,30,795.0
Brooklyn,Private room,30,176.0
Queens,Entire home/apt,30,120.0
Manhattan,Private room,1,122.0
Manhattan,Private room,1,122.0
Manhattan,Entire home/apt,1,433.0
Manhattan,Private room,1,250.0
Queens,Private room,30,107.0
Brooklyn,Entire home/apt,1,256.0
Queens,Entire home/apt,2,108.0
Queens,Entire home/apt,30,90.0
Brooklyn,Entire home/apt,3,350.0
Brooklyn,Entire home/apt,30,154.0
Manhattan,Entire home/apt,30,86.0
Brooklyn,Private room,30,58.0
Brooklyn,Private room,30,54.0
Brooklyn,Private room,30,59.0
Brooklyn,Private room,30,59.0
Brooklyn,Private room,30,59.0
Brooklyn,Private room,30,59.0
Brooklyn,Private room,30,63.0
Manhattan,Entire home/apt,30,146.0
Brooklyn,Entire home/apt,30,391.0
Brooklyn,Private room,1,86.0
Brooklyn,Private room,30,51.0
Brooklyn,Entire home/apt,30,160.0
Manhattan,Private room,2,179.0
Manhattan,Private room,2,179.0
Queens,Entire home/apt,30,80.0
Queens,Private room,30,68.0
Bronx,Entire home/apt,30,380.0
Brooklyn,Entire home/apt,30,125.0
Manhattan,Private room,1,71.0
Manhattan,Entire home/apt,90,122.0
Manhattan,Entire home/apt,30,151.0
Manhattan,Private room,1,122.0
Queens,Entire home/apt,30,143.0
Brooklyn,Private room,30,99.0
Queens,Private room,30,249.0
Manhattan,Entire home/apt,31,200.0
Manhattan,Entire home/apt,31,267.0
Manhattan,Entire home/apt,31,436.0
Manhattan,Entire home/apt,31,308.0
Manhattan,Entire home/apt,30,80.0
Manhattan,Private room,1,99.0
Manhattan,Private room,1,145.0
Brooklyn,Entire home/apt,30,180.0
Manhattan,Entire home/apt,40,220.0
Queens,Private room,30,99.0
Manhattan,Entire home/apt,30,189.0
Brooklyn,Private room,30,55.0
Brooklyn,Entire home/apt,30,210.0
Brooklyn,Private room,3,129.0
Manhattan,Private room,1,253.0
Brooklyn,Private room,3,207.0
Manhattan,Entire home/apt,30,226.0
Manhattan,Entire home/apt,30,196.0
Brooklyn,Entire home/apt,30,208.0
Manhattan,Private room,30,108.0
Queens,Entire home/apt,30,120.0
Manhattan,Entire home/apt,30,70.0
Manhattan,Entire home/apt,31,282.0
Manhattan,Private room,2,214.0
Manhattan,Entire home/apt,60,115.0
Brooklyn,Entire home/apt,30,158.0
Queens,Private room,30,79.0
Manhattan,Private room,2,179.0
Brooklyn,Entire home/apt,30,104.0
Manhattan,Private room,2,214.0
Brooklyn,Private room,3,184.0
Manhattan,Entire home/apt,30,141.0
Brooklyn,Private room,30,170.0
Brooklyn,Private room,30,70.0
Brooklyn,Entire home/apt,30,250.0
Manhattan,Entire home/apt,30,200.0
Brooklyn,Entire home/apt,30,294.0
Queens,Entire home/apt,30,254.0
Brooklyn,Entire home/apt,30,285.0
Manhattan,Entire home/apt,30,249.0
Manhattan,Entire home/apt,90,146.0
Brooklyn,Private room,30,85.0
Brooklyn,Entire home/apt,7,152.0
Brooklyn,Private room,30,69.0
Brooklyn,Entire home/apt,30,278.0
Brooklyn,Entire home/apt,30,300.0
Brooklyn,Private room,30,78.0
Manhattan,Entire home/apt,30,321.0
Brooklyn,Private room,30,100.0
Brooklyn,Private room,3,81.0
Manhattan,Entire home/apt,30,120.0
Brooklyn,Private room,3,146.0
Bronx,Private room,4,113.0
Manhattan,Entire home/apt,30,118.0
Brooklyn,Private room,30,142.0
Manhattan,Entire home/apt,30,117.0
Manhattan,Entire home/apt,30,700.0
Manhattan,Entire home/apt,4,179.0
Manhattan,Private room,3,139.0
Brooklyn,Entire home/apt,2,447.0
Brooklyn,Entire home/apt,30,99.0
Brooklyn,Private room,30,129.0
Brooklyn,Entire home/apt,30,199.0
Brooklyn,Entire home/apt,30,80.0
Manhattan,Entire home/apt,30,110.0
Manhattan,Entire home/apt,30,152.0
Manhattan,Entire home/apt,1,181.0
Manhattan,Entire home/apt,30,90.0
Brooklyn,Entire home/apt,30,170.0
Brooklyn,Private room,3,126.0
Brooklyn,Entire home/apt,30,300.0
Brooklyn,Entire home/apt,30,300.0
Manhattan,Entire home/apt,30,139.0
Brooklyn,Entire home/apt,30,199.0
Brooklyn,Entire home/apt,30,94.0
Queens,Private room,30,62.0
Manhattan,Entire home/apt,30,329.0
Manhattan,Entire home/apt,30,206.0
Brooklyn,Private room,30,90.0
Brooklyn,Private room,30,62.0
Queens,Private room,5,135.0
Brooklyn,Private room,3,188.0
Brooklyn,Entire home/apt,30,128.0
Queens,Private room,1,65.0
Brooklyn,Entire home/apt,30,695.0
Manhattan,Entire home/apt,30,180.0
Queens,Private room,30,135.0
Manhattan,Entire home/apt,30,335.0
Manhattan,Private room,30,149.0
Manhattan,Entire home/apt,30,183.0
Brooklyn,Entire home/apt,30,200.0
Brooklyn,Entire home/apt,30,330.0
Brooklyn,Private room,30,51.0
Brooklyn,Private room,30,51.0
Brooklyn,Private room,30,55.0
Manhattan,Private room,30,72.0
Brooklyn,Entire home/apt,30,240.0
Manhattan,Entire home/apt,30,189.0
Brooklyn,Private room,2,78.0
Queens,Private room,5,249.0
Manhattan,Entire home/apt,30,350.0
Manhattan,Private room,1,76.0
Manhattan,Private room,1,93.0
Brooklyn,Private room,30,69.0
Manhattan,Entire home/apt,30,240.0
Queens,Private room,2,96.0
Brooklyn,Entire home/apt,30,300.0
Brooklyn,Private room,30,55.0
Queens,Entire home/apt,30,90.0
Manhattan,Private room,30,78.0
Manhattan,Entire home/apt,30,300.0
Brooklyn,Entire home/apt,4,176.0
Manhattan,Private room,2,86.0
Manhattan,Entire home/apt,30,180.0
Brooklyn,Entire home/apt,30,165.0
Brooklyn,Private room,30,56.0
Manhattan,Entire home/apt,30,128.0
Queens,Private room,30,135.0
Manhattan,Private room,30,120.0
Manhattan,Entire home/apt,30,166.0
Manhattan,Private room,30,82.0
Manhattan,Entire home/apt,30,114.0
Manhattan,Entire home/apt,30,242.0
Manhattan,Entire home/apt,30,297.0
Brooklyn,Entire home/apt,30,214.0
Manhattan,Entire home/apt,30,145.0
Brooklyn,Private room,30,55.0
Manhattan,Entire home/apt,30,172.0
Manhattan,Private room,1,428.0
Manhattan,Private room,30,89.0
Queens,Private room,30,59.0
Manhattan,Entire home/apt,30,150.0
Manhattan,Private room,30,156.0
Manhattan,Private room,2,285.0
Brooklyn,Private room,30,68.0
Brooklyn,Entire home/apt,30,120.0
Bronx,Private room,30,94.0
Brooklyn,Entire home/apt,30,260.0
Manhattan,Entire home/apt,30,90.0
Brooklyn,Private room,30,100.0
Staten Island,Entire home/apt,180,207.0
Manhattan,Entire home/apt,30,120.0
Staten Island,Private room,30,238.0
Manhattan,Entire home/apt,30,230.0
Brooklyn,Entire home/apt,30,100.0
Manhattan,Entire home/apt,30,109.0
Manhattan,Entire home/apt,30,150.0
Manhattan,Private room,30,89.0
Queens,Entire home/apt,30,119.0
Brooklyn,Entire home/apt,30,402.0
Queens,Private room,2,181.0
Brooklyn,Private room,2,100.0
Brooklyn,Entire home/apt,30,180.0
Manhattan,Entire home/apt,30,200.0
Brooklyn,Private room,2,85.0
Queens,Entire home/apt,30,237.0
Queens,Private room,30,80.0
Queens,Entire home/apt,30,125.0
Manhattan,Private room,120,70.0
Brooklyn,Entire home/apt,30,199.0
Queens,Entire home/apt,30,270.0
Brooklyn,Entire home/apt,30,135.0
Manhattan,Entire home/apt,30,126.0
Brooklyn,Private room,30,68.0
Brooklyn,Entire home/apt,30,372.0
Manhattan,Entire home/apt,60,135.0
Brooklyn,Private room,30,65.0
Manhattan,Private room,30,119.0
Manhattan,Private room,30,99.0
Manhattan,Private room,30,99.0
Manhattan,Entire home/apt,30,200.0
Queens,Private room,30,101.0
Manhattan,Private room,30,166.0
Brooklyn,Entire home/apt,30,330.0
Brooklyn,Private room,30,60.0
Queens,Private room,2,87.0
Bronx,Private room,3,115.0
Manhattan,Entire home/apt,30,100.0
Manhattan,Entire home/apt,30,122.0
Manhattan,Entire home/apt,30,140.0
Brooklyn,Entire home/apt,35,126.0
Brooklyn,Private room,30,110.0
Brooklyn,Entire home/apt,30,359.0
Brooklyn,Entire home/apt,30,136.0
Queens,Entire home/apt,2,292.0
Brooklyn,Private room,30,79.0
Manhattan,Entire home/apt,30,175.0
Queens,Entire home/apt,30,198.0
Queens,Private room,30,65.0
Brooklyn,Entire home/apt,30,114.0
Brooklyn,Entire home/apt,30,220.0
Manhattan,Private room,2,214.0
Queens,Entire home/apt,30,140.0
Queens,Entire home/apt,30,136.0
Manhattan,Entire home/apt,30,232.0
Brooklyn,Entire home/apt,30,360.0
Brooklyn,Entire home/apt,30,360.0
Brooklyn,Private room,30,257.0
Manhattan,Entire home/apt,1,262.0
Manhattan,Entire home/apt,30,208.0
Brooklyn,Entire home/apt,30,110.0
Queens,Entire home/apt,30,200.0
Brooklyn,Private room,30,60.0
Manhattan,Entire home/apt,30,136.0
Manhattan,Private room,30,79.0
Brooklyn,Private room,2,97.0
Brooklyn,Entire home/apt,30,250.0
Brooklyn,Entire home/apt,3,142.0
Brooklyn,Entire home/apt,30,129.0
Manhattan,Entire home/apt,30,125.0
Manhattan,Entire home/apt,30,120.0
Brooklyn,Private room,30,60.0
Manhattan,Entire home/apt,30,921.0
Manhattan,Entire home/apt,30,339.0
Bronx,Entire home/apt,30,74.0
Brooklyn,Private room,30,94.0
Manhattan,Entire home/apt,60,290.0
Manhattan,Entire home/apt,31,471.0
Brooklyn,Entire home/apt,30,130.0
Queens,Entire home/apt,2,116.0
Manhattan,Entire home/apt,1,262.0
Manhattan,Entire home/apt,30,93.0
Manhattan,Entire home/apt,31,145.0
Brooklyn,Entire home/apt,30,103.0
Brooklyn,Entire home/apt,30,227.0
Queens,Private room,30,78.0
Manhattan,Entire home/apt,1,237.0
Manhattan,Entire home/apt,31,413.0
Manhattan,Entire home/apt,60,422.0
Brooklyn,Entire home/apt,30,127.0
Brooklyn,Entire home/apt,3,259.0
Brooklyn,Private room,2,187.0
Manhattan,Entire home/apt,30,120.0
Brooklyn,Entire home/apt,30,90.0
Queens,Entire home/apt,30,125.0
Manhattan,Private room,30,103.0
Brooklyn,Private room,30,97.0
Brooklyn,Entire home/apt,30,150.0
Manhattan,Entire home/apt,30,160.0
Brooklyn,Private room,30,55.0
Brooklyn,Entire home/apt,30,162.0
Manhattan,Entire home/apt,30,100.0
Manhattan,Entire home/apt,30,240.0
Brooklyn,Entire home/apt,30,589.0
Brooklyn,Entire home/apt,30,280.0
Brooklyn,Entire home/apt,30,250.0
Manhattan,Private room,30,85.0
Manhattan,Entire home/apt,31,548.0
Manhattan,Entire home/apt,30,173.0
Manhattan,Entire home/apt,90,140.0
Manhattan,Private room,30,97.0
Brooklyn,Entire home/apt,30,361.0
Brooklyn,Private room,30,50.0
Manhattan,Private room,65,100.0
Brooklyn,Private room,30,100.0
Queens,Entire home/apt,30,150.0
Brooklyn,Private room,30,80.0
Manhattan,Entire home/apt,30,221.0
Queens,Entire home/apt,30,142.0
Manhattan,Entire home/apt,30,67.0
Manhattan,Entire home/apt,30,100.0
Queens,Entire home/apt,30,150.0
Manhattan,Entire home/apt,30,425.0
Brooklyn,Entire home/apt,30,270.0
Brooklyn,Private room,30,157.0
Brooklyn,Private room,30,157.0
Brooklyn,Entire home/apt,30,900.0
Brooklyn,Entire home/apt,30,98.0
Manhattan,Entire home/apt,30,152.0
Brooklyn,Entire home/apt,30,201.0
Manhattan,Entire home/apt,30,223.0
Staten Island,Private room,30,92.0
Brooklyn,Entire home/apt,30,78.0
Brooklyn,Entire home/apt,30,250.0
Manhattan,Entire home/apt,30,350.0
Queens,Entire home/apt,30,220.0
Brooklyn,Private room,30,171.0
Queens,Entire home/apt,30,150.0
Manhattan,Entire home/apt,30,180.0
Brooklyn,Entire home/apt,30,296.0
Brooklyn,Private room,30,392.0
Manhattan,Entire home/apt,30,119.0
Brooklyn,Entire home/apt,30,195.0
Manhattan,Entire home/apt,30,150.0
Staten Island,Entire home/apt,90,94.0
Manhattan,Entire home/apt,400,210.0
Manhattan,Private room,30,70.0
Manhattan,Entire home/apt,4,274.0
Queens,Entire home/apt,30,75.0
Bronx,Entire home/apt,30,95.0
Brooklyn,Entire home/apt,30,422.0
Staten Island,Private room,30,101.0
Brooklyn,Private room,30,50.0
Manhattan,Entire home/apt,30,214.0
Brooklyn,Private room,1,75.0
Queens,Private room,30,85.0
Queens,Private room,30,65.0
Brooklyn,Private room,1,300.0
Queens,Entire home/apt,30,157.0
Brooklyn,Entire home/apt,30,200.0
Brooklyn,Entire home/apt,30,300.0
Staten Island,Private room,30,98.0
Manhattan,Entire home/apt,1,188.0
Bronx,Entire home/apt,30,80.0
Brooklyn,Entire home/apt,30,91.0
Brooklyn,Entire home/apt,30,123.0
Brooklyn,Private room,30,60.0
Brooklyn,Private room,30,82.0
Queens,Entire home/apt,30,68.0
Brooklyn,Entire home/apt,30,160.0
Manhattan,Private room,2,179.0
Manhattan,Entire home/apt,30,118.0
Brooklyn,Entire home/apt,30,353.0
Manhattan,Entire home/apt,30,267.0
Staten Island,Private room,30,75.0
Manhattan,Entire home/apt,31,441.0
Queens,Private room,30,89.0
Brooklyn,Entire home/apt,30,230.0
Staten Island,Entire home/apt,30,60.0
Manhattan,Entire home/apt,31,404.0
Manhattan,Entire home/apt,31,401.0
Manhattan,Entire home/apt,30,140.0
Queens,Private room,30,135.0
Manhattan,Entire home/apt,1,159.0
Queens,Entire home/apt,30,485.0
Manhattan,Entire home/apt,30,90.0
Manhattan,Entire home/apt,30,120.0
Manhattan,Entire home/apt,30,125.0
Queens,Entire home/apt,30,123.0
Manhattan,Private room,1,261.0
Manhattan,Entire home/apt,30,158.0
Manhattan,Private room,1,318.0
Manhattan,Entire home/apt,30,188.0
Manhattan,Entire home/apt,30,158.0
Manhattan,Entire home/apt,1,342.0
Manhattan,Entire home/apt,1,258.0
Manhattan,Entire home/apt,1,222.0
Brooklyn,Entire home/apt,30,388.0
Manhattan,Private room,30,140.0
Manhattan,Private room,30,114.0
Brooklyn,Entire home/apt,30,142.0
Queens,Entire home/apt,30,80.0
Manhattan,Entire home/apt,1,196.0
Brooklyn,Entire home/apt,40,101.0
Brooklyn,Private room,30,56.0
Queens,Entire home/apt,30,143.0
Manhattan,Entire home/apt,31,405.0
Brooklyn,Entire home/apt,30,480.0
Manhattan,Entire home/apt,30,96.0
Queens,Entire home/apt,30,101.0
Queens,Entire home/apt,30,88.0
Queens,Entire home/apt,30,65.0
Queens,Private room,30,55.0
Manhattan,Entire home/apt,31,373.0
Manhattan,Entire home/apt,31,341.0
Manhattan,Entire home/apt,31,373.0
Manhattan,Entire home/apt,30,119.0
Manhattan,Entire home/apt,30,500.0
Manhattan,Private room,30,65.0
Queens,Private room,1,90.0
Brooklyn,Entire home/apt,30,225.0
Queens,Private room,1,94.0
Brooklyn,Private room,30,70.0
Manhattan,Entire home/apt,60,375.0
Manhattan,Entire home/apt,31,297.0
Brooklyn,Private room,30,90.0
Brooklyn,Entire home/apt,30,400.0
Manhattan,Private room,30,90.0
Brooklyn,Entire home/apt,30,145.0
Manhattan,Private room,30,85.0
Brooklyn,Private room,30,60.0
Brooklyn,Private room,30,75.0
Manhattan,Entire home/apt,1,192.0
Brooklyn,Entire home/apt,30,101.0
Brooklyn,Entire home/apt,30,291.0
Manhattan,Entire home/apt,30,96.0
Manhattan,Entire home/apt,30,152.0
Brooklyn,Entire home/apt,90,625.0
Brooklyn,Entire home/apt,31,300.0
Brooklyn,Private room,30,63.0
Queens,Entire home/apt,30,111.0
Manhattan,Entire home/apt,30,108.0
Queens,Entire home/apt,30,176.0
Manhattan,Entire home/apt,30,168.0
Brooklyn,Entire home/apt,30,80.0
Manhattan,Entire home/apt,1,225.0
Manhattan,Private room,1,184.0
Manhattan,Entire home/apt,1,410.0
Queens,Entire home/apt,30,65.0
Queens,Entire home/apt,30,115.0
Manhattan,Entire home/apt,31,431.0
Manhattan,Entire home/apt,30,241.0
Brooklyn,Private room,1,174.0
Queens,Private room,30,500.0
Queens,Entire home/apt,31,128.0
Manhattan,Entire home/apt,30,213.0
Queens,Private room,2,95.0
Manhattan,Private room,30,150.0
Manhattan,Private room,30,170.0
Brooklyn,Private room,30,54.0
Manhattan,Private room,30,89.0
Manhattan,Entire home/apt,31,431.0
Manhattan,Entire home/apt,31,361.0
Manhattan,Private room,30,135.0
Manhattan,Entire home/apt,31,326.0
Manhattan,Entire home/apt,30,286.0
Manhattan,Entire home/apt,1,783.0
Manhattan,Entire home/apt,30,171.0
Manhattan,Entire home/apt,31,396.0
Manhattan,Entire home/apt,30,94.0
Brooklyn,Private room,30,60.0
Staten Island,Entire home/apt,30,70.0
Brooklyn,Entire home/apt,30,560.0
Manhattan,Entire home/apt,30,197.0
Manhattan,Entire home/apt,30,260.0
Manhattan,Entire home/apt,30,290.0
Queens,Entire home/apt,30,170.0
Queens,Private room,30,61.0
Manhattan,Entire home/apt,30,84.0
Bronx,Private room,30,73.0
Manhattan,Entire home/apt,30,81.0
Manhattan,Entire home/apt,30,196.0
Queens,Private room,30,75.0
Brooklyn,Entire home/apt,30,120.0
Queens,Private room,30,56.0
Manhattan,Private room,30,124.0
Manhattan,Entire home/apt,1,251.0
Manhattan,Entire home/apt,1,647.0
Manhattan,Entire home/apt,1,298.0
Manhattan,Entire home/apt,1,307.0
Manhattan,Entire home/apt,1,678.0
Bronx,Entire home/apt,1,364.0
Brooklyn,Entire home/apt,30,128.0
Brooklyn,Entire home/apt,3,387.0
Manhattan,Entire home/apt,30,200.0
Brooklyn,Private room,5,56.0
Queens,Entire home/apt,30,133.0
Brooklyn,Entire home/apt,30,399.0
Manhattan,Entire home/apt,30,93.0
Brooklyn,Entire home/apt,30,88.0
Manhattan,Private room,2,179.0
Brooklyn,Private room,5,164.0
Manhattan,Entire home/apt,365,223.0
Manhattan,Entire home/apt,1,179.0
Queens,Entire home/apt,30,70.0
Queens,Private room,30,385.0
Manhattan,Entire home/apt,31,312.0
Manhattan,Entire home/apt,4,125.0
Manhattan,Private room,30,113.0
Queens,Private room,1,213.0
Queens,Private room,30,76.0
Queens,Entire home/apt,30,156.0
Queens,Entire home/apt,30,600.0
Manhattan,Entire home/apt,30,130.0
Brooklyn,Entire home/apt,30,360.0
Brooklyn,Entire home/apt,30,179.0
Queens,Private room,30,250.0
Bronx,Entire home/apt,1,111.0
Queens,Private room,30,200.0
Queens,Private room,30,200.0
Bronx,Private room,30,70.0
Queens,Private room,30,225.0
Manhattan,Entire home/apt,30,200.0
Manhattan,Private room,30,75.0
Manhattan,Entire home/apt,30,361.0
Brooklyn,Entire home/apt,30,220.0
Brooklyn,Entire home/apt,30,399.0
Queens,Entire home/apt,30,92.0
Brooklyn,Entire home/apt,30,104.0
Manhattan,Entire home/apt,30,149.0
Manhattan,Entire home/apt,30,200.0
Brooklyn,Private room,2,103.0
Queens,Entire home/apt,30,122.0
Brooklyn,Entire home/apt,30,162.0
Brooklyn,Entire home/apt,4,193.0
Bronx,Entire home/apt,30,149.0
Queens,Entire home/apt,30,70.0
Manhattan,Private room,30,63.0
Manhattan,Entire home/apt,30,244.0
Manhattan,Entire home/apt,30,169.0
Brooklyn,Entire home/apt,30,199.0
Queens,Private room,30,57.0
Manhattan,Entire home/apt,30,90.0
Manhattan,Entire home/apt,30,68.0
Brooklyn,Entire home/apt,30,138.0
Manhattan,Private room,30,85.0
Brooklyn,Private room,30,95.0
Manhattan,Private room,30,87.0
Queens,Private room,1,247.0
Brooklyn,Entire home/apt,30,214.0
Brooklyn,Entire home/apt,30,669.0
Manhattan,Entire home/apt,7,201.0
Manhattan,Private room,30,82.0
Manhattan,Entire home/apt,30,148.0
Brooklyn,Entire home/apt,30,190.0
Manhattan,Entire home/apt,30,171.0
Manhattan,Private room,30,122.0
Manhattan,Private room,30,105.0
Brooklyn,Private room,1,105.0
Manhattan,Entire home/apt,30,129.0
Manhattan,Entire home/apt,4,197.0
Manhattan,Entire home/apt,4,215.0
Manhattan,Entire home/apt,30,280.0
Bronx,Private room,30,80.0
Brooklyn,Entire home/apt,30,145.0
Manhattan,Private room,30,366.0
Manhattan,Private room,2,214.0
Brooklyn,Entire home/apt,30,125.0
Manhattan,Private room,30,125.0
Manhattan,Entire home/apt,5,234.0
Manhattan,Entire home/apt,30,178.0
Bronx,Private room,30,80.0
Queens,Entire home/apt,30,195.0
Manhattan,Private room,30,75.0
Queens,Entire home/apt,30,145.0
Brooklyn,Entire home/apt,30,171.0
Brooklyn,Entire home/apt,30,209.0
Brooklyn,Entire home/apt,30,350.0
Brooklyn,Entire home/apt,30,171.0
Queens,Entire home/apt,30,293.0
Brooklyn,Private room,1,88.0
Brooklyn,Entire home/apt,30,149.0
Manhattan,Entire home/apt,30,163.0
Brooklyn,Private room,30,92.0
Brooklyn,Private room,30,158.0
Manhattan,Entire home/apt,30,183.0
Brooklyn,Private room,3,120.0
Manhattan,Entire home/apt,1,211.0
Manhattan,Entire home/apt,30,153.0
Staten Island,Entire home/apt,30,206.0
Manhattan,Entire home/apt,31,312.0
Brooklyn,Private room,2,111.0
Queens,Entire home/apt,30,225.0
Manhattan,Entire home/apt,30,110.0
Manhattan,Entire home/apt,30,158.0
Bronx,Private room,30,100.0
Manhattan,Entire home/apt,30,74.0
Brooklyn,Private room,30,51.0
Queens,Entire home/apt,2,208.0
Manhattan,Private room,1,214.0
Manhattan,Private room,1,267.0
Manhattan,Private room,1,208.0
Manhattan,Entire home/apt,30,103.0
Brooklyn,Private room,30,100.0
Brooklyn,Entire home/apt,30,99.0
Manhattan,Entire home/apt,30,120.0
Manhattan,Entire home/apt,30,120.0
Manhattan,Entire home/apt,30,110.0
Manhattan,Entire home/apt,30,186.0
Queens,Private room,30,60.0
Brooklyn,Private room,1,108.0
Brooklyn,Private room,2,150.0
Manhattan,Entire home/apt,30,148.0
Brooklyn,Private room,30,110.0
Manhattan,Entire home/apt,30,350.0
Brooklyn,Private room,100,70.0
Manhattan,Private room,1,80.0
Queens,Private room,30,60.0
Brooklyn,Entire home/apt,30,193.0
Brooklyn,Private room,30,90.0
Manhattan,Entire home/apt,30,389.0
Manhattan,Private room,30,87.0
Manhattan,Entire home/apt,30,124.0
Queens,Private room,5,74.0
Queens,Private room,30,77.0
Manhattan,Entire home/apt,30,128.0
Brooklyn,Entire home/apt,30,115.0
Brooklyn,Entire home/apt,30,190.0
Manhattan,Entire home/apt,30,125.0
Queens,Entire home/apt,30,150.0
Manhattan,Entire home/apt,30,108.0
Brooklyn,Private room,3,126.0
Manhattan,Private room,30,229.0
Manhattan,Private room,1,206.0
Brooklyn,Entire home/apt,30,162.0
Manhattan,Private room,30,93.0
Queens,Private room,2,143.0
Manhattan,Entire home/apt,30,180.0
Brooklyn,Private room,30,85.0
Brooklyn,Entire home/apt,30,251.0
Queens,Private room,30,100.0
Queens,Private room,90,73.0
Brooklyn,Private room,1,175.0
Brooklyn,Entire home/apt,30,603.0
Manhattan,Entire home/apt,30,799.0
Queens,Entire home/apt,30,126.0
Brooklyn,Entire home/apt,30,200.0
Brooklyn,Entire home/apt,30,110.0
Queens,Private room,2,78.0
Brooklyn,Private room,2,65.0
Brooklyn,Entire home/apt,30,67.0
Manhattan,Entire home/apt,30,225.0
Manhattan,Entire home/apt,30,188.0
Brooklyn,Private room,3,66.0
Queens,Entire home/apt,30,195.0
Brooklyn,Entire home/apt,30,179.0
Brooklyn,Entire home/apt,30,128.0
Brooklyn,Entire home/apt,2,125.0
Bronx,Private room,30,50.0
Manhattan,Entire home/apt,60,85.0
Brooklyn,Entire home/apt,2,257.0
Brooklyn,Private room,30,80.0
Queens,Private room,2,150.0
Manhattan,Private room,30,73.0
Bronx,Private room,30,175.0
Brooklyn,Private room,30,119.0
Brooklyn,Entire home/apt,30,126.0
Queens,Entire home/apt,30,135.0
Queens,Entire home/apt,30,317.0
Staten Island,Entire home/apt,30,81.0
Staten Island,Entire home/apt,30,79.0
Brooklyn,Entire home/apt,30,85.0
Manhattan,Entire home/apt,31,569.0
Staten Island,Private room,4,109.0
Brooklyn,Entire home/apt,30,189.0
Manhattan,Entire home/apt,30,150.0
Queens,Private room,2,123.0
Brooklyn,Entire home/apt,30,167.0
Manhattan,Entire home/apt,30,223.0
Brooklyn,Entire home/apt,30,123.0
Manhattan,Entire home/apt,30,89.0
Manhattan,Private room,31,250.0
Manhattan,Entire home/apt,30,90.0
Manhattan,Entire home/apt,30,93.0
Manhattan,Private room,1,77.0
Manhattan,Private room,1,77.0
Brooklyn,Private room,30,55.0
Brooklyn,Private room,30,66.0
Queens,Entire home/apt,30,124.0
Queens,Private room,1,93.0
Manhattan,Entire home/apt,30,213.0
Manhattan,Entire home/apt,1,177.0
Manhattan,Entire home/apt,30,174.0
Bronx,Entire home/apt,30,113.0
Manhattan,Entire home/apt,30,192.0
Brooklyn,Entire home/apt,3,221.0
Manhattan,Entire home/apt,30,182.0
Queens,Entire home/apt,30,121.0
Manhattan,Private room,30,65.0
Queens,Private room,30,80.0
Brooklyn,Private room,30,276.0
Brooklyn,Private room,30,720.0
Manhattan,Entire home/apt,30,900.0
Manhattan,Entire home/apt,30,172.0
Brooklyn,Private room,30,198.0
Brooklyn,Entire home/apt,30,170.0
Queens,Entire home/apt,30,86.0
Brooklyn,Entire home/apt,30,105.0
Brooklyn,Private room,1,184.0
Brooklyn,Private room,1,184.0
Brooklyn,Private room,1,184.0
Manhattan,Entire home/apt,30,99.0
Brooklyn,Private room,2,95.0
Queens,Private room,30,264.0
Manhattan,Entire home/apt,30,145.0
Manhattan,Private room,1,112.0
Brooklyn,Entire home/apt,30,81.0
Brooklyn,Entire home/apt,30,120.0
Brooklyn,Private room,30,208.0
Manhattan,Private room,30,869.0
Brooklyn,Entire home/apt,1,279.0
Brooklyn,Entire home/apt,30,145.0
Queens,Entire home/apt,30,166.0
Staten Island,Private room,2,60.0
Brooklyn,Private room,30,54.0
Brooklyn,Private room,30,95.0
Brooklyn,Entire home/apt,2,188.0
Brooklyn,Private room,30,85.0
Bronx,Private room,30,80.0
Brooklyn,Entire home/apt,30,336.0
Brooklyn,Private room,30,90.0
Manhattan,Entire home/apt,90,145.0
Queens,Entire home/apt,30,67.0
Brooklyn,Private room,2,123.0
Manhattan,Entire home/apt,30,386.0
Manhattan,Private room,30,143.0
Manhattan,Entire home/apt,30,100.0
Manhattan,Entire home/apt,30,135.0
Brooklyn,Private room,30,113.0
Brooklyn,Entire home/apt,1,176.0
Brooklyn,Private room,30,205.0
Brooklyn,Private room,90,60.0
Manhattan,Entire home/apt,30,210.0
Manhattan,Private room,30,90.0
Manhattan,Entire home/apt,30,546.0
Manhattan,Entire home/apt,30,90.0
Queens,Entire home/apt,30,175.0
Queens,Private room,30,64.0
Brooklyn,Private room,30,80.0
Manhattan,Entire home/apt,30,110.0
Manhattan,Entire home/apt,30,75.0
Queens,Entire home/apt,30,199.0
Brooklyn,Entire home/apt,30,160.0
Bronx,Entire home/apt,1,156.0
Bronx,Entire home/apt,1,173.0
Bronx,Entire home/apt,1,139.0
Manhattan,Entire home/apt,30,250.0
Brooklyn,Entire home/apt,30,187.0
Brooklyn,Private room,30,476.0
Brooklyn,Entire home/apt,30,141.0
Manhattan,Entire home/apt,30,400.0
Queens,Private room,30,66.0
Brooklyn,Entire home/apt,30,80.0
Manhattan,Entire home/apt,30,69.0
Manhattan,Entire home/apt,30,285.0
Queens,Entire home/apt,30,95.0
Bronx,Entire home/apt,30,200.0
Manhattan,Private room,30,109.0
Bronx,Entire home/apt,1,112.0
Manhattan,Entire home/apt,1,258.0
Manhattan,Entire home/apt,1,692.0
Brooklyn,Entire home/apt,2,183.0
Brooklyn,Entire home/apt,30,146.0
Manhattan,Entire home/apt,7,581.0
Bronx,Private room,30,65.0
Brooklyn,Private room,3,130.0
Bronx,Entire home/apt,300,599.0
Brooklyn,Entire home/apt,30,158.0
Brooklyn,Entire home/apt,30,336.0
Brooklyn,Entire home/apt,30,120.0
Bronx,Private room,30,82.0
Brooklyn,Entire home/apt,30,212.0
Brooklyn,Entire home/apt,30,150.0
Manhattan,Entire home/apt,30,280.0
Manhattan,Entire home/apt,30,85.0
Manhattan,Entire home/apt,30,110.0
Manhattan,Private room,30,99.0
Manhattan,Entire home/apt,1,152.0
Manhattan,Entire home/apt,30,110.0
Manhattan,Entire home/apt,30,300.0
Queens,Private room,2,115.0
Manhattan,Private room,30,99.0
Manhattan,Entire home/apt,30,342.0
Manhattan,Private room,30,80.0
Manhattan,Entire home/apt,30,61.0
Manhattan,Private room,30,99.0
Manhattan,Private room,30,149.0
Manhattan,Private room,30,76.0
Manhattan,Entire home/apt,30,61.0
Manhattan,Entire home/apt,30,61.0
Bronx,Entire home/apt,1,168.0
Bronx,Entire home/apt,1,177.0
Manhattan,Entire home/apt,30,64.0
Manhattan,Entire home/apt,30,61.0
Manhattan,Private room,30,78.0
Manhattan,Entire home/apt,30,61.0
Brooklyn,Entire home/apt,30,82.0
Brooklyn,Private room,30,160.0
Queens,Private room,30,60.0
Brooklyn,Entire home/apt,30,90.0
Brooklyn,Private room,30,170.0
Brooklyn,Entire home/apt,4,539.0
Brooklyn,Private room,30,95.0
Brooklyn,Entire home/apt,30,200.0
Brooklyn,Private room,30,190.0
Brooklyn,Entire home/apt,30,207.0
Manhattan,Private room,30,100.0
Brooklyn,Entire home/apt,30,800.0
Brooklyn,Private room,2,242.0
Manhattan,Private room,30,100.0
Brooklyn,Entire home/apt,30,199.0
Brooklyn,Entire home/apt,30,148.0
Queens,Private room,30,52.0
Manhattan,Entire home/apt,30,120.0
Manhattan,Entire home/apt,30,110.0
Manhattan,Entire home/apt,30,150.0
Manhattan,Entire home/apt,30,170.0
Brooklyn,Entire home/apt,30,175.0
Brooklyn,Entire home/apt,30,160.0
Brooklyn,Private room,3,152.0
Manhattan,Entire home/apt,30,110.0
Brooklyn,Entire home/apt,30,124.0
Queens,Private room,30,87.0
Manhattan,Private room,30,90.0
Queens,Private room,31,75.0
Brooklyn,Entire home/apt,30,160.0
Manhattan,Entire home/apt,30,311.0
Brooklyn,Entire home/apt,365,124.0
Manhattan,Entire home/apt,31,307.0
Manhattan,Entire home/apt,30,134.0
Brooklyn,Entire home/apt,30,101.0
Manhattan,Entire home/apt,30,400.0
Manhattan,Private room,30,65.0
Bronx,Entire home/apt,30,170.0
Queens,Entire home/apt,30,93.0
Manhattan,Private room,30,65.0
Manhattan,Entire home/apt,30,181.0
Brooklyn,Entire home/apt,30,176.0
Brooklyn,Entire home/apt,30,166.0
Manhattan,Private room,1,389.0
Manhattan,Private room,1,425.0
Manhattan,Entire home/apt,30,220.0
Brooklyn,Private room,3,114.0
Brooklyn,Private room,3,135.0
Queens,Entire home/apt,30,135.0
Brooklyn,Private room,5,160.0
Brooklyn,Entire home/apt,2,205.0
Manhattan,Entire home/apt,30,330.0
Queens,Entire home/apt,30,109.0
Manhattan,Entire home/apt,30,180.0
Manhattan,Shared room,2,183.0
Manhattan,Entire home/apt,30,152.0
Queens,Entire home/apt,30,137.0
Brooklyn,Private room,30,57.0
Manhattan,Entire home/apt,30,213.0
Manhattan,Entire home/apt,30,189.0
Queens,Entire home/apt,30,228.0
Manhattan,Shared room,30,100.0
Bronx,Entire home/apt,30,185.0
Brooklyn,Entire home/apt,30,236.0
Manhattan,Entire home/apt,30,162.0
Bronx,Entire home/apt,30,85.0
Brooklyn,Entire home/apt,30,276.0
Manhattan,Entire home/apt,30,164.0
Manhattan,Entire home/apt,1,244.0
Brooklyn,Private room,30,126.0
Queens,Entire home/apt,30,170.0
Manhattan,Private room,30,80.0
Manhattan,Private room,30,61.0
Manhattan,Private room,30,67.0
Manhattan,Private room,30,68.0
Queens,Entire home/apt,30,249.0
Manhattan,Entire home/apt,1,460.0
Manhattan,Entire home/apt,1,430.0
Manhattan,Entire home/apt,30,252.0
Manhattan,Entire home/apt,1,661.0
Manhattan,Entire home/apt,1,247.0
Manhattan,Entire home/apt,1,157.0
Manhattan,Private room,30,90.0
Manhattan,Entire home/apt,30,176.0
Manhattan,Entire home/apt,30,200.0
Staten Island,Entire home/apt,30,92.0
Brooklyn,Private room,2,123.0
Brooklyn,Entire home/apt,2,165.0
Manhattan,Entire home/apt,30,145.0
Brooklyn,Private room,30,79.0
Manhattan,Private room,30,79.0
Queens,Private room,31,100.0
Manhattan,Entire home/apt,30,140.0
Brooklyn,Private room,30,60.0
Manhattan,Private room,30,90.0
Brooklyn,Entire home/apt,30,229.0
Brooklyn,Entire home/apt,30,85.0
Queens,Entire home/apt,30,221.0
Staten Island,Entire home/apt,30,115.0
Manhattan,Entire home/apt,30,275.0
Manhattan,Entire home/apt,30,224.0
Queens,Private room,30,89.0
Brooklyn,Private room,30,105.0
Queens,Entire home/apt,30,191.0
Manhattan,Entire home/apt,30,185.0
Queens,Private room,30,50.0
Manhattan,Entire home/apt,30,328.0
Manhattan,Private room,1,129.0
Brooklyn,Private room,30,145.0
Brooklyn,Entire home/apt,30,350.0
Queens,Private room,2,80.0
Queens,Entire home/apt,31,299.0
Manhattan,Private room,30,108.0
Manhattan,Entire home/apt,30,381.0
Manhattan,Entire home/apt,1,225.0
Queens,Private room,30,62.0
Manhattan,Entire home/apt,30,135.0
Brooklyn,Entire home/apt,30,160.0
Manhattan,Entire home/apt,30,206.0
Manhattan,Entire home/apt,30,275.0
Manhattan,Entire home/apt,30,170.0
Brooklyn,Private room,30,85.0
Brooklyn,Entire home/apt,30,143.0
Manhattan,Private room,30,62.0
Brooklyn,Private room,30,67.0
Manhattan,Private room,1,243.0
Queens,Private room,30,123.0
Manhattan,Entire home/apt,31,384.0
Manhattan,Entire home/apt,30,182.0
Manhattan,Entire home/apt,30,209.0
Brooklyn,Entire home/apt,30,193.0
Manhattan,Entire home/apt,30,100.0
Manhattan,Entire home/apt,31,298.0
Manhattan,Entire home/apt,30,179.0
Queens,Entire home/apt,30,150.0
Manhattan,Entire home/apt,1,224.0
Bronx,Entire home/apt,30,54.0
Brooklyn,Entire home/apt,30,400.0
Manhattan,Private room,1,98.0
Manhattan,Entire home/apt,30,229.0
Manhattan,Entire home/apt,30,164.0
Brooklyn,Entire home/apt,30,80.0
Manhattan,Entire home/apt,30,170.0
Bronx,Entire home/apt,30,99.0
Brooklyn,Private room,2,154.0
Manhattan,Private room,30,470.0
Manhattan,Private room,30,114.0
Brooklyn,Private room,30,95.0
Queens,Private room,30,55.0
Queens,Private room,1,87.0
Queens,Private room,1,107.0
Brooklyn,Entire home/apt,1,209.0
Queens,Private room,1,88.0
Queens,Private room,1,83.0
Queens,Entire home/apt,30,90.0
Manhattan,Entire home/apt,30,222.0
Manhattan,Private room,1,69.0
Manhattan,Private room,1,114.0
Manhattan,Private room,1,98.0
Manhattan,Private room,1,101.0
Manhattan,Private room,1,127.0
Bronx,Private room,2,128.0
Manhattan,Entire home/apt,30,237.0
Manhattan,Private room,30,115.0
Brooklyn,Private room,30,100.0
Brooklyn,Entire home/apt,30,93.0
Brooklyn,Entire home/apt,30,700.0
Queens,Private room,30,58.0
Queens,Private room,30,58.0
Queens,Private room,30,63.0
Bronx,Entire home/apt,365,79.0
Manhattan,Entire home/apt,30,96.0
Brooklyn,Private room,30,101.0
Queens,Private room,30,85.0
Bronx,Private room,30,56.0
Manhattan,Entire home/apt,30,129.0
Manhattan,Entire home/apt,30,116.0
Queens,Entire home/apt,2,275.0
Brooklyn,Entire home/apt,30,185.0
Brooklyn,Entire home/apt,30,90.0
Queens,Entire home/apt,30,100.0
Staten Island,Entire home/apt,30,299.0
Bronx,Private room,30,65.0
Queens,Entire home/apt,30,86.0
Brooklyn,Private room,2,147.0
Queens,Entire home/apt,30,204.0
Brooklyn,Private room,30,125.0
Manhattan,Entire home/apt,30,171.0
Queens,Entire home/apt,30,90.0
Brooklyn,Private room,30,80.0
Brooklyn,Private room,30,50.0
Manhattan,Entire home/apt,45,150.0
Brooklyn,Entire home/apt,30,245.0
Brooklyn,Entire home/apt,30,85.0
Manhattan,Entire home/apt,30,195.0
Brooklyn,Entire home/apt,30,120.0
Brooklyn,Private room,30,214.0
Bronx,Entire home/apt,30,500.0
Manhattan,Entire home/apt,31,326.0
Manhattan,Entire home/apt,31,534.0
Brooklyn,Private room,30,67.0
Manhattan,Entire home/apt,30,100.0
Manhattan,Entire home/apt,30,170.0
Manhattan,Private room,30,100.0
Queens,Entire home/apt,30,250.0
Manhattan,Private room,3,136.0
Manhattan,Entire home/apt,30,350.0
Manhattan,Entire home/apt,30,160.0
Brooklyn,Private room,30,83.0
Brooklyn,Private room,4,121.0
Brooklyn,Entire home/apt,30,83.0
Bronx,Entire home/apt,30,150.0
Brooklyn,Private room,30,90.0
Queens,Private room,3,129.0
Brooklyn,Private room,30,56.0
Brooklyn,Private room,30,61.0
Queens,Private room,30,76.0
Manhattan,Private room,30,100.0
Manhattan,Private room,30,105.0
Manhattan,Private room,30,105.0
Manhattan,Private room,30,125.0
Manhattan,Private room,30,105.0
Manhattan,Private room,30,95.0
Manhattan,Private room,30,105.0
Manhattan,Private room,30,99.0
Manhattan,Private room,30,99.0
Manhattan,Private room,30,99.0
Brooklyn,Private room,30,70.0
Manhattan,Private room,30,105.0
Manhattan,Private room,30,105.0
Manhattan,Private room,30,110.0
Brooklyn,Private room,30,93.0
Brooklyn,Entire home/apt,30,388.0
Manhattan,Private room,1,130.0
Manhattan,Private room,1,119.0
Manhattan,Private room,1,158.0
Manhattan,Private room,1,230.0
Queens,Entire home/apt,30,98.0
Brooklyn,Entire home/apt,30,145.0
Manhattan,Private room,30,114.0
Manhattan,Entire home/apt,30,220.0
Brooklyn,Private room,2,220.0
Queens,Entire home/apt,30,125.0
Manhattan,Entire home/apt,30,120.0
Manhattan,Entire home/apt,30,142.0
Brooklyn,Entire home/apt,30,115.0
Queens,Entire home/apt,30,175.0
Bronx,Private room,2,165.0
Bronx,Entire home/apt,30,214.0
Bronx,Entire home/apt,30,86.0
Bronx,Entire home/apt,30,99.0
Manhattan,Entire home/apt,30,135.0
Brooklyn,Private room,30,186.0
Queens,Entire home/apt,31,429.0
Manhattan,Entire home/apt,30,330.0
Brooklyn,Entire home/apt,3,227.0
Manhattan,Entire home/apt,30,179.0
Manhattan,Entire home/apt,30,232.0
Queens,Private room,2,55.0
Staten Island,Entire home/apt,30,147.0
Queens,Entire home/apt,30,111.0
Brooklyn,Entire home/apt,30,125.0
Brooklyn,Entire home/apt,30,144.0
Manhattan,Entire home/apt,1,213.0
Manhattan,Entire home/apt,30,175.0
Manhattan,Private room,30,55.0
Brooklyn,Entire home/apt,30,158.0
Manhattan,Entire home/apt,30,175.0
Manhattan,Entire home/apt,30,99.0
Queens,Entire home/apt,5,556.0
Queens,Entire home/apt,30,270.0
Queens,Entire home/apt,30,114.0
Manhattan,Entire home/apt,30,120.0
Brooklyn,Entire home/apt,30,145.0
Manhattan,Entire home/apt,1,163.0
Brooklyn,Private room,1,187.0
Brooklyn,Private room,30,91.0
Manhattan,Entire home/apt,31,340.0
Brooklyn,Private room,2,230.0
Queens,Private room,30,53.0
Brooklyn,Entire home/apt,30,253.0
Brooklyn,Entire home/apt,30,90.0
Manhattan,Private room,1,243.0
Brooklyn,Entire home/apt,30,388.0
Manhattan,Entire home/apt,31,496.0
Manhattan,Entire home/apt,30,230.0
Brooklyn,Private room,30,58.0
Queens,Entire home/apt,30,175.0
Manhattan,Entire home/apt,30,66.0
Brooklyn,Entire home/apt,30,150.0
Brooklyn,Private room,30,95.0
Bronx,Private room,30,80.0
Manhattan,Entire home/apt,30,120.0
Queens,Private room,30,80.0
Queens,Entire home/apt,30,285.0
Manhattan,Entire home/apt,30,500.0
Manhattan,Entire home/apt,30,80.0
Manhattan,Entire home/apt,30,88.0
Manhattan,Entire home/apt,30,142.0
Queens,Entire home/apt,30,110.0
Manhattan,Private room,30,73.0
Manhattan,Entire home/apt,30,300.0
Queens,Entire home/apt,30,111.0
Bronx,Entire home/apt,30,161.0
Brooklyn,Private room,30,90.0
Brooklyn,Private room,2,240.0
Brooklyn,Entire home/apt,5,120.0
Manhattan,Entire home/apt,1,238.0
Brooklyn,Private room,30,149.0
Manhattan,Entire home/apt,30,177.0
Manhattan,Private room,1,65.0
Manhattan,Entire home/apt,30,180.0
Brooklyn,Entire home/apt,30,140.0
Manhattan,Entire home/apt,30,188.0
Bronx,Private room,30,70.0
Queens,Entire home/apt,30,94.0
Manhattan,Entire home/apt,30,211.0
Brooklyn,Private room,3,318.0
Brooklyn,Private room,30,58.0
Queens,Entire home/apt,30,145.0
Brooklyn,Entire home/apt,30,115.0
Brooklyn,Private room,30,83.0
Brooklyn,Private room,30,95.0
Bronx,Private room,30,200.0
Manhattan,Entire home/apt,30,336.0
Bronx,Entire home/apt,30,75.0
Brooklyn,Entire home/apt,30,445.0
Brooklyn,Entire home/apt,30,179.0
Brooklyn,Entire home/apt,30,164.0
Brooklyn,Entire home/apt,2,234.0
Brooklyn,Private room,4,76.0
Manhattan,Entire home/apt,30,203.0
Manhattan,Entire home/apt,30,400.0
Manhattan,Entire home/apt,31,659.0
Queens,Entire home/apt,30,151.0
Brooklyn,Entire home/apt,30,175.0
Manhattan,Entire home/apt,30,265.0
Bronx,Entire home/apt,1,149.0
Brooklyn,Private room,4,237.0
Manhattan,Private room,1,159.0
Brooklyn,Entire home/apt,30,180.0
Manhattan,Private room,2,229.0
Brooklyn,Private room,30,180.0
Manhattan,Entire home/apt,30,256.0
Manhattan,Private room,30,105.0
Manhattan,Private room,1,480.0
Bronx,Private room,30,180.0
Manhattan,Entire home/apt,30,61.0
Brooklyn,Private room,30,70.0
Queens,Private room,30,55.0
Brooklyn,Private room,90,80.0
Manhattan,Entire home/apt,30,349.0
Brooklyn,Private room,30,60.0
Brooklyn,Private room,30,60.0
Queens,Entire home/apt,30,109.0
Manhattan,Entire home/apt,30,209.0
Manhattan,Entire home/apt,30,650.0
Brooklyn,Entire home/apt,30,99.0
Manhattan,Entire home/apt,30,178.0
Brooklyn,Private room,30,194.0
Manhattan,Entire home/apt,1,238.0
Manhattan,Entire home/apt,1,191.0
Queens,Entire home/apt,30,79.0
Brooklyn,Entire home/apt,30,120.0
Brooklyn,Private room,30,78.0
Brooklyn,Private room,30,57.0
Queens,Private room,30,149.0
Brooklyn,Private room,30,61.0
Brooklyn,Private room,30,58.0
Brooklyn,Private room,30,60.0
Brooklyn,Private room,30,58.0
Brooklyn,Private room,30,78.0
Brooklyn,Entire home/apt,1,265.0
Manhattan,Private room,1,826.0
Brooklyn,Private room,30,180.0
Brooklyn,Private room,2,240.0
Manhattan,Entire home/apt,30,58.0
Manhattan,Entire home/apt,30,225.0
Brooklyn,Private room,30,80.0
Brooklyn,Private room,3,100.0
Queens,Private room,2,55.0
Queens,Entire home/apt,30,84.0
Brooklyn,Private room,30,89.0
Brooklyn,Private room,30,167.0
Brooklyn,Private room,30,300.0
Brooklyn,Entire home/apt,30,276.0
Brooklyn,Entire home/apt,30,250.0
Brooklyn,Private room,30,120.0
Manhattan,Entire home/apt,30,115.0
Manhattan,Private room,30,55.0
Manhattan,Entire home/apt,30,120.0
Manhattan,Entire home/apt,30,165.0
Manhattan,Entire home/apt,30,158.0
Queens,Private room,1,134.0
Queens,Private room,30,89.0
Brooklyn,Private room,30,73.0
Manhattan,Entire home/apt,30,375.0
Queens,Entire home/apt,30,120.0
Brooklyn,Private room,30,64.0
Manhattan,Private room,30,100.0
Manhattan,Entire home/apt,30,100.0
Brooklyn,Private room,30,106.0
Manhattan,Entire home/apt,30,61.0
Queens,Private room,1,97.0
Manhattan,Private room,30,85.0
Brooklyn,Entire home/apt,12,235.0
Brooklyn,Private room,3,100.0
Brooklyn,Private room,3,73.0
Queens,Entire home/apt,30,104.0
Queens,Entire home/apt,30,198.0
Brooklyn,Private room,30,56.0
Brooklyn,Entire home/apt,30,259.0
Staten Island,Entire home/apt,30,62.0
Brooklyn,Entire home/apt,31,155.0
Staten Island,Entire home/apt,2,168.0
Manhattan,Entire home/apt,30,270.0
Brooklyn,Private room,3,103.0
Brooklyn,Entire home/apt,30,410.0
Manhattan,Entire home/apt,30,150.0
Queens,Entire home/apt,30,118.0
Manhattan,Entire home/apt,30,95.0
Brooklyn,Private room,2,225.0
Manhattan,Entire home/apt,30,238.0
Staten Island,Entire home/apt,30,65.0
Brooklyn,Private room,30,121.0
Manhattan,Entire home/apt,30,158.0
Manhattan,Entire home/apt,1,221.0
Brooklyn,Private room,30,90.0
Brooklyn,Entire home/apt,2,189.0
Brooklyn,Entire home/apt,30,215.0
Queens,Entire home/apt,30,294.0
Queens,Entire home/apt,30,144.0
Manhattan,Private room,1,230.0
Brooklyn,Entire home/apt,30,216.0
Brooklyn,Entire home/apt,2,205.0
Bronx,Private room,30,184.0
Queens,Entire home/apt,30,140.0
Manhattan,Private room,30,150.0
Manhattan,Entire home/apt,30,150.0
Queens,Entire home/apt,30,384.0
Manhattan,Entire home/apt,31,300.0
Manhattan,Entire home/apt,30,262.0
Bronx,Entire home/apt,1,167.0
Manhattan,Private room,30,65.0
Brooklyn,Entire home/apt,30,119.0
Brooklyn,Private room,30,78.0
Manhattan,Entire home/apt,30,106.0
Manhattan,Entire home/apt,30,146.0
Manhattan,Entire home/apt,30,110.0
Queens,Private room,30,50.0
Manhattan,Entire home/apt,30,90.0
Brooklyn,Private room,30,143.0
Manhattan,Private room,1,826.0
Manhattan,Entire home/apt,30,85.0
Manhattan,Entire home/apt,30,120.0
Brooklyn,Entire home/apt,30,85.0
Manhattan,Entire home/apt,30,160.0
Manhattan,Entire home/apt,30,119.0
Manhattan,Entire home/apt,30,155.0
Manhattan,Entire home/apt,30,100.0
Manhattan,Entire home/apt,30,160.0
Manhattan,Entire home/apt,30,160.0
Brooklyn,Private room,30,72.0
Brooklyn,Private room,30,69.0
Manhattan,Entire home/apt,30,388.0
Bronx,Private room,30,92.0
Bronx,Private room,30,55.0
Manhattan,Entire home/apt,1,204.0
Manhattan,Entire home/apt,1,216.0
Manhattan,Entire home/apt,30,166.0
Queens,Private room,30,342.0
Brooklyn,Entire home/apt,30,90.0
Brooklyn,Entire home/apt,30,98.0
Manhattan,Private room,30,50.0
Manhattan,Entire home/apt,30,95.0
Manhattan,Private room,30,50.0
Manhattan,Entire home/apt,30,109.0
Manhattan,Entire home/apt,30,172.0
Manhattan,Entire home/apt,30,284.0
Manhattan,Private room,30,140.0
Manhattan,Private room,30,133.0
Bronx,Entire home/apt,30,110.0
Queens,Private room,1,134.0
Manhattan,Private room,30,71.0
Manhattan,Entire home/apt,30,135.0
Manhattan,Entire home/apt,30,164.0
Manhattan,Entire home/apt,4,600.0
Manhattan,Private room,30,98.0
Brooklyn,Private room,30,90.0
Manhattan,Private room,30,65.0
Brooklyn,Entire home/apt,30,165.0
Manhattan,Private room,30,51.0
Manhattan,Entire home/apt,30,155.0
Bronx,Entire home/apt,30,107.0
Brooklyn,Private room,1,185.0
Manhattan,Entire home/apt,30,185.0
Queens,Private room,30,55.0
Brooklyn,Private room,30,65.0
Brooklyn,Private room,30,176.0
Manhattan,Entire home/apt,31,393.0
Brooklyn,Private room,30,113.0
Brooklyn,Entire home/apt,30,150.0
Manhattan,Entire home/apt,1,243.0
Manhattan,Entire home/apt,30,160.0
Bronx,Entire home/apt,30,149.0
Bronx,Entire home/apt,2,181.0
Queens,Entire home/apt,30,98.0
Brooklyn,Private room,30,60.0
Brooklyn,Private room,30,74.0
Brooklyn,Private room,30,58.0
Brooklyn,Private room,30,57.0
Brooklyn,Private room,30,58.0
Brooklyn,Private room,30,60.0
Brooklyn,Private room,30,78.0
Brooklyn,Private room,30,77.0
Manhattan,Entire home/apt,30,105.0
Bronx,Entire home/apt,30,67.0
Manhattan,Private room,1,65.0
Manhattan,Entire home/apt,30,95.0
Manhattan,Entire home/apt,30,325.0
Manhattan,Entire home/apt,30,444.0
Queens,Private room,30,50.0
Manhattan,Private room,30,428.0
Brooklyn,Entire home/apt,30,170.0
Manhattan,Entire home/apt,30,200.0
Brooklyn,Private room,2,172.0
Bronx,Entire home/apt,30,116.0
Brooklyn,Entire home/apt,30,93.0
Brooklyn,Private room,30,86.0
Queens,Entire home/apt,30,96.0
Queens,Entire home/apt,30,110.0
Brooklyn,Private room,30,68.0
Brooklyn,Private room,3,161.0
Brooklyn,Private room,30,68.0
Brooklyn,Private room,30,67.0
Brooklyn,Entire home/apt,30,180.0
Manhattan,Entire home/apt,30,240.0
Staten Island,Private room,3,436.0
Brooklyn,Private room,1,140.0
Brooklyn,Private room,30,67.0
Brooklyn,Private room,30,63.0
Manhattan,Entire home/apt,30,146.0
Manhattan,Entire home/apt,30,104.0
Bronx,Entire home/apt,30,113.0
Brooklyn,Entire home/apt,5,160.0
Manhattan,Entire home/apt,30,98.0
Bronx,Entire home/apt,30,188.0
Brooklyn,Private room,2,87.0
Brooklyn,Private room,30,86.0
Bronx,Private room,30,68.0
Bronx,Private room,30,63.0
Queens,Private room,3,96.0
Queens,Entire home/apt,30,68.0
Manhattan,Entire home/apt,30,258.0
Manhattan,Private room,1,93.0
Brooklyn,Entire home/apt,30,215.0
Queens,Private room,2,164.0
Brooklyn,Entire home/apt,30,500.0
Queens,Entire home/apt,30,245.0
Brooklyn,Entire home/apt,30,292.0
Manhattan,Private room,2,143.0
Brooklyn,Private room,30,191.0
Manhattan,Entire home/apt,30,104.0
Bronx,Private room,2,183.0
Queens,Entire home/apt,30,80.0
Brooklyn,Private room,5,93.0
Manhattan,Entire home/apt,30,244.0
Manhattan,Entire home/apt,30,175.0
Manhattan,Entire home/apt,30,90.0
Manhattan,Private room,30,59.0
Manhattan,Entire home/apt,1,147.0
Brooklyn,Private room,30,145.0
Brooklyn,Entire home/apt,30,122.0
Queens,Entire home/apt,31,100.0
Brooklyn,Entire home/apt,30,135.0
Manhattan,Entire home/apt,30,180.0
Brooklyn,Private room,30,300.0
Manhattan,Private room,30,94.0
Manhattan,Entire home/apt,60,89.0
Queens,Private room,30,70.0
Manhattan,Entire home/apt,30,126.0
Brooklyn,Entire home/apt,30,83.0
Queens,Entire home/apt,60,210.0
Manhattan,Entire home/apt,30,127.0
Manhattan,Entire home/apt,30,184.0
Manhattan,Entire home/apt,30,120.0
Manhattan,Entire home/apt,30,184.0
Manhattan,Entire home/apt,30,99.0
Manhattan,Entire home/apt,30,120.0
Manhattan,Entire home/apt,30,127.0
Manhattan,Entire home/apt,30,90.0
Manhattan,Private room,30,59.0
Manhattan,Entire home/apt,30,207.0
Brooklyn,Entire home/apt,30,190.0
Brooklyn,Entire home/apt,45,198.0
Queens,Private room,30,50.0
Manhattan,Entire home/apt,30,120.0
Manhattan,Private room,30,52.0
Queens,Private room,120,135.0
Brooklyn,Entire home/apt,30,650.0
Bronx,Entire home/apt,30,156.0
Manhattan,Private room,30,85.0
Queens,Entire home/apt,30,122.0
Manhattan,Entire home/apt,30,229.0
Brooklyn,Entire home/apt,30,317.0
Manhattan,Entire home/apt,31,298.0
Brooklyn,Entire home/apt,30,141.0
Manhattan,Entire home/apt,30,118.0
Brooklyn,Entire home/apt,30,141.0
Brooklyn,Private room,30,55.0
Brooklyn,Private room,30,64.0
Brooklyn,Private room,1,133.0
Manhattan,Entire home/apt,30,108.0
Brooklyn,Private room,30,150.0
Queens,Private room,30,215.0
Queens,Entire home/apt,30,345.0
Manhattan,Entire home/apt,30,145.0
Manhattan,Entire home/apt,3,159.0
Brooklyn,Entire home/apt,30,149.0
Brooklyn,Entire home/apt,30,182.0
Brooklyn,Private room,30,135.0
Bronx,Entire home/apt,30,115.0
Manhattan,Entire home/apt,1,83.0
Brooklyn,Private room,30,76.0
Brooklyn,Entire home/apt,30,125.0
Brooklyn,Private room,30,88.0
Manhattan,Private room,30,186.0
Queens,Private room,30,174.0
Manhattan,Entire home/apt,30,183.0
Brooklyn,Entire home/apt,30,138.0
Brooklyn,Entire home/apt,30,65.0
Brooklyn,Entire home/apt,30,130.0
Manhattan,Entire home/apt,30,200.0
Queens,Entire home/apt,30,109.0
Manhattan,Entire home/apt,30,199.0
Manhattan,Entire home/apt,30,277.0
Staten Island,Private room,30,54.0
Queens,Entire home/apt,30,79.0
Staten Island,Entire home/apt,30,95.0
Queens,Entire home/apt,30,60.0
Queens,Entire home/apt,30,209.0
Brooklyn,Private room,2,94.0
Queens,Entire home/apt,30,213.0
Manhattan,Entire home/apt,30,100.0
Brooklyn,Private room,30,53.0
Queens,Private room,2,62.0
Brooklyn,Private room,30,380.0
Manhattan,Entire home/apt,30,192.0
Manhattan,Entire home/apt,30,172.0
Brooklyn,Private room,30,68.0
Brooklyn,Private room,30,300.0
Queens,Entire home/apt,30,167.0
Manhattan,Private room,30,160.0
Manhattan,Entire home/apt,30,500.0
Queens,Entire home/apt,30,330.0
Bronx,Private room,30,150.0
Manhattan,Entire home/apt,30,166.0
Bronx,Private room,30,144.0
Brooklyn,Private room,2,105.0
Brooklyn,Private room,30,100.0
Bronx,Private room,30,59.0
Brooklyn,Private room,30,65.0
Brooklyn,Entire home/apt,2,266.0
Queens,Entire home/apt,30,250.0
Manhattan,Entire home/apt,30,133.0
Brooklyn,Private room,30,72.0
Brooklyn,Private room,30,76.0
Manhattan,Entire home/apt,30,105.0
Manhattan,Entire home/apt,30,169.0
Brooklyn,Entire home/apt,30,194.0
Brooklyn,Private room,30,51.0
Manhattan,Private room,30,200.0
Staten Island,Entire home/apt,30,104.0
Manhattan,Entire home/apt,30,69.0
Queens,Entire home/apt,30,80.0
Manhattan,Entire home/apt,31,336.0
Manhattan,Entire home/apt,31,334.0
Manhattan,Entire home/apt,31,280.0
Brooklyn,Entire home/apt,30,319.0
Queens,Entire home/apt,30,110.0
Brooklyn,Entire home/apt,30,80.0
Manhattan,Entire home/apt,30,76.0
Manhattan,Entire home/apt,31,450.0
Bronx,Private room,30,105.0
Brooklyn,Private room,30,65.0
Queens,Private room,30,150.0
Queens,Entire home/apt,30,340.0
Queens,Private room,30,105.0
Brooklyn,Private room,30,86.0
Queens,Entire home/apt,30,120.0
Manhattan,Entire home/apt,5,800.0
Manhattan,Entire home/apt,1,209.0
Brooklyn,Private room,30,115.0
Manhattan,Entire home/apt,30,170.0
Brooklyn,Private room,30,70.0
Brooklyn,Entire home/apt,3,174.0
Queens,Private room,1,132.0
Queens,Entire home/apt,30,211.0
Queens,Entire home/apt,30,135.0
Manhattan,Entire home/apt,30,104.0
Manhattan,Entire home/apt,30,199.0
Manhattan,Entire home/apt,30,200.0
Queens,Private room,1,270.0
Brooklyn,Entire home/apt,30,136.0
Brooklyn,Entire home/apt,30,90.0
Brooklyn,Entire home/apt,30,179.0
Queens,Entire home/apt,30,85.0
Manhattan,Private room,360,120.0
Manhattan,Entire home/apt,30,245.0
Staten Island,Entire home/apt,30,80.0
Brooklyn,Entire home/apt,30,90.0
Manhattan,Entire home/apt,30,105.0
Brooklyn,Entire home/apt,30,225.0
Brooklyn,Entire home/apt,30,119.0
Brooklyn,Entire home/apt,30,225.0
Brooklyn,Entire home/apt,30,115.0
Manhattan,Entire home/apt,30,200.0
Queens,Private room,30,70.0
Brooklyn,Private room,30,51.0
Brooklyn,Private room,1,107.0
Brooklyn,Entire home/apt,30,585.0
Queens,Entire home/apt,1,163.0
Queens,Entire home/apt,1,197.0
Queens,Entire home/apt,1,268.0
Queens,Entire home/apt,1,195.0
Manhattan,Entire home/apt,30,185.0
Brooklyn,Private room,30,157.0
Manhattan,Entire home/apt,30,143.0
Brooklyn,Private room,1,167.0
Manhattan,Private room,1,826.0
Queens,Entire home/apt,30,205.0
Manhattan,Entire home/apt,30,696.0
Queens,Private room,30,54.0
Queens,Entire home/apt,30,144.0
Queens,Entire home/apt,1,297.0
Brooklyn,Private room,30,60.0
Queens,Private room,30,55.0
Queens,Private room,3,81.0
Queens,Private room,2,143.0
Brooklyn,Entire home/apt,30,90.0
Queens,Entire home/apt,30,250.0
Brooklyn,Private room,30,67.0
Queens,Entire home/apt,60,318.0
Manhattan,Private room,1,128.0
Manhattan,Entire home/apt,30,331.0
Brooklyn,Entire home/apt,30,115.0
Brooklyn,Private room,30,152.0
Bronx,Entire home/apt,30,160.0
Brooklyn,Entire home/apt,30,644.0
Brooklyn,Entire home/apt,30,151.0
Queens,Entire home/apt,30,200.0
Queens,Entire home/apt,30,94.0
Queens,Entire home/apt,30,175.0
Brooklyn,Entire home/apt,30,183.0
Manhattan,Entire home/apt,75,165.0
Brooklyn,Entire home/apt,59,141.0
Brooklyn,Private room,30,51.0
Queens,Private room,1,91.0
Manhattan,Entire home/apt,30,317.0
Staten Island,Entire home/apt,30,195.0
Brooklyn,Private room,4,150.0
Queens,Private room,30,75.0
Queens,Private room,3,76.0
Queens,Private room,30,174.0
Manhattan,Entire home/apt,31,461.0
Manhattan,Entire home/apt,30,198.0
Brooklyn,Entire home/apt,30,145.0
Manhattan,Entire home/apt,30,265.0
Brooklyn,Private room,30,108.0
Staten Island,Private room,30,120.0
Brooklyn,Entire home/apt,30,123.0
Brooklyn,Private room,30,65.0
Queens,Private room,10,66.0
Queens,Entire home/apt,30,293.0
Manhattan,Entire home/apt,30,266.0
Manhattan,Entire home/apt,30,118.0
Brooklyn,Entire home/apt,30,150.0
Manhattan,Entire home/apt,30,375.0
Brooklyn,Private room,30,63.0
Manhattan,Entire home/apt,30,295.0
Manhattan,Entire home/apt,30,217.0
Queens,Private room,30,70.0
Bronx,Entire home/apt,30,70.0
Manhattan,Entire home/apt,30,100.0
Brooklyn,Entire home/apt,3,207.0
Manhattan,Entire home/apt,30,195.0
Brooklyn,Private room,2,90.0
Brooklyn,Private room,30,71.0
Brooklyn,Entire home/apt,30,128.0
Manhattan,Entire home/apt,4,235.0
Manhattan,Entire home/apt,31,388.0
Manhattan,Entire home/apt,31,388.0
Manhattan,Entire home/apt,30,392.0
Brooklyn,Entire home/apt,30,350.0
Queens,Private room,30,51.0
Brooklyn,Entire home/apt,30,225.0
Queens,Private room,30,700.0
Manhattan,Entire home/apt,30,241.0
Brooklyn,Entire home/apt,30,400.0
Brooklyn,Entire home/apt,30,315.0
Manhattan,Private room,30,78.0
Queens,Private room,30,53.0
Bronx,Entire home/apt,30,89.0
Brooklyn,Private room,30,115.0
Brooklyn,Entire home/apt,30,173.0
Staten Island,Private room,30,150.0
Brooklyn,Entire home/apt,30,155.0
Brooklyn,Entire home/apt,30,200.0
Manhattan,Private room,30,75.0
Queens,Private room,1,202.0
Queens,Private room,1,222.0
Queens,Private room,1,199.0
Queens,Private room,1,177.0
Queens,Private room,1,174.0
Queens,Entire home/apt,364,350.0
Brooklyn,Private room,30,70.0
Brooklyn,Private room,30,544.0
Manhattan,Entire home/apt,30,129.0
Queens,Entire home/apt,30,210.0
Brooklyn,Private room,30,90.0
Queens,Entire home/apt,30,190.0
Brooklyn,Entire home/apt,30,140.0
Brooklyn,Private room,30,65.0
Brooklyn,Private room,30,182.0
Brooklyn,Entire home/apt,30,251.0
Queens,Shared room,30,170.0
Manhattan,Entire home/apt,7,376.0
Manhattan,Entire home/apt,7,525.0
Manhattan,Private room,30,140.0
Queens,Entire home/apt,30,197.0
Brooklyn,Entire home/apt,3,254.0
Brooklyn,Entire home/apt,30,151.0
Queens,Private room,30,84.0
Brooklyn,Entire home/apt,30,212.0
Queens,Private room,30,88.0
Brooklyn,Entire home/apt,30,161.0
Queens,Entire home/apt,30,179.0
Manhattan,Entire home/apt,31,309.0
Manhattan,Entire home/apt,31,253.0
Manhattan,Private room,30,127.0
Manhattan,Entire home/apt,30,90.0
Brooklyn,Private room,30,103.0
Brooklyn,Private room,30,117.0
Brooklyn,Entire home/apt,30,167.0
Brooklyn,Entire home/apt,30,200.0
Brooklyn,Private room,2,273.0
Queens,Entire home/apt,30,185.0
Brooklyn,Entire home/apt,31,125.0
Manhattan,Entire home/apt,30,497.0
Manhattan,Entire home/apt,30,480.0
Brooklyn,Private room,30,270.0
Manhattan,Entire home/apt,31,422.0
Manhattan,Entire home/apt,31,250.0
Queens,Private room,1,128.0
Manhattan,Entire home/apt,30,118.0
Queens,Private room,1,74.0
Staten Island,Entire home/apt,30,79.0
Queens,Entire home/apt,2,262.0
Brooklyn,Private room,30,60.0
Brooklyn,Private room,60,75.0
Brooklyn,Entire home/apt,31,378.0
Brooklyn,Private room,30,75.0
Manhattan,Entire home/apt,31,247.0
Queens,Private room,2,94.0
Bronx,Private room,30,79.0
Bronx,Private room,30,163.0
Brooklyn,Entire home/apt,30,241.0
Brooklyn,Entire home/apt,30,424.0
Bronx,Private room,30,59.0
Brooklyn,Private room,30,93.0
Manhattan,Private room,30,140.0
Queens,Private room,1,125.0
Brooklyn,Entire home/apt,30,365.0
Queens,Entire home/apt,30,161.0
Queens,Private room,1,184.0
Queens,Private room,1,195.0
Brooklyn,Private room,30,300.0
Queens,Entire home/apt,30,79.0
Manhattan,Private room,30,84.0
Manhattan,Entire home/apt,30,129.0
Manhattan,Entire home/apt,30,362.0
Manhattan,Entire home/apt,30,268.0
Manhattan,Entire home/apt,1,245.0
Brooklyn,Private room,30,60.0
Queens,Entire home/apt,30,182.0
Manhattan,Private room,1,355.0
Manhattan,Entire home/apt,31,388.0
Manhattan,Entire home/apt,30,615.0
Manhattan,Entire home/apt,31,118.0
Manhattan,Entire home/apt,30,186.0
Brooklyn,Entire home/apt,30,92.0
Manhattan,Entire home/apt,30,241.0
Manhattan,Entire home/apt,30,171.0
Brooklyn,Entire home/apt,30,76.0
Brooklyn,Entire home/apt,30,110.0
Manhattan,Entire home/apt,30,401.0
Brooklyn,Entire home/apt,30,190.0
Manhattan,Private room,30,63.0
Brooklyn,Private room,30,98.0
Queens,Private room,2,183.0
Brooklyn,Entire home/apt,30,179.0
Brooklyn,Entire home/apt,30,107.0
Brooklyn,Entire home/apt,30,265.0
Manhattan,Private room,30,135.0
Brooklyn,Private room,30,90.0
Brooklyn,Entire home/apt,30,99.0
Queens,Entire home/apt,30,210.0
Manhattan,Entire home/apt,30,248.0
Manhattan,Entire home/apt,31,518.0
Brooklyn,Entire home/apt,30,240.0
Manhattan,Entire home/apt,30,168.0
Manhattan,Entire home/apt,30,265.0
Queens,Entire home/apt,31,304.0
Queens,Entire home/apt,30,69.0
Brooklyn,Private room,30,105.0
Brooklyn,Private room,3,148.0
Queens,Private room,1,81.0
Brooklyn,Entire home/apt,30,160.0
Brooklyn,Private room,2,87.0
Queens,Entire home/apt,30,209.0
Manhattan,Private room,30,81.0
Brooklyn,Private room,30,50.0
Manhattan,Entire home/apt,30,259.0
Bronx,Private room,30,67.0
Brooklyn,Private room,30,80.0
Manhattan,Entire home/apt,30,168.0
Manhattan,Entire home/apt,30,397.0
Manhattan,Private room,31,122.0
Manhattan,Private room,30,108.0
Manhattan,Private room,30,135.0
Brooklyn,Entire home/apt,30,1000.0
Manhattan,Entire home/apt,31,405.0
Manhattan,Entire home/apt,30,195.0
Brooklyn,Entire home/apt,30,154.0
Queens,Private room,30,175.0
Bronx,Entire home/apt,30,110.0
Manhattan,Entire home/apt,31,505.0
Manhattan,Entire home/apt,31,373.0
Manhattan,Entire home/apt,31,388.0
Manhattan,Entire home/apt,31,436.0
Brooklyn,Private room,30,60.0
Manhattan,Private room,30,222.0
Brooklyn,Entire home/apt,1,122.0
Brooklyn,Entire home/apt,30,236.0
Queens,Entire home/apt,30,220.0
Brooklyn,Entire home/apt,30,500.0
Queens,Private room,2,78.0
Brooklyn,Private room,2,235.0
Manhattan,Entire home/apt,30,281.0
Brooklyn,Entire home/apt,30,176.0
Manhattan,Entire home/apt,31,262.0
Brooklyn,Entire home/apt,2,211.0
Manhattan,Entire home/apt,31,457.0
Queens,Entire home/apt,30,110.0
Manhattan,Entire home/apt,30,253.0
Queens,Entire home/apt,30,103.0
Brooklyn,Private room,2,147.0
Manhattan,Entire home/apt,31,449.0
Manhattan,Private room,30,127.0
Manhattan,Entire home/apt,30,140.0
Queens,Private room,30,55.0
Queens,Private room,30,56.0
Manhattan,Entire home/apt,3,226.0
Manhattan,Entire home/apt,30,195.0
Brooklyn,Private room,3,123.0
Brooklyn,Private room,1,180.0
Brooklyn,Private room,2,111.0
Brooklyn,Private room,1,126.0
Queens,Private room,1,95.0
Brooklyn,Entire home/apt,30,231.0
Queens,Entire home/apt,30,175.0
Manhattan,Entire home/apt,30,500.0
Queens,Entire home/apt,30,110.0
Brooklyn,Entire home/apt,30,107.0
Brooklyn,Entire home/apt,30,500.0
Brooklyn,Entire home/apt,30,137.0
Brooklyn,Entire home/apt,31,352.0
Manhattan,Entire home/apt,31,326.0
Brooklyn,Private room,30,70.0
Brooklyn,Entire home/apt,30,248.0
Manhattan,Private room,30,85.0
Brooklyn,Entire home/apt,31,140.0
Queens,Private room,30,55.0
Queens,Private room,30,100.0
Manhattan,Entire home/apt,30,196.0
Queens,Entire home/apt,30,90.0
Brooklyn,Private room,30,135.0
Brooklyn,Entire home/apt,31,140.0
Brooklyn,Entire home/apt,30,277.0
Brooklyn,Entire home/apt,30,600.0
Brooklyn,Private room,30,205.0
Queens,Private room,30,60.0
Brooklyn,Private room,2,272.0
Brooklyn,Private room,2,95.0
Brooklyn,Entire home/apt,30,250.0
Manhattan,Entire home/apt,30,238.0
Brooklyn,Entire home/apt,30,150.0
Queens,Entire home/apt,3,154.0
Brooklyn,Private room,30,160.0
Bronx,Private room,30,75.0
Brooklyn,Entire home/apt,45,180.0
Bronx,Private room,30,120.0
Manhattan,Entire home/apt,30,258.0
Bronx,Private room,30,51.0
Brooklyn,Entire home/apt,30,160.0
Queens,Entire home/apt,30,129.0
Manhattan,Entire home/apt,30,165.0
Manhattan,Entire home/apt,30,155.0
Manhattan,Entire home/apt,55,287.0
Queens,Entire home/apt,30,300.0
Brooklyn,Private room,2,192.0
Manhattan,Entire home/apt,30,500.0
Brooklyn,Entire home/apt,30,401.0
Brooklyn,Entire home/apt,30,198.0
Manhattan,Entire home/apt,30,219.0
Manhattan,Entire home/apt,1,239.0
Brooklyn,Entire home/apt,30,194.0
Manhattan,Entire home/apt,30,400.0
Brooklyn,Private room,30,113.0
Brooklyn,Entire home/apt,30,350.0
Manhattan,Entire home/apt,1,228.0
Manhattan,Entire home/apt,1,244.0
Manhattan,Entire home/apt,1,135.0
Manhattan,Entire home/apt,1,184.0
Manhattan,Entire home/apt,1,158.0
Manhattan,Entire home/apt,1,151.0
Manhattan,Entire home/apt,1,185.0
Manhattan,Entire home/apt,1,215.0
Manhattan,Entire home/apt,1,215.0
Manhattan,Entire home/apt,1,250.0
Manhattan,Entire home/apt,30,140.0
Brooklyn,Entire home/apt,30,125.0
Manhattan,Entire home/apt,30,89.0
Bronx,Private room,30,225.0
Brooklyn,Entire home/apt,30,270.0
Brooklyn,Entire home/apt,31,576.0
Brooklyn,Private room,30,640.0
Manhattan,Entire home/apt,30,201.0
Manhattan,Entire home/apt,30,188.0
Brooklyn,Private room,4,261.0
Manhattan,Entire home/apt,30,82.0
Brooklyn,Entire home/apt,30,338.0
Brooklyn,Entire home/apt,30,556.0
Brooklyn,Entire home/apt,30,350.0
Brooklyn,Entire home/apt,30,250.0
Brooklyn,Private room,30,100.0
Queens,Entire home/apt,30,129.0
Manhattan,Private room,1,810.0
Brooklyn,Entire home/apt,30,129.0
Brooklyn,Private room,34,72.0
Brooklyn,Private room,30,80.0
Staten Island,Entire home/apt,30,154.0
Manhattan,Entire home/apt,30,191.0
Queens,Private room,1,70.0
Queens,Private room,3,143.0
Manhattan,Entire home/apt,30,587.0
Manhattan,Entire home/apt,30,241.0
Brooklyn,Entire home/apt,30,111.0
Brooklyn,Entire home/apt,30,250.0
Queens,Entire home/apt,30,144.0
Brooklyn,Entire home/apt,30,264.0
Manhattan,Entire home/apt,30,145.0
Manhattan,Entire home/apt,30,282.0
Queens,Entire home/apt,3,81.0
Brooklyn,Entire home/apt,30,854.0
Bronx,Private room,30,100.0
Brooklyn,Private room,2,120.0
Brooklyn,Private room,4,90.0
Manhattan,Private room,30,64.0
Brooklyn,Entire home/apt,30,166.0
Manhattan,Entire home/apt,30,110.0
Queens,Private room,30,131.0
Brooklyn,Private room,30,56.0
Brooklyn,Entire home/apt,30,345.0
Brooklyn,Entire home/apt,30,99.0
Brooklyn,Entire home/apt,30,230.0
Manhattan,Entire home/apt,30,172.0
Manhattan,Entire home/apt,30,217.0
Brooklyn,Entire home/apt,30,211.0
Manhattan,Entire home/apt,30,130.0
Manhattan,Entire home/apt,30,180.0
Brooklyn,Entire home/apt,30,637.0
Manhattan,Private room,30,61.0
Manhattan,Private room,30,59.0
Brooklyn,Private room,4,194.0
Brooklyn,Entire home/apt,30,255.0
Brooklyn,Entire home/apt,30,128.0
Manhattan,Private room,30,81.0
Brooklyn,Entire home/apt,30,106.0
Manhattan,Entire home/apt,30,143.0
Manhattan,Private room,30,270.0
Queens,Private room,1,120.0
Brooklyn,Private room,30,65.0
Brooklyn,Private room,30,55.0
Brooklyn,Entire home/apt,30,760.0
Queens,Entire home/apt,30,104.0
Bronx,Private room,3,107.0
Brooklyn,Private room,2,127.0
Queens,Private room,30,73.0
Queens,Private room,30,81.0
Brooklyn,Private room,30,56.0
Queens,Entire home/apt,30,80.0
Bronx,Entire home/apt,30,124.0
Manhattan,Private room,1,170.0
Manhattan,Private room,1,197.0
Manhattan,Private room,1,178.0
Manhattan,Entire home/apt,30,192.0
Manhattan,Entire home/apt,30,87.0
Brooklyn,Private room,1,92.0
Manhattan,Private room,30,65.0
Brooklyn,Entire home/apt,30,100.0
Manhattan,Entire home/apt,60,175.0
Bronx,Entire home/apt,30,69.0
Queens,Entire home/apt,30,126.0
Manhattan,Entire home/apt,31,572.0
Queens,Entire home/apt,30,179.0
Manhattan,Private room,30,103.0
Queens,Private room,30,133.0
Queens,Entire home/apt,30,140.0
Manhattan,Entire home/apt,30,100.0
Queens,Entire home/apt,30,110.0
Queens,Private room,2,162.0
Bronx,Private room,30,68.0
Manhattan,Entire home/apt,30,115.0
Manhattan,Private room,1,65.0
Brooklyn,Private room,30,65.0
Manhattan,Entire home/apt,30,325.0
Queens,Entire home/apt,30,99.0
Queens,Entire home/apt,30,304.0
Brooklyn,Private room,30,113.0
Manhattan,Private room,75,167.0
Bronx,Entire home/apt,30,98.0
Brooklyn,Entire home/apt,30,168.0
Manhattan,Entire home/apt,60,105.0
Brooklyn,Entire home/apt,30,295.0
Bronx,Private room,30,98.0
Manhattan,Entire home/apt,31,407.0
Manhattan,Entire home/apt,31,397.0
Brooklyn,Entire home/apt,30,350.0
Brooklyn,Private room,30,113.0
Brooklyn,Entire home/apt,30,153.0
Bronx,Entire home/apt,30,139.0
Manhattan,Entire home/apt,30,291.0
Queens,Entire home/apt,30,250.0
Manhattan,Entire home/apt,30,150.0
Brooklyn,Entire home/apt,30,200.0
Manhattan,Entire home/apt,31,635.0
Manhattan,Entire home/apt,30,536.0
Manhattan,Entire home/apt,30,221.0
Brooklyn,Entire home/apt,30,67.0
Brooklyn,Entire home/apt,30,119.0
Queens,Entire home/apt,30,100.0
Brooklyn,Entire home/apt,4,413.0
Queens,Private room,30,55.0
Brooklyn,Entire home/apt,30,133.0
Queens,Entire home/apt,30,250.0
Queens,Entire home/apt,30,250.0
Queens,Private room,30,100.0
Queens,Private room,60,50.0
Manhattan,Entire home/apt,30,300.0
Queens,Private room,30,81.0
Manhattan,Entire home/apt,30,189.0
Brooklyn,Private room,5,136.0
Manhattan,Entire home/apt,30,155.0
Manhattan,Private room,30,58.0
Brooklyn,Entire home/apt,30,145.0
Queens,Private room,30,83.0
Brooklyn,Private room,30,185.0
Manhattan,Entire home/apt,30,115.0
Manhattan,Entire home/apt,30,153.0
Manhattan,Private room,30,250.0
Manhattan,Private room,31,100.0
Bronx,Private room,30,84.0
Manhattan,Private room,30,315.0
Queens,Entire home/apt,30,142.0
Brooklyn,Private room,30,149.0
Queens,Entire home/apt,30,113.0
Queens,Entire home/apt,30,222.0
Brooklyn,Entire home/apt,30,267.0
Bronx,Entire home/apt,30,160.0
Manhattan,Entire home/apt,30,129.0
Brooklyn,Entire home/apt,30,218.0
Manhattan,Entire home/apt,90,150.0
Brooklyn,Entire home/apt,30,151.0
Brooklyn,Entire home/apt,30,142.0
Bronx,Entire home/apt,30,109.0
Manhattan,Private room,30,70.0
Brooklyn,Private room,30,70.0
Queens,Entire home/apt,3,155.0
Bronx,Entire home/apt,30,250.0
Brooklyn,Private room,30,71.0
Manhattan,Entire home/apt,30,147.0
Manhattan,Entire home/apt,30,170.0
Queens,Entire home/apt,30,93.0
Manhattan,Entire home/apt,30,225.0
Brooklyn,Entire home/apt,30,233.0
Manhattan,Private room,30,62.0
Queens,Entire home/apt,30,90.0
Queens,Entire home/apt,30,95.0
Brooklyn,Entire home/apt,30,120.0
Manhattan,Private room,30,54.0
Queens,Entire home/apt,30,95.0
Bronx,Private room,30,68.0
Brooklyn,Private room,2,125.0
Brooklyn,Private room,3,100.0
Manhattan,Entire home/apt,1,200.0
Manhattan,Entire home/apt,30,216.0
Brooklyn,Entire home/apt,2,253.0
Brooklyn,Entire home/apt,30,122.0
Manhattan,Entire home/apt,30,75.0
Manhattan,Entire home/apt,30,130.0
Manhattan,Private room,30,109.0
Bronx,Entire home/apt,30,161.0
Queens,Entire home/apt,30,302.0
Brooklyn,Entire home/apt,30,215.0
Brooklyn,Entire home/apt,30,74.0
Queens,Entire home/apt,30,84.0
Manhattan,Entire home/apt,30,227.0
Manhattan,Entire home/apt,30,100.0
Queens,Private room,30,150.0
Queens,Entire home/apt,30,107.0
Brooklyn,Private room,4,123.0
Manhattan,Private room,30,100.0
Manhattan,Entire home/apt,90,325.0
Manhattan,Entire home/apt,30,94.0
Queens,Private room,30,56.0
Brooklyn,Private room,30,57.0
Brooklyn,Private room,30,94.0
Brooklyn,Entire home/apt,30,105.0
Queens,Entire home/apt,30,98.0
Queens,Entire home/apt,30,170.0
Brooklyn,Private room,30,100.0
Queens,Entire home/apt,30,359.0
Manhattan,Entire home/apt,31,304.0
Brooklyn,Entire home/apt,30,129.0
Bronx,Private room,30,70.0
Manhattan,Entire home/apt,30,100.0
Brooklyn,Entire home/apt,2,161.0
Manhattan,Entire home/apt,1,293.0
Manhattan,Entire home/apt,1,239.0
Manhattan,Entire home/apt,1,243.0
Manhattan,Entire home/apt,1,223.0
Manhattan,Entire home/apt,1,243.0
Manhattan,Entire home/apt,1,341.0
Manhattan,Entire home/apt,1,271.0
Manhattan,Entire home/apt,1,199.0
Brooklyn,Entire home/apt,30,162.0
Brooklyn,Entire home/apt,30,98.0
Bronx,Entire home/apt,30,149.0
Queens,Entire home/apt,30,190.0
Brooklyn,Private room,30,93.0
Brooklyn,Private room,30,87.0
Manhattan,Private room,1,841.0
Bronx,Entire home/apt,30,133.0
Brooklyn,Private room,30,70.0
Brooklyn,Private room,1,82.0
Brooklyn,Entire home/apt,30,305.0
Brooklyn,Private room,1,85.0
Brooklyn,Entire home/apt,30,105.0
Brooklyn,Private room,30,135.0
Manhattan,Private room,30,85.0
Brooklyn,Entire home/apt,30,313.0
Manhattan,Entire home/apt,31,422.0
Manhattan,Entire home/apt,31,399.0
Manhattan,Entire home/apt,30,170.0
Manhattan,Entire home/apt,1,464.0
Brooklyn,Entire home/apt,30,84.0
Manhattan,Private room,30,55.0
Manhattan,Private room,30,55.0
Manhattan,Private room,30,55.0
Brooklyn,Entire home/apt,1,335.0
Brooklyn,Private room,125,104.0
Manhattan,Entire home/apt,30,344.0
Brooklyn,Entire home/apt,30,102.0
Queens,Entire home/apt,2,410.0
Brooklyn,Entire home/apt,30,157.0
Brooklyn,Private room,3,90.0
Queens,Entire home/apt,30,214.0
Brooklyn,Entire home/apt,30,150.0
Bronx,Private room,30,95.0
Brooklyn,Private room,2,192.0
Brooklyn,Entire home/apt,31,148.0
Brooklyn,Entire home/apt,30,250.0
Brooklyn,Private room,30,77.0
Queens,Entire home/apt,2,193.0
Brooklyn,Entire home/apt,30,122.0
Queens,Private room,30,199.0
Manhattan,Entire home/apt,30,92.0
Manhattan,Entire home/apt,30,107.0
Manhattan,Private room,30,79.0
Queens,Private room,2,106.0
Brooklyn,Entire home/apt,30,133.0
Manhattan,Entire home/apt,31,340.0
Manhattan,Entire home/apt,30,130.0
Brooklyn,Private room,2,220.0
Manhattan,Entire home/apt,1,282.0
Manhattan,Private room,30,300.0
Manhattan,Entire home/apt,90,315.0
Queens,Private room,1,159.0
Brooklyn,Entire home/apt,30,599.0
Manhattan,Entire home/apt,4,246.0
Queens,Entire home/apt,30,121.0
Manhattan,Entire home/apt,31,331.0
Manhattan,Entire home/apt,30,111.0
Manhattan,Private room,30,67.0
Queens,Private room,2,126.0
Brooklyn,Entire home/apt,30,180.0
Manhattan,Private room,4,151.0
Manhattan,Entire home/apt,30,90.0
Manhattan,Entire home/apt,30,170.0
Brooklyn,Entire home/apt,30,139.0
Brooklyn,Entire home/apt,30,264.0
Queens,Entire home/apt,30,153.0
Brooklyn,Entire home/apt,1,125.0
Bronx,Entire home/apt,30,157.0
Manhattan,Entire home/apt,30,127.0
Manhattan,Entire home/apt,30,127.0
Brooklyn,Private room,30,97.0
Bronx,Entire home/apt,30,115.0
Brooklyn,Private room,30,51.0
Brooklyn,Entire home/apt,30,110.0
Manhattan,Entire home/apt,30,128.0
Brooklyn,Entire home/apt,30,244.0
Manhattan,Entire home/apt,30,107.0
Brooklyn,Entire home/apt,30,91.0
Brooklyn,Private room,1,106.0
Brooklyn,Entire home/apt,30,143.0
Manhattan,Entire home/apt,30,108.0
Brooklyn,Private room,1,147.0
Manhattan,Entire home/apt,2,707.0
Manhattan,Entire home/apt,30,375.0
Queens,Entire home/apt,30,150.0
Queens,Private room,3,95.0
Brooklyn,Entire home/apt,3,249.0
Brooklyn,Entire home/apt,30,158.0
Brooklyn,Entire home/apt,30,83.0
Queens,Entire home/apt,30,70.0
Bronx,Private room,30,154.0
Brooklyn,Entire home/apt,30,125.0
Brooklyn,Entire home/apt,30,211.0
Brooklyn,Entire home/apt,30,300.0
Brooklyn,Private room,30,226.0
Manhattan,Entire home/apt,30,400.0
Brooklyn,Private room,1,126.0
Brooklyn,Private room,30,65.0
Brooklyn,Private room,30,55.0
Manhattan,Private room,30,60.0
Queens,Private room,30,60.0
Brooklyn,Entire home/apt,30,405.0
Queens,Private room,30,62.0
Manhattan,Entire home/apt,31,578.0
Manhattan,Entire home/apt,31,422.0
Queens,Entire home/apt,30,63.0
Brooklyn,Entire home/apt,30,269.0
Brooklyn,Entire home/apt,30,160.0
Queens,Entire home/apt,31,304.0
Manhattan,Entire home/apt,30,145.0
Brooklyn,Entire home/apt,30,175.0
Manhattan,Entire home/apt,30,425.0
Brooklyn,Entire home/apt,30,239.0
Brooklyn,Private room,30,65.0
Manhattan,Entire home/apt,1,439.0
Manhattan,Entire home/apt,3,223.0
Manhattan,Private room,30,64.0
Queens,Entire home/apt,30,95.0
Manhattan,Hotel room,1,920.0
Manhattan,Hotel room,1,613.0
Manhattan,Entire home/apt,30,191.0
Brooklyn,Private room,30,90.0
Manhattan,Entire home/apt,30,995.0
Manhattan,Entire home/apt,31,382.0
Manhattan,Entire home/apt,31,409.0
Manhattan,Entire home/apt,31,326.0
Manhattan,Entire home/apt,31,326.0
Manhattan,Entire home/apt,31,326.0
Brooklyn,Entire home/apt,30,200.0
Queens,Private room,3,95.0
Brooklyn,Private room,30,113.0
Brooklyn,Entire home/apt,30,475.0
Queens,Entire home/apt,30,126.0
Brooklyn,Entire home/apt,30,250.0
Manhattan,Entire home/apt,31,323.0
Brooklyn,Entire home/apt,3,150.0
Queens,Entire home/apt,30,115.0
Manhattan,Entire home/apt,30,265.0
Manhattan,Entire home/apt,30,250.0
Staten Island,Entire home/apt,30,171.0
Brooklyn,Private room,5,295.0
Queens,Entire home/apt,30,80.0
Brooklyn,Entire home/apt,30,83.0
Queens,Entire home/apt,30,136.0
Queens,Private room,30,53.0
Queens,Private room,30,50.0
Manhattan,Entire home/apt,30,300.0
Queens,Private room,30,63.0
Brooklyn,Entire home/apt,30,105.0
Queens,Entire home/apt,30,100.0
Manhattan,Entire home/apt,31,262.0
Brooklyn,Private room,2,230.0
Brooklyn,Private room,30,70.0
Manhattan,Entire home/apt,31,352.0
Manhattan,Entire home/apt,30,155.0
Queens,Entire home/apt,30,450.0
Queens,Entire home/apt,30,73.0
Manhattan,Entire home/apt,30,665.0
Bronx,Entire home/apt,30,135.0
Bronx,Entire home/apt,30,193.0
Brooklyn,Entire home/apt,30,350.0
Staten Island,Private room,2,184.0
Manhattan,Entire home/apt,30,120.0
Brooklyn,Private room,31,179.0
Queens,Entire home/apt,30,187.0
Bronx,Entire home/apt,30,248.0
Manhattan,Private room,30,225.0
Brooklyn,Entire home/apt,30,90.0
Brooklyn,Entire home/apt,30,240.0
Brooklyn,Entire home/apt,30,365.0
Manhattan,Entire home/apt,31,184.0
Manhattan,Entire home/apt,31,397.0
Brooklyn,Entire home/apt,30,175.0
Brooklyn,Entire home/apt,30,95.0
Bronx,Entire home/apt,30,203.0
Brooklyn,Private room,3,133.0
Queens,Entire home/apt,30,99.0
Brooklyn,Private room,3,139.0
Queens,Private room,30,73.0
Queens,Private room,30,60.0
Brooklyn,Entire home/apt,30,180.0
Queens,Entire home/apt,1,197.0
Queens,Private room,30,95.0
Bronx,Private room,30,82.0
Bronx,Private room,30,60.0
Manhattan,Entire home/apt,30,489.0
Brooklyn,Private room,30,180.0
Brooklyn,Private room,30,86.0
Brooklyn,Entire home/apt,30,270.0
Brooklyn,Entire home/apt,30,70.0
Queens,Entire home/apt,30,91.0
Brooklyn,Private room,30,97.0
Brooklyn,Private room,2,275.0
Brooklyn,Entire home/apt,30,90.0
Manhattan,Entire home/apt,30,180.0
Brooklyn,Private room,30,92.0
Brooklyn,Private room,30,83.0
Brooklyn,Entire home/apt,30,56.0
Manhattan,Private room,30,120.0
Brooklyn,Private room,30,150.0
Manhattan,Private room,1,127.0
Brooklyn,Private room,30,100.0
Brooklyn,Entire home/apt,30,158.0
Queens,Entire home/apt,30,220.0
Manhattan,Private room,30,86.0
Brooklyn,Entire home/apt,30,202.0
Manhattan,Private room,30,110.0
Manhattan,Entire home/apt,1,239.0
Brooklyn,Entire home/apt,30,119.0
Manhattan,Entire home/apt,31,193.0
Queens,Private room,30,99.0
Queens,Private room,30,109.0
Queens,Entire home/apt,30,264.0
Manhattan,Entire home/apt,30,192.0
Manhattan,Entire home/apt,30,238.0
Manhattan,Entire home/apt,31,409.0
Bronx,Entire home/apt,30,125.0
Manhattan,Private room,1,173.0
Manhattan,Entire home/apt,1,289.0
Brooklyn,Entire home/apt,30,180.0
Bronx,Private room,30,60.0
Queens,Private room,30,95.0
Manhattan,Entire home/apt,30,293.0
Manhattan,Entire home/apt,30,180.0
Queens,Entire home/apt,30,133.0
Brooklyn,Entire home/apt,30,149.0
Queens,Entire home/apt,30,115.0
Brooklyn,Entire home/apt,30,145.0
Brooklyn,Private room,30,194.0
Queens,Entire home/apt,30,118.0
Staten Island,Entire home/apt,30,224.0
Brooklyn,Private room,30,90.0
Brooklyn,Entire home/apt,30,142.0
Brooklyn,Private room,30,61.0
Brooklyn,Entire home/apt,30,135.0
Manhattan,Private room,30,63.0
Queens,Entire home/apt,30,80.0
Brooklyn,Entire home/apt,30,198.0
Queens,Entire home/apt,30,86.0
Queens,Entire home/apt,30,106.0
Queens,Entire home/apt,30,180.0
Brooklyn,Entire home/apt,30,270.0
Brooklyn,Entire home/apt,30,562.0
Queens,Entire home/apt,30,108.0
Manhattan,Entire home/apt,30,235.0
Manhattan,Entire home/apt,31,326.0
Manhattan,Entire home/apt,30,240.0
Manhattan,Entire home/apt,30,207.0
Queens,Entire home/apt,30,117.0
Brooklyn,Entire home/apt,30,126.0
Brooklyn,Entire home/apt,90,198.0
Brooklyn,Entire home/apt,30,131.0
Manhattan,Entire home/apt,30,200.0
Manhattan,Entire home/apt,1,122.0
Queens,Entire home/apt,30,200.0
Brooklyn,Private room,30,315.0
Brooklyn,Private room,30,125.0
Manhattan,Entire home/apt,30,155.0
Queens,Private room,30,69.0
Brooklyn,Entire home/apt,2,125.0
Manhattan,Entire home/apt,3,371.0
Manhattan,Entire home/apt,30,476.0
Manhattan,Entire home/apt,30,135.0
Manhattan,Entire home/apt,30,300.0
Brooklyn,Private room,2,230.0
Brooklyn,Entire home/apt,30,99.0
Brooklyn,Private room,30,63.0
Brooklyn,Private room,30,55.0
Brooklyn,Private room,5,238.0
Brooklyn,Entire home/apt,30,120.0
Bronx,Entire home/apt,30,108.0
Brooklyn,Entire home/apt,3,140.0
Manhattan,Entire home/apt,30,175.0
Brooklyn,Entire home/apt,2,140.0
Manhattan,Private room,30,150.0
Manhattan,Entire home/apt,31,586.0
Manhattan,Entire home/apt,31,587.0
Brooklyn,Entire home/apt,30,135.0
Bronx,Entire home/apt,30,150.0
Brooklyn,Private room,30,157.0
Brooklyn,Entire home/apt,30,99.0
Manhattan,Entire home/apt,30,241.0
Brooklyn,Entire home/apt,30,236.0
Bronx,Private room,30,67.0
Queens,Private room,30,55.0
Brooklyn,Entire home/apt,3,268.0
Brooklyn,Private room,30,135.0
Brooklyn,Private room,2,157.0
Brooklyn,Entire home/apt,30,194.0
Brooklyn,Entire home/apt,30,139.0
Manhattan,Entire home/apt,30,129.0
Manhattan,Entire home/apt,30,200.0
Queens,Private room,30,86.0
Brooklyn,Private room,30,88.0
Brooklyn,Entire home/apt,30,175.0
Queens,Entire home/apt,60,318.0
Queens,Entire home/apt,31,417.0
Brooklyn,Private room,30,162.0
Queens,Entire home/apt,3,202.0
Brooklyn,Entire home/apt,30,200.0
Manhattan,Entire home/apt,90,152.0
Brooklyn,Private room,1,111.0
Brooklyn,Private room,1,113.0
Brooklyn,Private room,1,123.0
Brooklyn,Private room,1,171.0
Brooklyn,Private room,1,146.0
Brooklyn,Entire home/apt,31,417.0
Brooklyn,Private room,30,95.0
Manhattan,Entire home/apt,30,180.0
Queens,Entire home/apt,30,73.0
Queens,Entire home/apt,30,77.0
Manhattan,Entire home/apt,30,139.0
Brooklyn,Entire home/apt,30,366.0
Brooklyn,Entire home/apt,30,234.0
Brooklyn,Entire home/apt,30,119.0
Manhattan,Entire home/apt,31,309.0
Manhattan,Entire home/apt,90,150.0
Brooklyn,Entire home/apt,30,110.0
Manhattan,Entire home/apt,30,120.0
Manhattan,Entire home/apt,30,200.0
Brooklyn,Private room,1,196.0
Manhattan,Entire home/apt,31,275.0
Bronx,Entire home/apt,30,428.0
Brooklyn,Entire home/apt,30,112.0
Brooklyn,Private room,30,100.0
Manhattan,Entire home/apt,31,404.0
Manhattan,Entire home/apt,31,320.0
Manhattan,Entire home/apt,30,225.0
Queens,Entire home/apt,30,199.0
Manhattan,Private room,1,918.0
Brooklyn,Private room,30,74.0
Queens,Private room,30,72.0
Manhattan,Entire home/apt,30,274.0
Manhattan,Private room,30,110.0
Staten Island,Entire home/apt,30,100.0
Manhattan,Entire home/apt,30,214.0
Manhattan,Entire home/apt,30,188.0
Brooklyn,Private room,30,86.0
Brooklyn,Private room,30,140.0
Brooklyn,Private room,3,81.0
Manhattan,Entire home/apt,30,253.0
Manhattan,Entire home/apt,30,167.0
Manhattan,Entire home/apt,30,100.0
Brooklyn,Entire home/apt,30,399.0
Queens,Private room,1,91.0
Brooklyn,Entire home/apt,30,360.0
Bronx,Private room,30,95.0
Queens,Private room,30,83.0
Brooklyn,Private room,30,70.0
Brooklyn,Private room,30,70.0
Queens,Private room,1,179.0
Queens,Private room,1,188.0
Queens,Private room,1,147.0
Queens,Private room,1,214.0
Bronx,Entire home/apt,30,350.0
Queens,Private room,1,194.0
Manhattan,Entire home/apt,30,185.0
Brooklyn,Private room,30,109.0
Manhattan,Entire home/apt,30,183.0
Manhattan,Entire home/apt,30,93.0
Manhattan,Entire home/apt,30,450.0
Queens,Entire home/apt,30,115.0
Brooklyn,Entire home/apt,30,467.0
Brooklyn,Entire home/apt,30,135.0
Manhattan,Entire home/apt,30,127.0
Manhattan,Entire home/apt,30,448.0
Bronx,Entire home/apt,30,145.0
Bronx,Private room,30,50.0
Manhattan,Private room,30,57.0
Staten Island,Entire home/apt,30,91.0
Brooklyn,Private room,30,57.0
Manhattan,Entire home/apt,3,862.0
Manhattan,Entire home/apt,31,376.0
Brooklyn,Entire home/apt,30,115.0
Brooklyn,Entire home/apt,30,290.0
Brooklyn,Private room,1,85.0
Bronx,Private room,1,91.0
Bronx,Private room,1,94.0
Brooklyn,Entire home/apt,30,149.0
Staten Island,Private room,2,72.0
Brooklyn,Entire home/apt,30,75.0
Brooklyn,Entire home/apt,30,250.0
Queens,Entire home/apt,30,125.0
Manhattan,Private room,30,70.0
Brooklyn,Entire home/apt,30,314.0
Bronx,Entire home/apt,3,300.0
Manhattan,Entire home/apt,30,266.0
Brooklyn,Entire home/apt,31,350.0
Manhattan,Entire home/apt,30,225.0
Queens,Private room,4,136.0
Brooklyn,Entire home/apt,30,405.0
Brooklyn,Entire home/apt,30,175.0
Bronx,Private room,30,69.0
Manhattan,Entire home/apt,30,233.0
Manhattan,Entire home/apt,30,180.0
Manhattan,Entire home/apt,30,175.0
Brooklyn,Entire home/apt,30,100.0
Brooklyn,Private room,30,150.0
Brooklyn,Private room,30,103.0
Manhattan,Entire home/apt,30,152.0
Brooklyn,Entire home/apt,30,195.0
Brooklyn,Private room,30,177.0
Brooklyn,Private room,30,55.0
Brooklyn,Private room,30,62.0
Brooklyn,Private room,3,100.0
Manhattan,Private room,1,285.0
Manhattan,Private room,5,160.0
Manhattan,Entire home/apt,31,481.0
Brooklyn,Entire home/apt,31,466.0
Brooklyn,Private room,2,94.0
Brooklyn,Entire home/apt,30,85.0
Queens,Private room,30,62.0
Manhattan,Entire home/apt,30,202.0
Manhattan,Entire home/apt,30,445.0
Brooklyn,Entire home/apt,30,107.0
Staten Island,Entire home/apt,30,235.0
Manhattan,Entire home/apt,31,304.0
Brooklyn,Private room,30,110.0
Brooklyn,Entire home/apt,31,230.0
Manhattan,Entire home/apt,30,299.0
Brooklyn,Entire home/apt,30,200.0
Manhattan,Entire home/apt,30,309.0
Manhattan,Entire home/apt,30,303.0
Manhattan,Private room,30,65.0
Brooklyn,Entire home/apt,30,58.0
Manhattan,Entire home/apt,30,198.0
Queens,Entire home/apt,30,127.0
Manhattan,Entire home/apt,30,165.0
Manhattan,Private room,30,207.0
Manhattan,Entire home/apt,31,274.0
Brooklyn,Private room,30,50.0
Brooklyn,Entire home/apt,30,375.0
Manhattan,Entire home/apt,30,194.0
Manhattan,Entire home/apt,30,181.0
Brooklyn,Entire home/apt,30,107.0
Manhattan,Entire home/apt,30,300.0
Brooklyn,Private room,30,65.0
Queens,Private room,3,71.0
Manhattan,Entire home/apt,150,98.0
Manhattan,Entire home/apt,30,133.0
Brooklyn,Private room,30,67.0
Manhattan,Entire home/apt,30,225.0
Brooklyn,Entire home/apt,30,85.0
Brooklyn,Private room,30,95.0
Queens,Entire home/apt,60,135.0
Brooklyn,Entire home/apt,30,150.0
Brooklyn,Private room,3,86.0
Brooklyn,Private room,30,72.0
Brooklyn,Private room,30,280.0
Manhattan,Entire home/apt,30,160.0
Brooklyn,Entire home/apt,30,119.0
Queens,Private room,30,96.0
Manhattan,Private room,30,399.0
Queens,Private room,30,53.0
Manhattan,Entire home/apt,30,211.0
Brooklyn,Entire home/apt,30,119.0
Brooklyn,Private room,30,85.0
Manhattan,Entire home/apt,30,177.0
Queens,Private room,30,161.0
Queens,Entire home/apt,30,140.0
Manhattan,Entire home/apt,30,139.0
Brooklyn,Private room,30,60.0
Queens,Private room,30,89.0
Queens,Private room,30,140.0
Brooklyn,Private room,4,130.0
Queens,Entire home/apt,30,90.0
Manhattan,Entire home/apt,30,198.0
Queens,Private room,30,280.0
Queens,Private room,30,58.0
Manhattan,Entire home/apt,30,678.0
Queens,Private room,1,101.0
Manhattan,Entire home/apt,30,315.0
Manhattan,Entire home/apt,30,176.0
Queens,Private room,30,140.0
Brooklyn,Entire home/apt,30,128.0
Bronx,Private room,30,50.0
Brooklyn,Entire home/apt,30,400.0
Brooklyn,Private room,30,100.0
Manhattan,Private room,2,155.0
Manhattan,Entire home/apt,30,200.0
Manhattan,Private room,30,350.0
Manhattan,Entire home/apt,30,240.0
Manhattan,Entire home/apt,31,351.0
Manhattan,Entire home/apt,31,576.0
Manhattan,Entire home/apt,31,355.0
Brooklyn,Entire home/apt,30,100.0
Brooklyn,Entire home/apt,4,311.0
Brooklyn,Entire home/apt,30,147.0
Manhattan,Entire home/apt,30,112.0
Brooklyn,Entire home/apt,30,99.0
Brooklyn,Entire home/apt,30,73.0
Brooklyn,Private room,30,60.0
Queens,Private room,30,60.0
Manhattan,Entire home/apt,30,175.0
Brooklyn,Private room,3,148.0
Manhattan,Entire home/apt,30,350.0
Manhattan,Entire home/apt,30,268.0
Manhattan,Private room,30,108.0
Brooklyn,Entire home/apt,30,336.0
Brooklyn,Entire home/apt,30,150.0
Manhattan,Entire home/apt,30,127.0
Brooklyn,Entire home/apt,30,140.0
Queens,Entire home/apt,2,280.0
Brooklyn,Private room,4,92.0
Brooklyn,Entire home/apt,30,385.0
Brooklyn,Entire home/apt,30,90.0
Manhattan,Entire home/apt,31,312.0
Manhattan,Entire home/apt,30,338.0
Queens,Entire home/apt,30,190.0
Manhattan,Entire home/apt,31,289.0
Brooklyn,Entire home/apt,30,109.0
Brooklyn,Entire home/apt,30,207.0
Brooklyn,Entire home/apt,3,209.0
Manhattan,Entire home/apt,2,317.0
Manhattan,Entire home/apt,2,250.0
Queens,Entire home/apt,30,199.0
Manhattan,Private room,5,133.0
Queens,Entire home/apt,30,341.0
Brooklyn,Private room,1,129.0
Brooklyn,Entire home/apt,2,288.0
Brooklyn,Private room,1,75.0
Queens,Private room,30,55.0
Queens,Private room,30,50.0
Queens,Private room,30,55.0
Manhattan,Entire home/apt,30,409.0
Queens,Private room,1,94.0
Staten Island,Private room,2,105.0
Bronx,Entire home/apt,30,79.0
Queens,Entire home/apt,2,224.0
Brooklyn,Entire home/apt,30,216.0
Brooklyn,Entire home/apt,30,315.0
Manhattan,Entire home/apt,30,88.0
Queens,Entire home/apt,30,229.0
Queens,Entire home/apt,30,129.0
Brooklyn,Private room,2,90.0
Queens,Private room,30,91.0
Brooklyn,Entire home/apt,30,241.0
Brooklyn,Entire home/apt,30,75.0
Queens,Private room,1,116.0
Brooklyn,Private room,30,72.0
Bronx,Private room,30,161.0
Queens,Private room,3,102.0
Manhattan,Entire home/apt,30,93.0
Manhattan,Entire home/apt,30,252.0
Manhattan,Private room,30,234.0
Manhattan,Private room,1,93.0
Brooklyn,Private room,30,98.0
Brooklyn,Shared room,2,65.0
Manhattan,Entire home/apt,30,364.0
Brooklyn,Private room,30,104.0
Brooklyn,Entire home/apt,30,150.0
Brooklyn,Entire home/apt,30,210.0
Brooklyn,Entire home/apt,1,166.0
Brooklyn,Entire home/apt,30,90.0
Manhattan,Entire home/apt,1,223.0
Bronx,Entire home/apt,30,60.0
Brooklyn,Entire home/apt,31,370.0
Manhattan,Private room,30,216.0
Manhattan,Entire home/apt,30,190.0
Brooklyn,Private room,2,283.0
Brooklyn,Private room,5,410.0
Brooklyn,Entire home/apt,1,205.0
Manhattan,Entire home/apt,30,270.0
Manhattan,Entire home/apt,30,338.0
Queens,Private room,30,87.0
Manhattan,Entire home/apt,30,154.0
Queens,Private room,30,76.0
Queens,Private room,30,100.0
Manhattan,Entire home/apt,30,405.0
Manhattan,Entire home/apt,30,88.0
Brooklyn,Entire home/apt,30,100.0
Staten Island,Entire home/apt,30,130.0
Brooklyn,Entire home/apt,30,455.0
Brooklyn,Entire home/apt,30,62.0
Queens,Private room,30,116.0
Manhattan,Entire home/apt,30,90.0
Manhattan,Private room,1,170.0
Brooklyn,Entire home/apt,30,311.0
Bronx,Entire home/apt,30,111.0
Queens,Private room,1,167.0
Manhattan,Entire home/apt,30,550.0
Manhattan,Entire home/apt,30,150.0
Queens,Entire home/apt,30,70.0
Manhattan,Private room,1,135.0
Manhattan,Private room,1,167.0
Manhattan,Private room,1,163.0
Brooklyn,Entire home/apt,30,219.0
Brooklyn,Private room,30,67.0
Manhattan,Private room,1,197.0
Brooklyn,Entire home/apt,1,130.0
Queens,Private room,30,120.0
Manhattan,Entire home/apt,30,344.0
Brooklyn,Entire home/apt,7,599.0
Brooklyn,Entire home/apt,30,124.0
Brooklyn,Entire home/apt,30,115.0
Brooklyn,Entire home/apt,30,115.0
Brooklyn,Private room,30,155.0
Bronx,Entire home/apt,30,120.0
Queens,Entire home/apt,30,143.0
Staten Island,Entire home/apt,2,129.0
Manhattan,Private room,30,100.0
Manhattan,Entire home/apt,30,119.0
Manhattan,Entire home/apt,30,127.0
Manhattan,Entire home/apt,30,70.0
Brooklyn,Private room,30,100.0
Brooklyn,Entire home/apt,30,130.0
Brooklyn,Entire home/apt,30,150.0
Manhattan,Entire home/apt,31,312.0
Brooklyn,Entire home/apt,30,200.0
Queens,Private room,30,55.0
Queens,Private room,30,149.0
Manhattan,Entire home/apt,30,191.0
Manhattan,Entire home/apt,30,332.0
Brooklyn,Entire home/apt,2,134.0
Brooklyn,Private room,2,72.0
Manhattan,Entire home/apt,4,799.0
Brooklyn,Private room,2,249.0
Queens,Entire home/apt,31,297.0
Manhattan,Entire home/apt,31,275.0
Manhattan,Private room,1,138.0
Brooklyn,Private room,30,106.0
Queens,Entire home/apt,30,157.0
Manhattan,Entire home/apt,30,433.0
Manhattan,Entire home/apt,30,240.0
Manhattan,Entire home/apt,30,315.0
Manhattan,Entire home/apt,30,240.0
Manhattan,Private room,1,140.0
Manhattan,Entire home/apt,30,155.0
Manhattan,Private room,1,141.0
Manhattan,Private room,1,158.0
Manhattan,Private room,1,201.0
Manhattan,Entire home/apt,30,107.0
Manhattan,Private room,1,124.0
Manhattan,Entire home/apt,30,211.0
Manhattan,Private room,90,126.0
Queens,Entire home/apt,30,162.0
Queens,Entire home/apt,30,109.0
Manhattan,Private room,31,103.0
Brooklyn,Private room,30,120.0
Manhattan,Entire home/apt,30,222.0
Brooklyn,Private room,30,91.0
Brooklyn,Entire home/apt,30,88.0
Manhattan,Private room,31,275.0
Brooklyn,Entire home/apt,30,84.0
Brooklyn,Entire home/apt,30,104.0
Brooklyn,Entire home/apt,30,159.0
Brooklyn,Entire home/apt,30,229.0
Queens,Entire home/apt,3,160.0
Manhattan,Private room,30,52.0
Queens,Entire home/apt,3,173.0
Brooklyn,Entire home/apt,31,444.0
Brooklyn,Entire home/apt,31,451.0
Manhattan,Entire home/apt,31,285.0
Brooklyn,Private room,30,160.0
Manhattan,Private room,30,53.0
Brooklyn,Entire home/apt,30,225.0
Brooklyn,Entire home/apt,1,125.0
Bronx,Private room,30,80.0
Queens,Private room,30,57.0
Manhattan,Entire home/apt,30,172.0
Manhattan,Entire home/apt,30,232.0
Manhattan,Entire home/apt,30,403.0
Queens,Entire home/apt,30,200.0
Manhattan,Entire home/apt,30,154.0
Bronx,Private room,30,218.0
Queens,Entire home/apt,30,446.0
Brooklyn,Entire home/apt,31,491.0
Bronx,Entire home/apt,33,177.0
Brooklyn,Entire home/apt,30,225.0
Queens,Entire home/apt,2,165.0
Brooklyn,Entire home/apt,30,143.0
Brooklyn,Entire home/apt,1,125.0
Queens,Private room,30,65.0
Queens,Entire home/apt,30,131.0
Queens,Private room,4,99.0
Bronx,Private room,30,150.0
Manhattan,Entire home/apt,30,450.0
Staten Island,Private room,30,75.0
Staten Island,Private room,30,75.0
Brooklyn,Private room,2,167.0
Brooklyn,Private room,30,55.0
Brooklyn,Entire home/apt,1,119.0
Brooklyn,Entire home/apt,30,153.0
Manhattan,Entire home/apt,30,186.0
Bronx,Private room,30,157.0
Manhattan,Entire home/apt,30,163.0
Queens,Entire home/apt,30,130.0
Brooklyn,Entire home/apt,31,148.0
Brooklyn,Private room,2,135.0
Manhattan,Entire home/apt,30,273.0
Queens,Private room,30,107.0
Queens,Entire home/apt,30,80.0
Queens,Private room,3,259.0
Brooklyn,Entire home/apt,30,216.0
Bronx,Private room,30,86.0
Brooklyn,Entire home/apt,30,235.0
Manhattan,Entire home/apt,30,280.0
Queens,Entire home/apt,30,118.0
Manhattan,Entire home/apt,30,145.0
Brooklyn,Entire home/apt,30,191.0
Brooklyn,Entire home/apt,30,212.0
Queens,Private room,30,98.0
Staten Island,Entire home/apt,30,120.0
Brooklyn,Entire home/apt,30,367.0
Manhattan,Entire home/apt,30,191.0
Bronx,Private room,30,72.0
Manhattan,Entire home/apt,30,240.0
Manhattan,Entire home/apt,31,375.0
Manhattan,Entire home/apt,30,263.0
Queens,Entire home/apt,30,151.0
Queens,Entire home/apt,31,417.0
Queens,Entire home/apt,60,316.0
Manhattan,Private room,30,117.0
Brooklyn,Entire home/apt,30,548.0
Brooklyn,Private room,30,88.0
Brooklyn,Entire home/apt,90,67.0
Brooklyn,Entire home/apt,2,197.0
Brooklyn,Entire home/apt,30,99.0
Manhattan,Entire home/apt,3,350.0
Brooklyn,Private room,30,125.0
Brooklyn,Entire home/apt,30,160.0
Brooklyn,Shared room,3,125.0
Manhattan,Entire home/apt,30,180.0
Manhattan,Private room,30,87.0
Brooklyn,Private room,32,66.0
Queens,Private room,30,115.0
Brooklyn,Entire home/apt,1,125.0
Brooklyn,Entire home/apt,30,221.0
Brooklyn,Private room,30,225.0
Brooklyn,Entire home/apt,30,163.0
Queens,Private room,1,93.0
Queens,Private room,30,90.0
Manhattan,Entire home/apt,30,285.0
Brooklyn,Entire home/apt,30,175.0
Queens,Private room,31,88.0
Manhattan,Entire home/apt,30,444.0
Brooklyn,Entire home/apt,30,80.0
Brooklyn,Entire home/apt,1,125.0
Queens,Shared room,30,65.0
Brooklyn,Private room,30,97.0
Brooklyn,Private room,30,146.0
Brooklyn,Private room,30,125.0
Brooklyn,Private room,30,171.0
Bronx,Entire home/apt,30,107.0
Queens,Private room,3,94.0
Manhattan,Entire home/apt,30,565.0
Manhattan,Entire home/apt,30,135.0
Brooklyn,Entire home/apt,30,70.0
Brooklyn,Entire home/apt,30,131.0
Manhattan,Entire home/apt,31,382.0
Manhattan,Entire home/apt,30,104.0
Brooklyn,Entire home/apt,30,340.0
Queens,Private room,28,98.0
Queens,Entire home/apt,30,169.0
Brooklyn,Private room,30,81.0
Staten Island,Entire home/apt,30,104.0
Queens,Entire home/apt,30,375.0
Queens,Entire home/apt,30,345.0
Bronx,Private room,30,71.0
Manhattan,Entire home/apt,30,250.0
Manhattan,Entire home/apt,30,225.0
Brooklyn,Entire home/apt,30,400.0
Manhattan,Entire home/apt,30,250.0
Brooklyn,Entire home/apt,30,250.0
Queens,Private room,30,84.0
Queens,Private room,30,72.0
Brooklyn,Entire home/apt,30,265.0
Brooklyn,Private room,30,95.0
Manhattan,Entire home/apt,30,218.0
Queens,Entire home/apt,30,110.0
Staten Island,Private room,30,266.0
Brooklyn,Entire home/apt,3,363.0
Brooklyn,Private room,30,170.0
Queens,Entire home/apt,30,170.0
Brooklyn,Private room,30,54.0
Queens,Entire home/apt,30,328.0
Manhattan,Entire home/apt,30,164.0
Brooklyn,Entire home/apt,30,250.0
Queens,Private room,1,115.0
Queens,Private room,30,150.0
Brooklyn,Entire home/apt,30,248.0
Brooklyn,Private room,3,120.0
Queens,Entire home/apt,30,139.0
Queens,Private room,2,98.0
Brooklyn,Entire home/apt,30,226.0
Brooklyn,Entire home/apt,30,173.0
Brooklyn,Private room,30,55.0
Brooklyn,Entire home/apt,30,200.0
Brooklyn,Entire home/apt,30,113.0
Brooklyn,Entire home/apt,30,206.0
Brooklyn,Private room,30,55.0
Manhattan,Entire home/apt,30,241.0
Brooklyn,Private room,30,130.0
Brooklyn,Private room,30,52.0
Queens,Entire home/apt,30,150.0
Manhattan,Entire home/apt,3,192.0
Brooklyn,Private room,30,80.0
Manhattan,Entire home/apt,30,194.0
Manhattan,Private room,30,86.0
Queens,Entire home/apt,60,122.0
Queens,Entire home/apt,3,116.0
Queens,Entire home/apt,30,85.0
Brooklyn,Entire home/apt,30,130.0
Queens,Entire home/apt,30,150.0
Queens,Entire home/apt,30,105.0
Queens,Entire home/apt,30,159.0
Manhattan,Entire home/apt,30,287.0
Brooklyn,Private room,30,69.0
Brooklyn,Private room,30,150.0
Manhattan,Entire home/apt,30,350.0
Manhattan,Entire home/apt,3,300.0
Brooklyn,Entire home/apt,30,135.0
Queens,Entire home/apt,30,250.0
Manhattan,Private room,1,129.0
Manhattan,Private room,1,172.0
Manhattan,Private room,1,182.0
Bronx,Private room,30,111.0
Manhattan,Private room,1,187.0
Manhattan,Entire home/apt,30,485.0
Brooklyn,Private room,30,94.0
Bronx,Entire home/apt,30,200.0
Brooklyn,Private room,30,113.0
Brooklyn,Entire home/apt,30,300.0
Brooklyn,Entire home/apt,1,270.0
Bronx,Private room,30,60.0
Brooklyn,Entire home/apt,30,331.0
Queens,Entire home/apt,30,169.0
Manhattan,Entire home/apt,30,200.0
Brooklyn,Entire home/apt,30,191.0
Manhattan,Entire home/apt,31,499.0
Bronx,Private room,1,135.0
Manhattan,Entire home/apt,30,210.0
Brooklyn,Entire home/apt,30,135.0
Manhattan,Entire home/apt,30,95.0
Manhattan,Entire home/apt,30,424.0
Manhattan,Entire home/apt,30,294.0
Bronx,Entire home/apt,30,125.0
Manhattan,Entire home/apt,30,392.0
Manhattan,Entire home/apt,30,343.0
Manhattan,Entire home/apt,30,316.0
Manhattan,Entire home/apt,30,79.0
Queens,Entire home/apt,30,256.0
Queens,Entire home/apt,30,98.0
Queens,Entire home/apt,30,258.0
Brooklyn,Entire home/apt,30,100.0
Queens,Entire home/apt,30,130.0
Manhattan,Entire home/apt,30,174.0
Manhattan,Entire home/apt,30,467.0
Manhattan,Private room,30,83.0
Brooklyn,Entire home/apt,30,360.0
Brooklyn,Entire home/apt,30,120.0
Staten Island,Entire home/apt,30,162.0
Brooklyn,Private room,30,100.0
Bronx,Entire home/apt,30,75.0
Queens,Entire home/apt,30,125.0
Manhattan,Entire home/apt,31,381.0
Bronx,Private room,30,113.0
Brooklyn,Entire home/apt,30,110.0
Brooklyn,Private room,30,60.0
Manhattan,Entire home/apt,30,394.0
Manhattan,Entire home/apt,30,116.0
Brooklyn,Private room,30,79.0
Manhattan,Entire home/apt,30,361.0
Manhattan,Entire home/apt,30,257.0
Bronx,Private room,30,88.0
Brooklyn,Private room,30,150.0
Manhattan,Private room,30,52.0
Manhattan,Private room,30,51.0
Queens,Private room,4,87.0
Brooklyn,Entire home/apt,30,262.0
Manhattan,Entire home/apt,30,117.0
Queens,Private room,30,59.0
Manhattan,Private room,4,85.0
Brooklyn,Entire home/apt,30,90.0
Brooklyn,Private room,2,158.0
Brooklyn,Private room,30,140.0
Brooklyn,Private room,30,86.0
Brooklyn,Private room,30,72.0
Queens,Private room,2,279.0
Bronx,Entire home/apt,30,179.0
Staten Island,Private room,31,255.0
Brooklyn,Entire home/apt,30,97.0
Manhattan,Entire home/apt,30,96.0
Brooklyn,Entire home/apt,30,176.0
Brooklyn,Entire home/apt,30,200.0
Bronx,Entire home/apt,30,314.0
Brooklyn,Private room,3,201.0
Queens,Private room,720,53.0
Queens,Private room,720,59.0
Queens,Private room,720,77.0
Brooklyn,Private room,30,79.0
Queens,Private room,30,77.0
Bronx,Entire home/apt,30,135.0
Brooklyn,Entire home/apt,30,149.0
Brooklyn,Entire home/apt,30,350.0
Brooklyn,Entire home/apt,30,170.0
Bronx,Entire home/apt,30,96.0
Queens,Entire home/apt,30,196.0
Brooklyn,Entire home/apt,30,180.0
Queens,Private room,30,63.0
Brooklyn,Private room,30,75.0
Queens,Entire home/apt,30,254.0
Brooklyn,Entire home/apt,30,180.0
Queens,Private room,2,107.0
Queens,Private room,28,57.0
Queens,Entire home/apt,30,136.0
Manhattan,Entire home/apt,1,155.0
Manhattan,Private room,30,53.0
Manhattan,Private room,30,54.0
Manhattan,Private room,30,51.0
Brooklyn,Private room,30,62.0
Brooklyn,Private room,30,140.0
Brooklyn,Private room,30,50.0
Brooklyn,Private room,2,104.0
Bronx,Entire home/apt,30,137.0
Queens,Entire home/apt,30,107.0
Brooklyn,Private room,30,135.0
Manhattan,Entire home/apt,30,423.0
Queens,Private room,30,95.0
Brooklyn,Private room,2,165.0
Manhattan,Shared room,30,67.0
Manhattan,Private room,1,247.0
Brooklyn,Entire home/apt,30,160.0
Manhattan,Private room,30,95.0
Manhattan,Entire home/apt,30,165.0
Manhattan,Private room,30,55.0
Manhattan,Entire home/apt,30,250.0
Manhattan,Entire home/apt,30,200.0
Brooklyn,Private room,30,65.0
Manhattan,Private room,31,250.0
Manhattan,Private room,30,84.0
Brooklyn,Private room,30,52.0
Brooklyn,Private room,30,55.0
Brooklyn,Entire home/apt,1,188.0
Manhattan,Entire home/apt,31,375.0
Brooklyn,Entire home/apt,30,110.0
Brooklyn,Entire home/apt,30,341.0
Brooklyn,Entire home/apt,30,117.0
Brooklyn,Private room,30,96.0
Queens,Entire home/apt,30,150.0
Staten Island,Private room,30,66.0
Brooklyn,Private room,30,75.0
Brooklyn,Entire home/apt,30,175.0
Bronx,Entire home/apt,30,160.0
Bronx,Private room,2,138.0
Manhattan,Private room,4,117.0
Queens,Entire home/apt,2,301.0
Manhattan,Private room,30,110.0
Manhattan,Entire home/apt,30,552.0
Manhattan,Entire home/apt,30,285.0
Manhattan,Entire home/apt,30,167.0
Brooklyn,Entire home/apt,30,107.0
Manhattan,Private room,180,69.0
Manhattan,Entire home/apt,1,215.0
Manhattan,Entire home/apt,1,124.0
Manhattan,Entire home/apt,1,141.0
Manhattan,Entire home/apt,31,429.0
Manhattan,Private room,30,50.0
Manhattan,Private room,30,52.0
Brooklyn,Private room,30,81.0
Manhattan,Private room,30,149.0
Brooklyn,Private room,30,112.0
Manhattan,Private room,30,112.0
Brooklyn,Entire home/apt,30,166.0
Brooklyn,Private room,30,110.0
Manhattan,Entire home/apt,30,190.0
Manhattan,Entire home/apt,30,199.0
Manhattan,Entire home/apt,30,147.0
Manhattan,Entire home/apt,30,575.0
Queens,Entire home/apt,30,166.0
Manhattan,Entire home/apt,30,542.0
Manhattan,Entire home/apt,30,105.0
Brooklyn,Entire home/apt,30,120.0
Bronx,Entire home/apt,30,85.0
Manhattan,Entire home/apt,30,150.0
Queens,Entire home/apt,30,150.0
Brooklyn,Entire home/apt,30,94.0
Manhattan,Entire home/apt,30,215.0
Bronx,Entire home/apt,30,85.0
Queens,Private room,30,93.0
Manhattan,Entire home/apt,30,205.0
Brooklyn,Private room,30,59.0
Manhattan,Entire home/apt,30,172.0
Brooklyn,Entire home/apt,30,101.0
Brooklyn,Entire home/apt,30,113.0
Manhattan,Entire home/apt,30,356.0
Manhattan,Private room,30,58.0
Brooklyn,Entire home/apt,3,185.0
Manhattan,Private room,30,63.0
Manhattan,Private room,30,53.0
Brooklyn,Entire home/apt,30,133.0
Staten Island,Entire home/apt,30,80.0
Manhattan,Private room,3,171.0
Brooklyn,Entire home/apt,30,105.0
Brooklyn,Entire home/apt,30,99.0
Queens,Private room,30,62.0
Queens,Private room,30,95.0
Queens,Entire home/apt,30,125.0
Brooklyn,Private room,1,69.0
Queens,Entire home/apt,30,120.0
Manhattan,Entire home/apt,1,130.0
Manhattan,Entire home/apt,1,130.0
Queens,Entire home/apt,30,130.0
Manhattan,Private room,1,103.0
Manhattan,Private room,1,103.0
Manhattan,Entire home/apt,30,107.0
Manhattan,Entire home/apt,31,432.0
Brooklyn,Entire home/apt,31,391.0
Manhattan,Entire home/apt,30,127.0
Queens,Private room,1,124.0
Queens,Private room,30,230.0
Manhattan,Private room,30,117.0
Manhattan,Private room,30,91.0
Brooklyn,Private room,1,64.0
Queens,Entire home/apt,30,94.0
Brooklyn,Private room,30,116.0
Queens,Private room,30,85.0
Manhattan,Entire home/apt,30,138.0
Manhattan,Entire home/apt,30,180.0
Manhattan,Private room,30,200.0
Brooklyn,Entire home/apt,1,244.0
Brooklyn,Entire home/apt,30,195.0
Brooklyn,Entire home/apt,30,185.0
Brooklyn,Entire home/apt,30,80.0
Bronx,Private room,30,86.0
Manhattan,Entire home/apt,30,150.0
Manhattan,Private room,31,208.0
Manhattan,Entire home/apt,30,198.0
Queens,Entire home/apt,30,124.0
Brooklyn,Private room,1,144.0
Brooklyn,Private room,30,55.0
Brooklyn,Private room,30,65.0
Brooklyn,Private room,30,52.0
Brooklyn,Private room,30,51.0
Manhattan,Entire home/apt,30,106.0
Brooklyn,Private room,30,55.0
Manhattan,Private room,30,50.0
Staten Island,Private room,30,119.0
Brooklyn,Entire home/apt,1,221.0
Manhattan,Private room,30,52.0
Queens,Entire home/apt,30,150.0
Manhattan,Private room,30,121.0
Brooklyn,Entire home/apt,3,276.0
Brooklyn,Private room,30,77.0
Manhattan,Entire home/apt,30,220.0
Manhattan,Entire home/apt,31,309.0
Brooklyn,Entire home/apt,30,180.0
Brooklyn,Private room,30,65.0
Brooklyn,Private room,2,104.0
Brooklyn,Private room,30,65.0
Queens,Entire home/apt,30,86.0
Queens,Entire home/apt,30,71.0
Queens,Private room,1,81.0
Manhattan,Entire home/apt,31,375.0
Manhattan,Entire home/apt,30,97.0
Manhattan,Entire home/apt,30,227.0
Manhattan,Entire home/apt,30,420.0
Brooklyn,Private room,30,117.0
Brooklyn,Entire home/apt,60,157.0
Manhattan,Entire home/apt,30,618.0
Bronx,Entire home/apt,30,199.0
Bronx,Entire home/apt,30,100.0
Queens,Private room,2,89.0
Queens,Shared room,45,150.0
Queens,Entire home/apt,30,85.0
Brooklyn,Entire home/apt,30,239.0
Queens,Entire home/apt,1,242.0
Bronx,Private room,30,99.0
Manhattan,Entire home/apt,30,271.0
Brooklyn,Private room,2,194.0
Brooklyn,Entire home/apt,30,110.0
Brooklyn,Entire home/apt,30,350.0
Brooklyn,Entire home/apt,30,1000.0
Manhattan,Private room,1,128.0
Brooklyn,Private room,30,600.0
Brooklyn,Private room,30,100.0
Manhattan,Entire home/apt,30,125.0
Brooklyn,Entire home/apt,30,132.0
Brooklyn,Entire home/apt,30,165.0
Queens,Entire home/apt,30,300.0
Brooklyn,Entire home/apt,30,153.0
Bronx,Private room,2,90.0
Brooklyn,Entire home/apt,30,178.0
Manhattan,Entire home/apt,30,424.0
Brooklyn,Private room,30,50.0
Brooklyn,Private room,30,150.0
Brooklyn,Private room,30,150.0
Manhattan,Entire home/apt,30,240.0
Manhattan,Entire home/apt,1,103.0
Manhattan,Private room,1,171.0
Manhattan,Private room,2,124.0
Brooklyn,Private room,1,59.0
Brooklyn,Entire home/apt,90,100.0
Manhattan,Entire home/apt,31,262.0
Manhattan,Entire home/apt,30,120.0
Manhattan,Entire home/apt,30,115.0
Manhattan,Entire home/apt,30,120.0
Manhattan,Entire home/apt,30,127.0
Manhattan,Entire home/apt,30,284.0
Brooklyn,Entire home/apt,30,150.0
Manhattan,Entire home/apt,30,98.0
Queens,Private room,30,61.0
Manhattan,Entire home/apt,90,331.0
Manhattan,Entire home/apt,31,333.0
Bronx,Entire home/apt,30,172.0
Manhattan,Private room,30,900.0
Brooklyn,Entire home/apt,30,235.0
Brooklyn,Entire home/apt,30,235.0
Queens,Entire home/apt,30,272.0
Queens,Entire home/apt,30,80.0
Brooklyn,Private room,30,125.0
Brooklyn,Entire home/apt,30,100.0
Brooklyn,Private room,30,156.0
Brooklyn,Private room,30,60.0
Manhattan,Private room,30,110.0
Queens,Entire home/apt,1,103.0
Queens,Entire home/apt,30,102.0
Brooklyn,Entire home/apt,30,150.0
Queens,Private room,30,90.0
Manhattan,Private room,3,464.0
Manhattan,Entire home/apt,30,193.0
Manhattan,Private room,5,86.0
Manhattan,Private room,5,73.0
Manhattan,Entire home/apt,1,164.0
Queens,Entire home/apt,30,290.0
Manhattan,Entire home/apt,30,925.0
Bronx,Entire home/apt,30,158.0
Brooklyn,Private room,30,70.0
Manhattan,Entire home/apt,1,161.0
Brooklyn,Entire home/apt,30,158.0
Queens,Private room,30,64.0
Brooklyn,Private room,30,275.0
Brooklyn,Entire home/apt,30,150.0
Queens,Private room,2,195.0
Manhattan,Entire home/apt,31,309.0
Manhattan,Private room,30,200.0
Brooklyn,Private room,2,293.0
Queens,Entire home/apt,30,135.0
Queens,Entire home/apt,30,399.0
Brooklyn,Private room,2,249.0
Queens,Entire home/apt,30,449.0
Staten Island,Private room,30,94.0
Manhattan,Entire home/apt,30,214.0
Queens,Private room,30,150.0
Brooklyn,Entire home/apt,30,300.0
Manhattan,Entire home/apt,31,417.0
Bronx,Private room,30,75.0
Brooklyn,Private room,30,100.0
Manhattan,Private room,1,75.0
Brooklyn,Shared room,1,195.0
Manhattan,Entire home/apt,30,129.0
Brooklyn,Private room,4,85.0
Manhattan,Entire home/apt,30,154.0
Brooklyn,Entire home/apt,30,246.0
Queens,Entire home/apt,2,143.0
Brooklyn,Entire home/apt,30,90.0
Brooklyn,Entire home/apt,2,247.0
Bronx,Private room,30,180.0
Manhattan,Entire home/apt,30,134.0
Manhattan,Entire home/apt,30,232.0
Manhattan,Entire home/apt,30,141.0
Brooklyn,Private room,1,69.0
Manhattan,Entire home/apt,30,250.0
Queens,Entire home/apt,30,115.0
Manhattan,Private room,30,70.0
Manhattan,Private room,30,120.0
Manhattan,Entire home/apt,30,410.0
Queens,Private room,30,65.0
Bronx,Private room,30,124.0
Staten Island,Private room,30,75.0
Manhattan,Entire home/apt,30,130.0
Brooklyn,Private room,30,53.0
Queens,Entire home/apt,30,310.0
Brooklyn,Private room,30,89.0
Brooklyn,Entire home/apt,30,108.0
Queens,Private room,30,50.0
Manhattan,Private room,2,95.0
Brooklyn,Private room,30,225.0
Queens,Entire home/apt,30,430.0
Brooklyn,Private room,30,60.0
Brooklyn,Private room,30,223.0
Manhattan,Entire home/apt,30,131.0
Brooklyn,Private room,30,183.0
Brooklyn,Private room,3,157.0
Queens,Private room,2,142.0
Brooklyn,Entire home/apt,30,114.0
Manhattan,Entire home/apt,1,197.0
Queens,Entire home/apt,30,120.0
Brooklyn,Entire home/apt,30,93.0
Queens,Entire home/apt,30,99.0
Brooklyn,Entire home/apt,30,122.0
Queens,Entire home/apt,30,110.0
Brooklyn,Private room,30,60.0
Queens,Private room,3,180.0
Brooklyn,Private room,30,71.0
Queens,Private room,30,75.0
Queens,Entire home/apt,30,206.0
Manhattan,Entire home/apt,30,218.0
Manhattan,Private room,1,652.0
Manhattan,Entire home/apt,30,196.0
Manhattan,Private room,1,494.0
Manhattan,Private room,1,522.0
Manhattan,Private room,1,674.0
Manhattan,Private room,1,934.0
Brooklyn,Entire home/apt,3,178.0
Manhattan,Entire home/apt,30,100.0
Bronx,Private room,30,82.0
Queens,Private room,30,98.0
Brooklyn,Private room,30,160.0
Brooklyn,Entire home/apt,30,600.0
Queens,Entire home/apt,30,74.0
Staten Island,Entire home/apt,30,117.0
Manhattan,Entire home/apt,30,300.0
Staten Island,Entire home/apt,30,140.0
Brooklyn,Private room,30,85.0
Brooklyn,Entire home/apt,30,185.0
Brooklyn,Private room,2,176.0
Brooklyn,Entire home/apt,30,367.0
Brooklyn,Entire home/apt,3,198.0
Brooklyn,Entire home/apt,30,88.0
Staten Island,Entire home/apt,30,119.0
Queens,Private room,30,70.0
Manhattan,Entire home/apt,30,230.0
Manhattan,Private room,30,88.0
Manhattan,Private room,30,171.0
Brooklyn,Private room,30,113.0
Queens,Entire home/apt,30,99.0
Bronx,Private room,2,90.0
Bronx,Entire home/apt,30,152.0
Brooklyn,Private room,30,83.0
Manhattan,Entire home/apt,30,153.0
Staten Island,Private room,2,150.0
Manhattan,Entire home/apt,30,225.0
Brooklyn,Entire home/apt,30,200.0
Manhattan,Entire home/apt,30,127.0
Brooklyn,Private room,30,225.0
Queens,Private room,2,65.0
Queens,Private room,2,60.0
Brooklyn,Entire home/apt,2,380.0
Manhattan,Private room,1,522.0
Manhattan,Private room,1,913.0
Manhattan,Private room,1,674.0
Manhattan,Private room,1,913.0
Brooklyn,Private room,30,270.0
Brooklyn,Entire home/apt,30,171.0
Queens,Entire home/apt,1,250.0
Bronx,Entire home/apt,30,90.0
Queens,Private room,30,71.0
Bronx,Entire home/apt,30,124.0
Brooklyn,Entire home/apt,3,261.0
Manhattan,Entire home/apt,31,454.0
Bronx,Private room,1,288.0
Manhattan,Entire home/apt,30,200.0
Manhattan,Entire home/apt,30,245.0
Brooklyn,Entire home/apt,30,129.0
Manhattan,Entire home/apt,31,534.0
Queens,Entire home/apt,30,137.0
Brooklyn,Entire home/apt,30,149.0
Brooklyn,Entire home/apt,30,240.0
Queens,Entire home/apt,30,100.0
Manhattan,Entire home/apt,30,110.0
Queens,Private room,4,110.0
Queens,Private room,1,139.0
Queens,Private room,5,85.0
Brooklyn,Entire home/apt,30,150.0
Brooklyn,Entire home/apt,30,155.0
Brooklyn,Private room,1,75.0
Queens,Private room,30,78.0
Queens,Private room,30,63.0
Manhattan,Entire home/apt,30,196.0
Manhattan,Entire home/apt,30,193.0
Manhattan,Entire home/apt,30,117.0
Queens,Entire home/apt,30,400.0
Manhattan,Entire home/apt,30,233.0
Brooklyn,Entire home/apt,30,172.0
Manhattan,Private room,365,52.0
Manhattan,Entire home/apt,30,190.0
Bronx,Entire home/apt,30,159.0
Bronx,Private room,30,60.0
Brooklyn,Private room,30,160.0
Queens,Private room,30,65.0
Manhattan,Entire home/apt,30,272.0
Brooklyn,Entire home/apt,30,356.0
Brooklyn,Entire home/apt,30,191.0
Manhattan,Private room,30,650.0
Brooklyn,Entire home/apt,2,265.0
Queens,Private room,30,75.0
Brooklyn,Private room,1,80.0
Manhattan,Private room,30,265.0
Manhattan,Entire home/apt,31,290.0
Brooklyn,Entire home/apt,30,110.0
Queens,Private room,2,152.0
Manhattan,Entire home/apt,30,217.0
Manhattan,Entire home/apt,30,215.0
Brooklyn,Entire home/apt,30,121.0
Brooklyn,Private room,2,110.0
Brooklyn,Private room,30,53.0
Brooklyn,Private room,30,51.0
Manhattan,Private room,30,56.0
Manhattan,Private room,1,125.0
Brooklyn,Entire home/apt,30,287.0
Queens,Private room,3,59.0
Queens,Private room,31,153.0
Queens,Private room,30,118.0
Manhattan,Entire home/apt,30,325.0
Queens,Private room,33,83.0
Bronx,Entire home/apt,30,131.0
Brooklyn,Private room,30,76.0
Bronx,Private room,1,143.0
Brooklyn,Entire home/apt,30,420.0
Queens,Private room,30,116.0
Queens,Entire home/apt,30,518.0
Queens,Private room,30,107.0
Queens,Private room,30,107.0
Queens,Private room,30,116.0
Brooklyn,Private room,30,105.0
Queens,Private room,2,127.0
Manhattan,Private room,1,476.0
Manhattan,Entire home/apt,30,299.0
Brooklyn,Entire home/apt,30,170.0
Brooklyn,Entire home/apt,30,161.0
Bronx,Private room,30,89.0
Queens,Private room,30,63.0
Queens,Private room,30,63.0
Manhattan,Entire home/apt,30,203.0
Brooklyn,Entire home/apt,30,250.0
Brooklyn,Entire home/apt,30,220.0
Brooklyn,Private room,30,120.0
Queens,Private room,30,150.0
Brooklyn,Private room,1,114.0
Brooklyn,Private room,1,119.0
Manhattan,Entire home/apt,2,521.0
Brooklyn,Entire home/apt,3,348.0
Manhattan,Entire home/apt,31,569.0
Brooklyn,Entire home/apt,2,315.0
Manhattan,Entire home/apt,30,285.0
Bronx,Private room,30,89.0
Manhattan,Entire home/apt,30,225.0
Bronx,Private room,30,89.0
Brooklyn,Entire home/apt,30,195.0
Queens,Entire home/apt,30,76.0
Manhattan,Private room,1,205.0
Manhattan,Private room,1,272.0
Manhattan,Private room,1,238.0
Queens,Entire home/apt,30,175.0
Manhattan,Private room,1,354.0
Manhattan,Private room,1,314.0
Brooklyn,Private room,30,71.0
Brooklyn,Entire home/apt,30,433.0
Brooklyn,Private room,60,79.0
Manhattan,Entire home/apt,31,286.0
Manhattan,Entire home/apt,31,366.0
Queens,Entire home/apt,30,170.0
Manhattan,Entire home/apt,30,272.0
Queens,Private room,30,130.0
Queens,Private room,30,70.0
Queens,Entire home/apt,30,113.0
Queens,Entire home/apt,30,73.0
Manhattan,Hotel room,1,203.0
Manhattan,Hotel room,1,203.0
Manhattan,Hotel room,1,656.0
Manhattan,Hotel room,1,656.0
Manhattan,Hotel room,1,492.0
Manhattan,Hotel room,1,308.0
Manhattan,Hotel room,1,816.0
Manhattan,Hotel room,1,861.0
Queens,Private room,30,130.0
Brooklyn,Private room,30,166.0
Brooklyn,Private room,2,224.0
Manhattan,Entire home/apt,30,150.0
Brooklyn,Private room,3,125.0
Manhattan,Entire home/apt,30,158.0
Bronx,Private room,30,118.0
Bronx,Entire home/apt,30,90.0
Queens,Entire home/apt,30,157.0
Brooklyn,Private room,30,59.0
Brooklyn,Private room,30,62.0
Brooklyn,Private room,30,62.0
Queens,Private room,30,70.0
Manhattan,Entire home/apt,30,265.0
Brooklyn,Entire home/apt,30,190.0
Manhattan,Private room,30,80.0
Brooklyn,Private room,1,162.0
Brooklyn,Private room,30,152.0
Manhattan,Entire home/apt,30,175.0
Manhattan,Entire home/apt,30,134.0
Manhattan,Entire home/apt,90,164.0
Brooklyn,Private room,3,65.0
Manhattan,Entire home/apt,30,104.0
Brooklyn,Entire home/apt,30,225.0
Manhattan,Private room,30,155.0
Bronx,Entire home/apt,30,100.0
Queens,Entire home/apt,30,223.0
Brooklyn,Entire home/apt,30,135.0
Bronx,Private room,30,60.0
Bronx,Entire home/apt,30,238.0
Brooklyn,Private room,30,75.0
Brooklyn,Private room,3,55.0
Brooklyn,Entire home/apt,30,275.0
Brooklyn,Private room,30,79.0
Bronx,Entire home/apt,30,150.0
Queens,Entire home/apt,30,187.0
Queens,Entire home/apt,30,124.0
Brooklyn,Private room,3,116.0
Manhattan,Entire home/apt,30,150.0
Manhattan,Entire home/apt,31,422.0
Manhattan,Entire home/apt,31,724.0
Brooklyn,Private room,2,100.0
Queens,Entire home/apt,30,99.0
Brooklyn,Entire home/apt,30,249.0
Brooklyn,Entire home/apt,30,195.0
Brooklyn,Entire home/apt,30,190.0
Bronx,Entire home/apt,30,95.0
Manhattan,Entire home/apt,31,361.0
Brooklyn,Entire home/apt,30,700.0
Manhattan,Private room,30,59.0
Manhattan,Entire home/apt,31,283.0
Queens,Private room,30,85.0
Queens,Entire home/apt,3,165.0
Manhattan,Entire home/apt,30,500.0
Manhattan,Entire home/apt,30,99.0
Queens,Entire home/apt,30,138.0
Brooklyn,Entire home/apt,30,102.0
Manhattan,Entire home/apt,30,124.0
Manhattan,Entire home/apt,30,272.0
Manhattan,Entire home/apt,31,276.0
Manhattan,Entire home/apt,30,200.0
Manhattan,Entire home/apt,31,349.0
Brooklyn,Entire home/apt,30,164.0
Manhattan,Entire home/apt,30,89.0
Manhattan,Hotel room,1,782.0
Manhattan,Hotel room,1,782.0
Manhattan,Hotel room,1,782.0
Queens,Entire home/apt,30,214.0
Manhattan,Private room,1,476.0
Queens,Private room,30,134.0
Brooklyn,Entire home/apt,30,345.0
Brooklyn,Entire home/apt,30,150.0
Brooklyn,Private room,30,100.0
Brooklyn,Entire home/apt,30,112.0
Queens,Private room,30,86.0
Brooklyn,Entire home/apt,30,105.0
Bronx,Entire home/apt,2,224.0
Queens,Entire home/apt,30,80.0
Brooklyn,Entire home/apt,3,241.0
Brooklyn,Entire home/apt,30,293.0
Manhattan,Entire home/apt,30,235.0
Brooklyn,Private room,1,104.0
Queens,Private room,2,69.0
Brooklyn,Private room,1,104.0
Brooklyn,Private room,1,96.0
Brooklyn,Private room,60,69.0
Bronx,Entire home/apt,30,80.0
Manhattan,Entire home/apt,30,447.0
Manhattan,Entire home/apt,6,187.0
Brooklyn,Entire home/apt,30,175.0
Manhattan,Private room,30,129.0
Queens,Entire home/apt,32,135.0
Manhattan,Entire home/apt,1,260.0
Queens,Private room,3,99.0
Queens,Private room,30,164.0
Staten Island,Private room,30,62.0
Brooklyn,Private room,3,105.0
Bronx,Private room,30,99.0
Manhattan,Entire home/apt,1,233.0
Manhattan,Entire home/apt,30,90.0
Brooklyn,Private room,30,80.0
Manhattan,Entire home/apt,31,298.0
Queens,Entire home/apt,31,299.0
Queens,Entire home/apt,30,220.0
Manhattan,Entire home/apt,30,254.0
Brooklyn,Entire home/apt,30,200.0
Queens,Private room,2,223.0
Manhattan,Entire home/apt,1,200.0
Bronx,Private room,30,79.0
Queens,Private room,3,110.0
Queens,Entire home/apt,30,172.0
Manhattan,Entire home/apt,30,150.0
Manhattan,Entire home/apt,30,225.0
Brooklyn,Entire home/apt,30,94.0
Brooklyn,Private room,30,90.0
Brooklyn,Entire home/apt,30,300.0
Queens,Entire home/apt,30,200.0
Bronx,Private room,1,134.0
Manhattan,Private room,1,64.0
Bronx,Entire home/apt,30,85.0
Manhattan,Entire home/apt,30,800.0
Brooklyn,Entire home/apt,30,878.0
Manhattan,Entire home/apt,30,113.0
Brooklyn,Entire home/apt,30,94.0
Manhattan,Entire home/apt,30,150.0
Queens,Entire home/apt,30,281.0
Manhattan,Entire home/apt,30,169.0
Bronx,Private room,30,100.0
Brooklyn,Entire home/apt,30,92.0
Brooklyn,Entire home/apt,30,205.0
Manhattan,Entire home/apt,30,314.0
Manhattan,Private room,30,64.0
Bronx,Entire home/apt,30,135.0
Manhattan,Entire home/apt,30,105.0
Queens,Entire home/apt,30,108.0
Brooklyn,Private room,30,84.0
Manhattan,Entire home/apt,90,162.0
Brooklyn,Entire home/apt,30,193.0
Queens,Entire home/apt,30,130.0
Queens,Entire home/apt,2,430.0
Brooklyn,Private room,30,90.0
Brooklyn,Entire home/apt,30,236.0
Queens,Private room,30,83.0
Queens,Entire home/apt,30,334.0
Manhattan,Entire home/apt,30,233.0
Manhattan,Entire home/apt,30,230.0
Bronx,Entire home/apt,30,94.0
Queens,Entire home/apt,30,210.0
Manhattan,Entire home/apt,30,290.0
Queens,Entire home/apt,30,210.0
Queens,Entire home/apt,30,110.0
Manhattan,Private room,30,452.0
Brooklyn,Private room,30,76.0
Queens,Private room,28,55.0
Brooklyn,Entire home/apt,30,100.0
Brooklyn,Entire home/apt,30,450.0
Queens,Private room,30,59.0
Staten Island,Private room,1,90.0
Brooklyn,Entire home/apt,30,220.0
Queens,Entire home/apt,30,75.0
Manhattan,Private room,30,70.0
Queens,Private room,30,105.0
Manhattan,Private room,3,163.0
Brooklyn,Entire home/apt,30,175.0
Queens,Private room,30,181.0
Brooklyn,Entire home/apt,30,150.0
Brooklyn,Entire home/apt,30,150.0
Manhattan,Entire home/apt,30,300.0
Queens,Entire home/apt,30,116.0
Bronx,Entire home/apt,30,68.0
Bronx,Entire home/apt,30,82.0
Brooklyn,Private room,31,89.0
Brooklyn,Private room,30,144.0
Manhattan,Entire home/apt,30,154.0
Manhattan,Entire home/apt,30,333.0
Queens,Entire home/apt,30,130.0
Bronx,Entire home/apt,30,87.0
Brooklyn,Private room,30,93.0
Brooklyn,Private room,30,61.0
Manhattan,Entire home/apt,30,183.0
Bronx,Entire home/apt,30,53.0
Brooklyn,Private room,30,175.0
Manhattan,Entire home/apt,30,172.0
Manhattan,Entire home/apt,30,241.0
Bronx,Entire home/apt,30,120.0
Manhattan,Private room,31,104.0
Bronx,Entire home/apt,30,304.0
Manhattan,Entire home/apt,1,881.0
Manhattan,Entire home/apt,30,242.0
Brooklyn,Entire home/apt,30,100.0
Brooklyn,Entire home/apt,2,183.0
Brooklyn,Entire home/apt,30,324.0
Brooklyn,Entire home/apt,2,117.0
Manhattan,Entire home/apt,30,119.0
Manhattan,Entire home/apt,30,160.0
Brooklyn,Private room,30,55.0
Queens,Private room,30,70.0
Queens,Entire home/apt,30,242.0
Queens,Private room,2,179.0
Brooklyn,Private room,4,109.0
Brooklyn,Entire home/apt,30,120.0
Brooklyn,Private room,2,52.0
Brooklyn,Entire home/apt,31,424.0
Manhattan,Entire home/apt,31,327.0
Manhattan,Entire home/apt,30,300.0
Brooklyn,Entire home/apt,30,144.0
Brooklyn,Entire home/apt,1,275.0
Manhattan,Entire home/apt,30,480.0
Brooklyn,Entire home/apt,30,142.0
Manhattan,Entire home/apt,30,300.0
Manhattan,Entire home/apt,30,210.0
Bronx,Private room,30,83.0
Brooklyn,Private room,30,120.0
Brooklyn,Private room,30,55.0
Manhattan,Entire home/apt,31,271.0
Manhattan,Entire home/apt,31,268.0
Queens,Entire home/apt,30,216.0
Queens,Private room,30,171.0
Queens,Private room,30,55.0
Queens,Private room,2,77.0
Manhattan,Entire home/apt,30,150.0
Manhattan,Entire home/apt,30,600.0
Brooklyn,Entire home/apt,31,90.0
Queens,Entire home/apt,1,235.0
Queens,Entire home/apt,30,140.0
Queens,Entire home/apt,1,155.0
Manhattan,Entire home/apt,30,180.0
Manhattan,Entire home/apt,30,172.0
Manhattan,Entire home/apt,30,308.0
Manhattan,Entire home/apt,30,375.0
Manhattan,Entire home/apt,30,318.0
Queens,Entire home/apt,30,120.0
Brooklyn,Private room,30,69.0
Manhattan,Private room,30,70.0
Queens,Private room,2,168.0
Bronx,Private room,30,58.0
Manhattan,Private room,1,228.0
Manhattan,Entire home/apt,30,180.0
Manhattan,Entire home/apt,30,172.0
Manhattan,Entire home/apt,30,172.0
Manhattan,Entire home/apt,30,250.0
Manhattan,Entire home/apt,30,289.0
Manhattan,Entire home/apt,30,172.0
Manhattan,Entire home/apt,30,172.0
Staten Island,Entire home/apt,30,62.0
Manhattan,Entire home/apt,30,285.0
Manhattan,Entire home/apt,30,250.0
Bronx,Entire home/apt,7,171.0
Brooklyn,Entire home/apt,1,194.0
Queens,Private room,2,107.0
Manhattan,Entire home/apt,31,416.0
Manhattan,Entire home/apt,30,188.0
Brooklyn,Private room,30,55.0
Brooklyn,Entire home/apt,30,110.0
Brooklyn,Entire home/apt,30,122.0
Brooklyn,Private room,2,69.0
Brooklyn,Entire home/apt,30,115.0
Brooklyn,Entire home/apt,30,88.0
Queens,Entire home/apt,30,221.0
Brooklyn,Private room,30,70.0
Brooklyn,Private room,30,91.0
Manhattan,Entire home/apt,30,117.0
Queens,Entire home/apt,90,116.0
Brooklyn,Entire home/apt,30,289.0
Brooklyn,Entire home/apt,31,408.0
Bronx,Entire home/apt,30,110.0
Queens,Private room,3,180.0
Manhattan,Private room,30,286.0
Brooklyn,Private room,30,275.0
Manhattan,Entire home/apt,30,198.0
Queens,Entire home/apt,30,84.0
Manhattan,Shared room,30,449.0
Brooklyn,Private room,30,56.0
Manhattan,Entire home/apt,30,125.0
Brooklyn,Private room,30,53.0
Brooklyn,Private room,30,51.0
Brooklyn,Private room,30,302.0
Brooklyn,Entire home/apt,30,290.0
Bronx,Private room,30,92.0
Manhattan,Private room,1,140.0
Manhattan,Entire home/apt,1,135.0
Queens,Entire home/apt,2,204.0
Queens,Entire home/apt,30,182.0
Bronx,Private room,30,180.0
Manhattan,Private room,30,150.0
Manhattan,Entire home/apt,1,263.0
Brooklyn,Entire home/apt,90,137.0
Manhattan,Entire home/apt,30,333.0
Manhattan,Entire home/apt,30,295.0
Manhattan,Entire home/apt,30,172.0
Manhattan,Entire home/apt,30,900.0
Manhattan,Entire home/apt,30,282.0
Manhattan,Entire home/apt,30,125.0
Bronx,Private room,30,69.0
Manhattan,Entire home/apt,30,170.0
Queens,Entire home/apt,30,210.0
Queens,Private room,30,100.0
Brooklyn,Entire home/apt,180,162.0
Manhattan,Entire home/apt,30,159.0
Queens,Entire home/apt,2,232.0
Manhattan,Entire home/apt,31,356.0
Manhattan,Entire home/apt,31,286.0
Brooklyn,Private room,30,252.0
Manhattan,Entire home/apt,30,145.0
Manhattan,Entire home/apt,30,300.0
Brooklyn,Private room,30,69.0
Brooklyn,Private room,30,102.0
Brooklyn,Entire home/apt,30,159.0
Queens,Private room,30,60.0
Bronx,Entire home/apt,30,58.0
Manhattan,Entire home/apt,30,225.0
Brooklyn,Entire home/apt,30,144.0
Brooklyn,Entire home/apt,30,250.0
Queens,Entire home/apt,2,260.0
Brooklyn,Entire home/apt,30,149.0
Brooklyn,Private room,30,102.0
Brooklyn,Entire home/apt,2,187.0
Bronx,Private room,30,75.0
Manhattan,Entire home/apt,30,815.0
Queens,Entire home/apt,30,243.0
Brooklyn,Private room,30,140.0
Queens,Private room,1,85.0
Queens,Private room,1,85.0
Brooklyn,Entire home/apt,2,209.0
Queens,Private room,1,105.0
Brooklyn,Private room,2,162.0
Manhattan,Private room,30,50.0
Brooklyn,Entire home/apt,31,283.0
Manhattan,Entire home/apt,30,350.0
Brooklyn,Private room,30,90.0
Brooklyn,Entire home/apt,30,660.0
Manhattan,Entire home/apt,30,260.0
Manhattan,Entire home/apt,30,250.0
Brooklyn,Entire home/apt,30,92.0
Manhattan,Entire home/apt,30,570.0
Brooklyn,Private room,2,57.0
Manhattan,Entire home/apt,30,239.0
Manhattan,Private room,30,64.0
Queens,Private room,30,60.0
Brooklyn,Entire home/apt,30,150.0
Manhattan,Private room,30,81.0
Brooklyn,Entire home/apt,31,334.0
Manhattan,Entire home/apt,31,352.0
Brooklyn,Entire home/apt,1,199.0
Manhattan,Private room,1,169.0
Manhattan,Entire home/apt,1,188.0
Manhattan,Entire home/apt,30,213.0
Brooklyn,Entire home/apt,30,225.0
Queens,Entire home/apt,30,121.0
Queens,Entire home/apt,30,143.0
Manhattan,Entire home/apt,30,250.0
Queens,Private room,30,280.0
Brooklyn,Entire home/apt,30,253.0
Staten Island,Entire home/apt,30,197.0
Brooklyn,Entire home/apt,30,130.0
Brooklyn,Entire home/apt,30,160.0
Brooklyn,Entire home/apt,30,200.0
Queens,Entire home/apt,30,97.0
Queens,Entire home/apt,30,84.0
Queens,Private room,30,130.0
Queens,Entire home/apt,2,240.0
Manhattan,Entire home/apt,30,170.0
Manhattan,Entire home/apt,30,230.0
Manhattan,Entire home/apt,30,199.0
Brooklyn,Private room,30,139.0
Manhattan,Private room,30,67.0
Brooklyn,Entire home/apt,30,253.0
Queens,Entire home/apt,31,298.0
Brooklyn,Entire home/apt,30,139.0
Brooklyn,Private room,30,87.0
Manhattan,Entire home/apt,30,200.0
Brooklyn,Private room,30,55.0
Manhattan,Entire home/apt,30,172.0
Brooklyn,Private room,30,80.0
Brooklyn,Entire home/apt,30,125.0
Queens,Entire home/apt,30,206.0
Brooklyn,Entire home/apt,30,252.0
Brooklyn,Entire home/apt,30,105.0
Manhattan,Entire home/apt,30,220.0
Brooklyn,Entire home/apt,30,193.0
Brooklyn,Private room,30,63.0
Queens,Entire home/apt,30,200.0
Manhattan,Private room,30,161.0
Bronx,Private room,2,183.0
Manhattan,Entire home/apt,30,160.0
Brooklyn,Private room,30,250.0
Manhattan,Entire home/apt,30,207.0
Manhattan,Entire home/apt,30,122.0
Queens,Private room,30,60.0
Queens,Private room,3,106.0
Queens,Entire home/apt,30,175.0
Manhattan,Private room,4,95.0
Manhattan,Entire home/apt,31,200.0
Brooklyn,Private room,2,96.0
Queens,Entire home/apt,30,82.0
Bronx,Entire home/apt,30,115.0
Bronx,Entire home/apt,30,50.0
Queens,Private room,30,108.0
Brooklyn,Entire home/apt,30,115.0
Brooklyn,Entire home/apt,30,90.0
Queens,Entire home/apt,30,105.0
Manhattan,Entire home/apt,30,110.0
Manhattan,Entire home/apt,30,139.0
Bronx,Entire home/apt,30,100.0
Queens,Entire home/apt,30,215.0
Manhattan,Private room,30,81.0
Brooklyn,Private room,30,241.0
Brooklyn,Private room,30,60.0
Queens,Entire home/apt,30,170.0
Manhattan,Entire home/apt,30,224.0
Brooklyn,Private room,30,220.0
Brooklyn,Private room,30,111.0
Brooklyn,Private room,30,66.0
Queens,Private room,30,113.0
Queens,Private room,30,141.0
Brooklyn,Private room,30,90.0
Brooklyn,Private room,30,70.0
Brooklyn,Private room,3,86.0
Brooklyn,Entire home/apt,30,145.0
Brooklyn,Private room,30,75.0
Manhattan,Entire home/apt,30,218.0
Brooklyn,Private room,30,55.0
Queens,Private room,30,125.0
Queens,Private room,30,112.0
Queens,Private room,1,200.0
Queens,Entire home/apt,30,110.0
Queens,Entire home/apt,30,350.0
Manhattan,Private room,30,116.0
Brooklyn,Entire home/apt,30,153.0
Brooklyn,Entire home/apt,30,250.0
Manhattan,Entire home/apt,30,212.0
Manhattan,Entire home/apt,30,891.0
Queens,Private room,1,75.0
Bronx,Private room,30,150.0
Bronx,Private room,30,150.0
Brooklyn,Private room,30,140.0
Manhattan,Entire home/apt,30,273.0
Queens,Private room,30,72.0
Queens,Private room,30,84.0
Bronx,Private room,30,93.0
Brooklyn,Entire home/apt,2,552.0
Manhattan,Private room,1,128.0
Brooklyn,Entire home/apt,30,130.0
Queens,Private room,30,95.0
Manhattan,Entire home/apt,30,129.0
Queens,Private room,30,110.0
Brooklyn,Entire home/apt,30,291.0
Bronx,Private room,30,52.0
Queens,Entire home/apt,30,350.0
Brooklyn,Entire home/apt,30,470.0
Manhattan,Entire home/apt,30,200.0
Bronx,Entire home/apt,30,254.0
Bronx,Entire home/apt,30,298.0
Brooklyn,Private room,30,60.0
Queens,Private room,30,119.0
Brooklyn,Entire home/apt,30,94.0
Manhattan,Entire home/apt,3,183.0
Queens,Entire home/apt,30,150.0
Staten Island,Private room,30,55.0
Brooklyn,Entire home/apt,1,230.0
Queens,Entire home/apt,30,155.0
Queens,Private room,30,70.0
Manhattan,Entire home/apt,31,426.0
Manhattan,Entire home/apt,31,251.0
Queens,Entire home/apt,1,121.0
Queens,Entire home/apt,30,170.0
Brooklyn,Private room,30,104.0
Queens,Entire home/apt,30,93.0
Bronx,Entire home/apt,30,125.0
Brooklyn,Entire home/apt,30,257.0
Queens,Entire home/apt,30,216.0
Manhattan,Entire home/apt,31,302.0
Manhattan,Entire home/apt,30,130.0
Queens,Private room,3,68.0
Manhattan,Entire home/apt,30,278.0
Manhattan,Entire home/apt,30,120.0
Brooklyn,Entire home/apt,30,228.0
Queens,Entire home/apt,3,272.0
Brooklyn,Private room,30,80.0
Queens,Entire home/apt,30,126.0
Manhattan,Entire home/apt,30,133.0
Brooklyn,Entire home/apt,30,299.0
Manhattan,Private room,30,55.0
Brooklyn,Private room,30,52.0
Brooklyn,Entire home/apt,30,268.0
Queens,Entire home/apt,30,350.0
Manhattan,Entire home/apt,30,155.0
Manhattan,Private room,30,425.0
Brooklyn,Entire home/apt,30,140.0
Manhattan,Private room,30,160.0
Queens,Private room,3,150.0
Brooklyn,Private room,30,56.0
Manhattan,Entire home/apt,1,157.0
Brooklyn,Private room,2,297.0
Brooklyn,Private room,31,113.0
Manhattan,Entire home/apt,1,193.0
Manhattan,Private room,1,75.0
Queens,Entire home/apt,2,165.0
Manhattan,Entire home/apt,1,255.0
Manhattan,Entire home/apt,30,169.0
Manhattan,Entire home/apt,1,266.0
Manhattan,Entire home/apt,1,465.0
Manhattan,Entire home/apt,1,259.0
Queens,Private room,1,239.0
Brooklyn,Private room,2,107.0
Bronx,Entire home/apt,30,172.0
Brooklyn,Private room,30,75.0
Brooklyn,Entire home/apt,30,189.0
Brooklyn,Entire home/apt,31,335.0
Manhattan,Entire home/apt,31,275.0
Brooklyn,Entire home/apt,30,119.0
Manhattan,Private room,30,84.0
Manhattan,Entire home/apt,30,127.0
Manhattan,Entire home/apt,30,271.0
Manhattan,Entire home/apt,30,251.0
Manhattan,Entire home/apt,30,196.0
Manhattan,Entire home/apt,30,165.0
Brooklyn,Entire home/apt,30,180.0
Brooklyn,Private room,30,133.0
Queens,Entire home/apt,30,141.0
Manhattan,Private room,30,95.0
Queens,Private room,30,110.0
Queens,Entire home/apt,30,94.0
Brooklyn,Entire home/apt,30,271.0
Brooklyn,Entire home/apt,30,165.0
Queens,Entire home/apt,30,75.0
Manhattan,Entire home/apt,30,121.0
Brooklyn,Entire home/apt,30,126.0
Queens,Private room,30,65.0
Brooklyn,Private room,7,149.0
Manhattan,Private room,30,175.0
Brooklyn,Entire home/apt,30,493.0
Brooklyn,Entire home/apt,30,252.0
Bronx,Private room,30,60.0
Brooklyn,Entire home/apt,30,365.0
Manhattan,Entire home/apt,30,260.0
Manhattan,Entire home/apt,1,204.0
Queens,Entire home/apt,90,130.0
Brooklyn,Private room,30,150.0
Manhattan,Private room,30,150.0
Manhattan,Entire home/apt,31,448.0
Manhattan,Entire home/apt,30,69.0
Queens,Entire home/apt,30,93.0
Manhattan,Entire home/apt,5,238.0
Brooklyn,Private room,30,150.0
Manhattan,Entire home/apt,30,225.0
Queens,Private room,30,90.0
Manhattan,Entire home/apt,30,392.0
Manhattan,Private room,30,60.0
Brooklyn,Entire home/apt,30,79.0
Manhattan,Private room,30,68.0
Brooklyn,Entire home/apt,30,125.0
Queens,Private room,30,52.0
Queens,Private room,30,53.0
Manhattan,Entire home/apt,30,135.0
Queens,Private room,1,100.0
Manhattan,Entire home/apt,31,333.0
Manhattan,Entire home/apt,30,189.0
Manhattan,Hotel room,1,272.0
Manhattan,Hotel room,1,261.0
Manhattan,Hotel room,1,656.0
Brooklyn,Private room,30,141.0
Manhattan,Hotel room,1,521.0
Manhattan,Hotel room,1,550.0
Manhattan,Hotel room,1,521.0
Manhattan,Hotel room,1,164.0
Manhattan,Hotel room,1,222.0
Manhattan,Hotel room,1,164.0
Manhattan,Hotel room,1,164.0
Manhattan,Hotel room,1,222.0
Manhattan,Entire home/apt,30,80.0
Queens,Entire home/apt,30,256.0
Bronx,Entire home/apt,30,160.0
Brooklyn,Entire home/apt,1,232.0
Manhattan,Entire home/apt,31,286.0
Manhattan,Entire home/apt,31,523.0
Manhattan,Entire home/apt,31,416.0
Manhattan,Entire home/apt,31,288.0
Manhattan,Entire home/apt,30,93.0
Bronx,Entire home/apt,30,200.0
Brooklyn,Private room,30,78.0
Queens,Entire home/apt,30,95.0
Bronx,Private room,30,114.0
Queens,Entire home/apt,30,139.0
Bronx,Entire home/apt,30,341.0
Bronx,Private room,30,71.0
Manhattan,Entire home/apt,30,180.0
Queens,Entire home/apt,30,224.0
Manhattan,Entire home/apt,30,135.0
Queens,Private room,2,132.0
Manhattan,Entire home/apt,2,399.0
Manhattan,Private room,4,90.0
Brooklyn,Entire home/apt,30,95.0
Brooklyn,Entire home/apt,30,230.0
Manhattan,Private room,30,105.0
Manhattan,Private room,4,100.0
Staten Island,Private room,30,210.0
Brooklyn,Entire home/apt,30,250.0
Manhattan,Entire home/apt,30,163.0
Manhattan,Private room,30,138.0
Manhattan,Entire home/apt,30,175.0
Manhattan,Private room,4,141.0
Manhattan,Entire home/apt,30,130.0
Brooklyn,Entire home/apt,3,150.0
Manhattan,Entire home/apt,30,201.0
Manhattan,Entire home/apt,30,76.0
Brooklyn,Private room,3,110.0
Manhattan,Private room,7,100.0
Bronx,Entire home/apt,30,120.0
Bronx,Entire home/apt,30,129.0
Brooklyn,Entire home/apt,2,140.0
Manhattan,Entire home/apt,30,200.0
Brooklyn,Private room,30,71.0
Queens,Entire home/apt,30,126.0
Manhattan,Entire home/apt,2,476.0
Manhattan,Entire home/apt,30,200.0
Manhattan,Entire home/apt,30,183.0
Manhattan,Entire home/apt,30,139.0
Queens,Private room,4,165.0
Queens,Private room,1,86.0
Queens,Private room,30,68.0
Brooklyn,Private room,30,74.0
Queens,Entire home/apt,30,453.0
Brooklyn,Private room,30,50.0
Manhattan,Hotel room,1,199.0
Manhattan,Hotel room,1,199.0
Manhattan,Hotel room,1,199.0
Manhattan,Hotel room,1,105.0
Manhattan,Hotel room,1,105.0
Bronx,Private room,2,94.0
Manhattan,Hotel room,1,105.0
Manhattan,Hotel room,1,105.0
Brooklyn,Entire home/apt,30,124.0
Bronx,Private room,2,85.0
Brooklyn,Private room,30,88.0
Manhattan,Entire home/apt,30,140.0
Bronx,Entire home/apt,30,162.0
Manhattan,Entire home/apt,31,323.0
Brooklyn,Entire home/apt,31,366.0
Manhattan,Private room,30,96.0
Manhattan,Hotel room,1,124.0
Manhattan,Hotel room,1,124.0
Manhattan,Entire home/apt,30,98.0
Manhattan,Hotel room,1,261.0
Manhattan,Hotel room,1,105.0
Manhattan,Hotel room,1,105.0
Manhattan,Entire home/apt,30,109.0
Brooklyn,Entire home/apt,30,282.0
Brooklyn,Private room,30,150.0
Brooklyn,Entire home/apt,30,357.0
Manhattan,Entire home/apt,30,148.0
Brooklyn,Entire home/apt,30,79.0
Brooklyn,Private room,6,115.0
Brooklyn,Private room,1,106.0
Manhattan,Private room,30,120.0
Brooklyn,Private room,3,114.0
Brooklyn,Private room,3,345.0
Manhattan,Hotel room,1,222.0
Manhattan,Hotel room,1,222.0
Manhattan,Hotel room,1,423.0
Manhattan,Hotel room,1,423.0
Bronx,Private room,2,85.0
Brooklyn,Entire home/apt,30,166.0
Brooklyn,Private room,30,68.0
Brooklyn,Private room,2,125.0
Manhattan,Entire home/apt,30,186.0
Brooklyn,Private room,30,68.0
Brooklyn,Entire home/apt,30,231.0
Brooklyn,Entire home/apt,30,124.0
Brooklyn,Entire home/apt,30,150.0
Brooklyn,Private room,1,85.0
Manhattan,Hotel room,1,328.0
Manhattan,Hotel room,1,328.0
Manhattan,Hotel room,1,105.0
Brooklyn,Entire home/apt,30,200.0
Manhattan,Hotel room,1,544.0
Manhattan,Hotel room,1,544.0
Manhattan,Hotel room,1,544.0
Brooklyn,Entire home/apt,30,300.0
Brooklyn,Entire home/apt,30,126.0
Bronx,Private room,1,138.0
Manhattan,Entire home/apt,1,320.0
Manhattan,Entire home/apt,31,601.0
Manhattan,Entire home/apt,31,436.0
Staten Island,Private room,1,111.0
Manhattan,Hotel room,1,98.0
Manhattan,Hotel room,1,98.0
Manhattan,Hotel room,1,98.0
Manhattan,Hotel room,1,272.0
Manhattan,Hotel room,1,272.0
Manhattan,Private room,30,113.0
Queens,Private room,30,98.0
Brooklyn,Entire home/apt,30,266.0
Manhattan,Private room,3,159.0
Queens,Entire home/apt,30,150.0
Queens,Private room,30,57.0
Queens,Private room,30,57.0
Brooklyn,Private room,30,59.0
Brooklyn,Private room,30,150.0
Manhattan,Entire home/apt,30,100.0
Manhattan,Entire home/apt,30,345.0
Brooklyn,Entire home/apt,30,218.0
Brooklyn,Private room,30,50.0
Brooklyn,Private room,30,51.0
Queens,Entire home/apt,30,424.0
Brooklyn,Entire home/apt,30,741.0
Manhattan,Entire home/apt,30,200.0
Queens,Entire home/apt,30,106.0
Manhattan,Private room,30,160.0
Brooklyn,Entire home/apt,30,386.0
Brooklyn,Entire home/apt,30,130.0
Staten Island,Private room,30,120.0
Brooklyn,Entire home/apt,30,166.0
Brooklyn,Entire home/apt,30,150.0
Brooklyn,Entire home/apt,30,99.0
Queens,Entire home/apt,30,250.0
Manhattan,Entire home/apt,30,600.0
Bronx,Entire home/apt,30,102.0
Manhattan,Entire home/apt,30,350.0
Brooklyn,Entire home/apt,5,167.0
Brooklyn,Entire home/apt,30,157.0
Queens,Private room,30,80.0
Brooklyn,Entire home/apt,30,850.0
Bronx,Entire home/apt,30,115.0
Brooklyn,Entire home/apt,30,156.0
Brooklyn,Entire home/apt,30,170.0
Queens,Entire home/apt,30,235.0
Manhattan,Entire home/apt,31,262.0
Brooklyn,Entire home/apt,30,395.0
Manhattan,Entire home/apt,30,150.0
Manhattan,Entire home/apt,30,143.0
Manhattan,Entire home/apt,30,118.0
Queens,Private room,1,100.0
Brooklyn,Entire home/apt,30,179.0
Bronx,Entire home/apt,30,272.0
Manhattan,Entire home/apt,31,415.0
Manhattan,Private room,30,54.0
Manhattan,Entire home/apt,31,185.0
Manhattan,Entire home/apt,30,150.0
Brooklyn,Entire home/apt,30,203.0
Queens,Entire home/apt,2,290.0
Queens,Entire home/apt,30,182.0
Brooklyn,Entire home/apt,30,225.0
Brooklyn,Private room,30,55.0
Brooklyn,Private room,30,55.0
Brooklyn,Private room,30,55.0
Brooklyn,Private room,12,135.0
Brooklyn,Private room,30,173.0
Brooklyn,Private room,30,78.0
Queens,Entire home/apt,30,141.0
Brooklyn,Private room,30,600.0
Manhattan,Entire home/apt,30,160.0
Brooklyn,Private room,30,59.0
Brooklyn,Entire home/apt,30,116.0
Queens,Entire home/apt,30,139.0
Queens,Entire home/apt,30,179.0
Brooklyn,Private room,30,95.0
Brooklyn,Entire home/apt,2,293.0
Queens,Entire home/apt,30,225.0
Brooklyn,Private room,30,93.0
Manhattan,Hotel room,1,814.0
Manhattan,Hotel room,1,542.0
Manhattan,Hotel room,1,678.0
Manhattan,Hotel room,1,296.0
Manhattan,Hotel room,1,271.0
Manhattan,Hotel room,1,339.0
Manhattan,Entire home/apt,1,320.0
Manhattan,Hotel room,1,400.0
Brooklyn,Entire home/apt,30,94.0
Queens,Entire home/apt,30,150.0
Brooklyn,Private room,5,76.0
Brooklyn,Entire home/apt,30,182.0
Brooklyn,Entire home/apt,30,395.0
Bronx,Private room,30,80.0
Bronx,Entire home/apt,30,166.0
Brooklyn,Private room,2,89.0
Queens,Entire home/apt,30,275.0
Brooklyn,Entire home/apt,30,182.0
Manhattan,Entire home/apt,30,180.0
Manhattan,Private room,30,500.0
Staten Island,Entire home/apt,30,279.0
Brooklyn,Entire home/apt,30,213.0
Queens,Entire home/apt,30,187.0
Brooklyn,Private room,30,107.0
Bronx,Private room,30,95.0
Manhattan,Entire home/apt,30,855.0
Queens,Entire home/apt,30,175.0
Brooklyn,Entire home/apt,3,170.0
Manhattan,Entire home/apt,30,98.0
Brooklyn,Entire home/apt,30,99.0
Manhattan,Entire home/apt,31,311.0
Brooklyn,Entire home/apt,30,303.0
Brooklyn,Entire home/apt,30,160.0
Brooklyn,Entire home/apt,30,615.0
Manhattan,Entire home/apt,1,359.0
Queens,Entire home/apt,30,110.0
Manhattan,Entire home/apt,5,366.0
Manhattan,Entire home/apt,5,413.0
Manhattan,Private room,30,200.0
Queens,Private room,30,80.0
Queens,Entire home/apt,30,161.0
Queens,Private room,30,77.0
Manhattan,Entire home/apt,30,341.0
Brooklyn,Private room,30,50.0
Manhattan,Entire home/apt,30,200.0
Manhattan,Private room,30,79.0
Manhattan,Entire home/apt,30,88.0
Brooklyn,Private room,1,140.0
Brooklyn,Entire home/apt,30,240.0
Manhattan,Entire home/apt,30,150.0
Brooklyn,Entire home/apt,30,170.0
Brooklyn,Entire home/apt,30,163.0
Brooklyn,Entire home/apt,30,275.0
Manhattan,Entire home/apt,90,140.0
Queens,Private room,30,55.0
Manhattan,Entire home/apt,31,445.0
Manhattan,Entire home/apt,30,130.0
Bronx,Entire home/apt,30,69.0
Manhattan,Entire home/apt,30,247.0
Brooklyn,Entire home/apt,30,140.0
Manhattan,Entire home/apt,60,145.0
Brooklyn,Entire home/apt,1,207.0
Brooklyn,Entire home/apt,30,115.0
Brooklyn,Private room,30,250.0
Manhattan,Entire home/apt,30,120.0
Bronx,Private room,3,65.0
Manhattan,Entire home/apt,31,326.0
Queens,Entire home/apt,30,200.0
Brooklyn,Private room,30,171.0
Brooklyn,Entire home/apt,30,634.0
Manhattan,Private room,1,148.0
Queens,Entire home/apt,30,309.0
Brooklyn,Entire home/apt,30,129.0
Manhattan,Entire home/apt,30,191.0
Manhattan,Entire home/apt,30,191.0
Brooklyn,Entire home/apt,30,335.0
Bronx,Private room,30,64.0
Brooklyn,Private room,30,62.0
Brooklyn,Private room,30,62.0
Manhattan,Private room,30,200.0
Queens,Private room,30,70.0
Brooklyn,Entire home/apt,30,103.0
Queens,Private room,2,74.0
Queens,Private room,30,120.0
Brooklyn,Private room,1,166.0
Brooklyn,Entire home/apt,30,112.0
Brooklyn,Entire home/apt,31,587.0
Manhattan,Entire home/apt,31,355.0
Brooklyn,Entire home/apt,30,279.0
Brooklyn,Entire home/apt,30,150.0
Brooklyn,Private room,30,194.0
Manhattan,Entire home/apt,30,98.0
Brooklyn,Entire home/apt,30,248.0
Manhattan,Entire home/apt,30,90.0
Bronx,Entire home/apt,30,120.0
Brooklyn,Entire home/apt,30,145.0
Manhattan,Private room,30,180.0
Brooklyn,Entire home/apt,30,100.0
Brooklyn,Private room,30,82.0
Brooklyn,Entire home/apt,30,90.0
Queens,Private room,30,59.0
Brooklyn,Private room,30,120.0
Brooklyn,Entire home/apt,30,76.0
Bronx,Private room,30,126.0
Manhattan,Entire home/apt,30,243.0
Queens,Private room,1,105.0
Staten Island,Entire home/apt,30,139.0
Queens,Entire home/apt,30,179.0
Queens,Entire home/apt,5,285.0
Queens,Entire home/apt,30,136.0
Queens,Entire home/apt,30,76.0
Manhattan,Entire home/apt,30,130.0
Manhattan,Entire home/apt,31,409.0
Brooklyn,Private room,30,80.0
Queens,Private room,30,66.0
Queens,Entire home/apt,30,142.0
Queens,Entire home/apt,30,199.0
Brooklyn,Entire home/apt,30,400.0
Brooklyn,Entire home/apt,30,520.0
Brooklyn,Entire home/apt,30,200.0
Manhattan,Entire home/apt,30,350.0
Queens,Entire home/apt,30,141.0
Manhattan,Private room,1,546.0
Brooklyn,Private room,30,58.0
Manhattan,Entire home/apt,31,555.0
Brooklyn,Private room,3,149.0
Brooklyn,Entire home/apt,30,149.0
Brooklyn,Entire home/apt,1,216.0
Manhattan,Entire home/apt,31,582.0
Manhattan,Entire home/apt,31,410.0
Brooklyn,Entire home/apt,30,157.0
Queens,Entire home/apt,2,118.0
Brooklyn,Entire home/apt,30,158.0
Queens,Entire home/apt,30,150.0
Bronx,Entire home/apt,30,170.0
Queens,Entire home/apt,30,180.0
Brooklyn,Private room,3,180.0
Bronx,Private room,30,152.0
Bronx,Private room,30,131.0
Manhattan,Entire home/apt,30,415.0
Manhattan,Entire home/apt,1,206.0
Bronx,Private room,30,65.0
Manhattan,Private room,30,113.0
Bronx,Private room,30,60.0
Bronx,Private room,30,51.0
Brooklyn,Entire home/apt,30,165.0
Brooklyn,Entire home/apt,30,137.0
Brooklyn,Entire home/apt,30,100.0
Brooklyn,Entire home/apt,30,114.0
Manhattan,Entire home/apt,31,426.0
Brooklyn,Entire home/apt,2,120.0
Manhattan,Entire home/apt,30,130.0
Manhattan,Entire home/apt,30,132.0
Manhattan,Entire home/apt,30,160.0
Brooklyn,Private room,30,67.0
Brooklyn,Entire home/apt,30,270.0
Brooklyn,Private room,30,136.0
Manhattan,Private room,30,120.0
Bronx,Private room,30,114.0
Manhattan,Private room,30,180.0
Queens,Private room,30,60.0
Manhattan,Entire home/apt,30,201.0
Queens,Private room,30,68.0
Queens,Entire home/apt,30,80.0
Queens,Entire home/apt,30,140.0
Brooklyn,Entire home/apt,30,190.0
Manhattan,Entire home/apt,31,343.0
Manhattan,Entire home/apt,30,224.0
Brooklyn,Private room,30,54.0
Manhattan,Entire home/apt,30,142.0
Queens,Entire home/apt,30,97.0
Brooklyn,Entire home/apt,31,285.0
Manhattan,Entire home/apt,30,194.0
Brooklyn,Entire home/apt,30,116.0
Manhattan,Entire home/apt,30,315.0
Manhattan,Entire home/apt,30,115.0
Queens,Entire home/apt,30,159.0
Brooklyn,Private room,30,50.0
Manhattan,Entire home/apt,30,95.0
Manhattan,Private room,1,119.0
Brooklyn,Private room,30,129.0
Brooklyn,Entire home/apt,30,814.0
Queens,Entire home/apt,30,100.0
Manhattan,Entire home/apt,30,296.0
Manhattan,Private room,30,113.0
Brooklyn,Private room,30,129.0
Queens,Private room,1,120.0
Queens,Private room,30,65.0
Brooklyn,Entire home/apt,30,360.0
Manhattan,Entire home/apt,30,328.0
Bronx,Entire home/apt,30,103.0
Manhattan,Entire home/apt,30,150.0
Brooklyn,Private room,30,90.0
Brooklyn,Entire home/apt,30,87.0
Brooklyn,Private room,30,70.0
Brooklyn,Entire home/apt,30,197.0
Bronx,Entire home/apt,1,159.0
Brooklyn,Entire home/apt,30,196.0
Manhattan,Private room,30,85.0
Queens,Private room,30,80.0
Bronx,Private room,30,571.0
Brooklyn,Private room,30,95.0
Queens,Private room,30,55.0
Queens,Entire home/apt,30,173.0
Brooklyn,Entire home/apt,30,98.0
Manhattan,Entire home/apt,30,200.0
Manhattan,Entire home/apt,31,327.0
Brooklyn,Entire home/apt,31,264.0
Manhattan,Entire home/apt,31,262.0
Brooklyn,Entire home/apt,30,90.0
Brooklyn,Private room,30,129.0
Queens,Private room,30,80.0
Brooklyn,Entire home/apt,30,250.0
Brooklyn,Entire home/apt,30,241.0
Manhattan,Entire home/apt,30,189.0
Manhattan,Private room,1,97.0
Manhattan,Entire home/apt,30,110.0
Manhattan,Entire home/apt,30,350.0
Manhattan,Entire home/apt,30,103.0
Brooklyn,Entire home/apt,30,343.0
Manhattan,Entire home/apt,31,426.0
Manhattan,Entire home/apt,30,651.0
Manhattan,Entire home/apt,30,152.0
Queens,Entire home/apt,30,175.0
Brooklyn,Private room,1,159.0
Brooklyn,Private room,30,265.0
Manhattan,Entire home/apt,30,121.0
Queens,Private room,30,55.0
Queens,Entire home/apt,30,98.0
Queens,Private room,30,75.0
Brooklyn,Entire home/apt,31,263.0
Bronx,Entire home/apt,30,96.0
Manhattan,Private room,1,471.0
Brooklyn,Private room,30,70.0
Manhattan,Entire home/apt,30,228.0
Queens,Entire home/apt,30,553.0
Brooklyn,Entire home/apt,30,100.0
Queens,Private room,30,100.0
Queens,Entire home/apt,30,140.0
Brooklyn,Private room,30,50.0
Queens,Entire home/apt,30,285.0
Manhattan,Entire home/apt,80,112.0
Brooklyn,Entire home/apt,2,180.0
Manhattan,Entire home/apt,30,245.0
Brooklyn,Private room,30,75.0
Manhattan,Entire home/apt,30,245.0
Manhattan,Entire home/apt,30,149.0
Manhattan,Entire home/apt,30,160.0
Brooklyn,Entire home/apt,30,100.0
Brooklyn,Private room,30,65.0
Manhattan,Entire home/apt,30,110.0
Manhattan,Entire home/apt,30,177.0
Queens,Private room,30,99.0
Manhattan,Entire home/apt,30,80.0
Brooklyn,Entire home/apt,2,214.0
Brooklyn,Private room,30,203.0
Brooklyn,Private room,3,159.0
Brooklyn,Entire home/apt,30,500.0
Queens,Entire home/apt,30,164.0
Queens,Private room,1,105.0
Brooklyn,Entire home/apt,30,171.0
Bronx,Private room,3,80.0
Manhattan,Entire home/apt,1,400.0
Manhattan,Hotel room,1,320.0
Queens,Entire home/apt,2,305.0
Manhattan,Entire home/apt,30,467.0
Manhattan,Entire home/apt,30,675.0
Brooklyn,Entire home/apt,30,152.0
Staten Island,Private room,30,137.0
Manhattan,Entire home/apt,30,228.0
Brooklyn,Private room,30,96.0
Queens,Entire home/apt,30,225.0
Queens,Entire home/apt,30,143.0
Manhattan,Private room,30,214.0
Queens,Entire home/apt,30,80.0
Brooklyn,Entire home/apt,31,538.0
Brooklyn,Entire home/apt,30,199.0
Brooklyn,Private room,1,201.0
Queens,Private room,30,65.0
Queens,Entire home/apt,30,150.0
Queens,Private room,30,55.0
Brooklyn,Entire home/apt,30,178.0
Brooklyn,Entire home/apt,30,83.0
Brooklyn,Private room,30,120.0
Brooklyn,Private room,30,56.0
Bronx,Private room,30,500.0
Manhattan,Entire home/apt,90,130.0
Manhattan,Entire home/apt,30,408.0
Queens,Private room,30,55.0
Bronx,Private room,2,57.0
Queens,Entire home/apt,30,188.0
Manhattan,Entire home/apt,30,202.0
Manhattan,Entire home/apt,30,138.0
Manhattan,Entire home/apt,30,297.0
Queens,Private room,30,87.0
Queens,Private room,30,50.0
Brooklyn,Shared room,30,153.0
Brooklyn,Private room,30,63.0
Brooklyn,Entire home/apt,31,407.0
Manhattan,Entire home/apt,31,432.0
Manhattan,Entire home/apt,31,292.0
Brooklyn,Entire home/apt,30,128.0
Queens,Entire home/apt,30,101.0
Bronx,Private room,2,55.0
Bronx,Private room,30,60.0
Manhattan,Private room,30,66.0
Brooklyn,Entire home/apt,2,143.0
Brooklyn,Private room,1,216.0
Brooklyn,Private room,1,303.0
Queens,Private room,30,81.0
Brooklyn,Private room,30,50.0
Brooklyn,Entire home/apt,30,140.0
Manhattan,Entire home/apt,30,300.0
Manhattan,Entire home/apt,30,390.0
Brooklyn,Entire home/apt,30,533.0
Brooklyn,Entire home/apt,30,210.0
Queens,Private room,3,169.0
Brooklyn,Private room,30,124.0
Bronx,Entire home/apt,30,100.0
Staten Island,Entire home/apt,30,100.0
Manhattan,Private room,30,175.0
Manhattan,Private room,30,107.0
Manhattan,Entire home/apt,30,135.0
Manhattan,Private room,30,110.0
Brooklyn,Private room,2,167.0
Queens,Private room,30,95.0
Brooklyn,Private room,30,108.0
Manhattan,Private room,30,70.0
Brooklyn,Entire home/apt,30,95.0
Brooklyn,Entire home/apt,30,200.0
Brooklyn,Entire home/apt,2,252.0
Manhattan,Entire home/apt,4,405.0
Brooklyn,Entire home/apt,30,187.0
Manhattan,Entire home/apt,30,140.0
Brooklyn,Private room,30,70.0
Manhattan,Entire home/apt,30,180.0
Queens,Private room,30,225.0
Brooklyn,Private room,60,500.0
Brooklyn,Shared room,3,103.0
Brooklyn,Entire home/apt,3,141.0
Queens,Entire home/apt,30,112.0
Queens,Private room,3,95.0
Manhattan,Entire home/apt,30,220.0
Bronx,Entire home/apt,30,156.0
Queens,Entire home/apt,30,162.0
Manhattan,Entire home/apt,30,311.0
Manhattan,Entire home/apt,30,311.0
Manhattan,Entire home/apt,30,311.0
Manhattan,Entire home/apt,30,311.0
Manhattan,Entire home/apt,30,311.0
Manhattan,Entire home/apt,30,311.0
Manhattan,Entire home/apt,30,311.0
Manhattan,Entire home/apt,30,312.0
Manhattan,Entire home/apt,30,312.0
Manhattan,Entire home/apt,30,312.0
Manhattan,Entire home/apt,30,312.0
Manhattan,Entire home/apt,30,312.0
Manhattan,Entire home/apt,30,329.0
Manhattan,Entire home/apt,30,329.0
Manhattan,Entire home/apt,30,329.0
Manhattan,Entire home/apt,30,329.0
Manhattan,Entire home/apt,30,329.0
Manhattan,Entire home/apt,30,366.0
Manhattan,Entire home/apt,30,366.0
Manhattan,Entire home/apt,30,366.0
Manhattan,Entire home/apt,30,366.0
Manhattan,Entire home/apt,30,366.0
Manhattan,Entire home/apt,30,366.0
Manhattan,Entire home/apt,30,366.0
Manhattan,Entire home/apt,30,366.0
Manhattan,Entire home/apt,30,366.0
Manhattan,Entire home/apt,30,505.0
Manhattan,Entire home/apt,30,505.0
Manhattan,Entire home/apt,30,505.0
Manhattan,Entire home/apt,30,505.0
Manhattan,Entire home/apt,30,505.0
Manhattan,Entire home/apt,30,505.0
Manhattan,Entire home/apt,30,505.0
Manhattan,Entire home/apt,30,505.0
Manhattan,Entire home/apt,30,106.0
Brooklyn,Entire home/apt,30,117.0
Manhattan,Entire home/apt,30,423.0
Brooklyn,Entire home/apt,3,172.0
Manhattan,Private room,30,71.0
Queens,Entire home/apt,30,192.0
Brooklyn,Entire home/apt,210,228.0
Brooklyn,Entire home/apt,30,216.0
Manhattan,Entire home/apt,30,130.0
Brooklyn,Entire home/apt,30,444.0
Brooklyn,Entire home/apt,30,114.0
Bronx,Private room,30,66.0
Bronx,Entire home/apt,30,200.0
Queens,Private room,30,132.0
Manhattan,Entire home/apt,31,372.0
Manhattan,Entire home/apt,31,326.0
Queens,Private room,1,200.0
Queens,Private room,1,226.0
Brooklyn,Private room,30,740.0
Brooklyn,Private room,4,190.0
Queens,Entire home/apt,30,176.0
Manhattan,Private room,1,185.0
Brooklyn,Private room,30,160.0
Brooklyn,Entire home/apt,30,220.0
Manhattan,Entire home/apt,30,140.0
Manhattan,Entire home/apt,30,135.0
Brooklyn,Private room,30,63.0
Brooklyn,Entire home/apt,30,100.0
Queens,Entire home/apt,30,114.0
Bronx,Private room,30,307.0
Brooklyn,Private room,30,149.0
Queens,Entire home/apt,30,100.0
Bronx,Entire home/apt,30,129.0
Queens,Entire home/apt,30,94.0
Manhattan,Entire home/apt,13,207.0
Brooklyn,Private room,30,52.0
Brooklyn,Entire home/apt,30,161.0
Queens,Entire home/apt,30,95.0
Brooklyn,Entire home/apt,31,337.0
Manhattan,Entire home/apt,31,353.0
Manhattan,Entire home/apt,60,273.0
Manhattan,Private room,1,253.0
Manhattan,Private room,1,114.0
Manhattan,Entire home/apt,30,168.0
Manhattan,Entire home/apt,30,182.0
Manhattan,Entire home/apt,30,150.0
Manhattan,Entire home/apt,30,248.0
Manhattan,Private room,30,350.0
Brooklyn,Private room,2,200.0
Queens,Entire home/apt,30,113.0
Brooklyn,Private room,30,150.0
Brooklyn,Private room,30,100.0
Queens,Private room,2,64.0
Brooklyn,Private room,30,105.0
Manhattan,Entire home/apt,50,152.0
Manhattan,Private room,30,139.0
Brooklyn,Private room,30,86.0
Brooklyn,Entire home/apt,30,85.0
Manhattan,Entire home/apt,31,306.0
Brooklyn,Private room,30,60.0
Manhattan,Entire home/apt,30,312.0
Brooklyn,Private room,30,152.0
Brooklyn,Private room,2,176.0
Queens,Entire home/apt,30,400.0
Manhattan,Entire home/apt,30,110.0
Brooklyn,Private room,30,225.0
Brooklyn,Private room,2,156.0
Manhattan,Entire home/apt,10,163.0
Manhattan,Entire home/apt,31,453.0
Manhattan,Entire home/apt,31,548.0
Brooklyn,Entire home/apt,30,701.0
Brooklyn,Entire home/apt,30,134.0
Manhattan,Entire home/apt,30,311.0
Manhattan,Entire home/apt,30,311.0
Brooklyn,Private room,30,65.0
Queens,Private room,2,122.0
Manhattan,Entire home/apt,30,146.0
Queens,Private room,30,60.0
Manhattan,Entire home/apt,30,375.0
Bronx,Private room,30,76.0
Brooklyn,Private room,30,65.0
Manhattan,Private room,30,55.0
Manhattan,Entire home/apt,31,488.0
Bronx,Private room,30,67.0
Queens,Entire home/apt,30,97.0
Manhattan,Private room,30,165.0
Staten Island,Private room,30,188.0
Brooklyn,Private room,30,88.0
Manhattan,Private room,1,77.0
Queens,Entire home/apt,30,250.0
Brooklyn,Private room,30,254.0
Brooklyn,Private room,30,238.0
Brooklyn,Entire home/apt,30,136.0
Queens,Entire home/apt,30,189.0
Manhattan,Entire home/apt,31,425.0
Manhattan,Entire home/apt,31,273.0
Manhattan,Entire home/apt,31,417.0
Queens,Entire home/apt,30,199.0
Manhattan,Entire home/apt,30,999.0
Brooklyn,Entire home/apt,30,108.0
Brooklyn,Entire home/apt,30,184.0
Manhattan,Entire home/apt,31,172.0
Brooklyn,Entire home/apt,2,354.0
Brooklyn,Entire home/apt,30,149.0
Manhattan,Entire home/apt,30,597.0
Bronx,Entire home/apt,30,135.0
Manhattan,Entire home/apt,30,618.0
Bronx,Private room,30,100.0
Brooklyn,Private room,30,114.0
Brooklyn,Entire home/apt,30,126.0
Brooklyn,Entire home/apt,30,250.0
Bronx,Entire home/apt,31,80.0
Brooklyn,Entire home/apt,31,407.0
Manhattan,Entire home/apt,30,507.0
Manhattan,Entire home/apt,30,495.0
Brooklyn,Entire home/apt,30,169.0
Brooklyn,Entire home/apt,30,176.0
Brooklyn,Entire home/apt,30,320.0
Brooklyn,Entire home/apt,4,166.0
Brooklyn,Entire home/apt,60,125.0
Queens,Entire home/apt,30,269.0
Brooklyn,Entire home/apt,31,407.0
Bronx,Private room,30,50.0
Brooklyn,Entire home/apt,30,150.0
Brooklyn,Entire home/apt,30,110.0
Queens,Private room,30,118.0
Manhattan,Private room,1,282.0
Manhattan,Entire home/apt,30,129.0
Manhattan,Private room,30,105.0
Brooklyn,Private room,30,79.0
Bronx,Private room,30,130.0
Brooklyn,Private room,30,53.0
Brooklyn,Entire home/apt,30,240.0
Brooklyn,Private room,30,68.0
Brooklyn,Private room,30,80.0
Brooklyn,Private room,30,88.0
Queens,Private room,30,85.0
Bronx,Private room,30,71.0
Bronx,Private room,30,86.0
Manhattan,Private room,30,51.0
Manhattan,Entire home/apt,30,134.0
Manhattan,Entire home/apt,30,220.0
Queens,Entire home/apt,30,220.0
Manhattan,Entire home/apt,30,143.0
Manhattan,Entire home/apt,30,125.0
Brooklyn,Entire home/apt,30,135.0
Manhattan,Private room,30,60.0
Brooklyn,Private room,30,50.0
Brooklyn,Entire home/apt,2,276.0
Bronx,Entire home/apt,30,114.0
Queens,Entire home/apt,30,225.0
Queens,Private room,1,145.0
Queens,Entire home/apt,2,240.0
Queens,Entire home/apt,30,305.0
Manhattan,Entire home/apt,30,174.0
Manhattan,Entire home/apt,30,86.0
Brooklyn,Entire home/apt,31,432.0
Manhattan,Entire home/apt,31,352.0
Bronx,Entire home/apt,30,125.0
Manhattan,Private room,60,99.0
Bronx,Entire home/apt,30,99.0
Brooklyn,Private room,31,149.0
Queens,Private room,30,314.0
Brooklyn,Entire home/apt,30,90.0
Manhattan,Entire home/apt,30,180.0
Brooklyn,Entire home/apt,30,178.0
Queens,Private room,30,138.0
Queens,Private room,30,72.0
Queens,Entire home/apt,30,97.0
Brooklyn,Private room,30,109.0
Brooklyn,Private room,30,79.0
Manhattan,Entire home/apt,30,165.0
Manhattan,Entire home/apt,30,173.0
Brooklyn,Entire home/apt,30,237.0
Brooklyn,Entire home/apt,30,237.0
Manhattan,Entire home/apt,30,211.0
Manhattan,Entire home/apt,30,165.0
Manhattan,Entire home/apt,30,333.0
Manhattan,Entire home/apt,30,173.0
Manhattan,Entire home/apt,30,221.0
Manhattan,Entire home/apt,30,199.0
Manhattan,Entire home/apt,30,240.0
Manhattan,Entire home/apt,30,240.0
Manhattan,Entire home/apt,30,173.0
Manhattan,Entire home/apt,30,169.0
Manhattan,Entire home/apt,30,173.0
Manhattan,Entire home/apt,30,169.0
Brooklyn,Entire home/apt,30,175.0
Manhattan,Entire home/apt,31,298.0
Brooklyn,Entire home/apt,30,214.0
Manhattan,Entire home/apt,30,315.0
Manhattan,Entire home/apt,30,140.0
Brooklyn,Entire home/apt,30,150.0
Brooklyn,Entire home/apt,30,260.0
Brooklyn,Private room,30,371.0
Brooklyn,Private room,2,133.0
Manhattan,Entire home/apt,30,239.0
Brooklyn,Private room,30,57.0
Manhattan,Entire home/apt,30,315.0
Manhattan,Entire home/apt,31,327.0
Queens,Entire home/apt,1,142.0
Manhattan,Private room,30,100.0
Brooklyn,Entire home/apt,30,593.0
Queens,Private room,30,100.0
Manhattan,Entire home/apt,30,297.0
Manhattan,Entire home/apt,1,592.0
Queens,Entire home/apt,30,312.0
Brooklyn,Entire home/apt,30,166.0
Manhattan,Entire home/apt,1,221.0
Queens,Private room,30,128.0
Queens,Private room,30,80.0
Brooklyn,Entire home/apt,30,444.0
Staten Island,Private room,30,63.0
Brooklyn,Entire home/apt,31,407.0
Queens,Private room,30,106.0
Brooklyn,Private room,1,150.0
Queens,Private room,1,73.0
Brooklyn,Private room,30,75.0
Queens,Private room,1,83.0
Manhattan,Private room,1,201.0
Manhattan,Private room,1,240.0
Brooklyn,Entire home/apt,30,149.0
Manhattan,Private room,1,312.0
Manhattan,Private room,1,342.0
Manhattan,Private room,1,417.0
Manhattan,Private room,1,567.0
Manhattan,Entire home/apt,30,984.0
Manhattan,Entire home/apt,30,984.0
Manhattan,Entire home/apt,30,984.0
Manhattan,Entire home/apt,30,180.0
Manhattan,Entire home/apt,30,251.0
Brooklyn,Entire home/apt,30,425.0
Manhattan,Entire home/apt,30,459.0
Queens,Private room,3,90.0
Brooklyn,Entire home/apt,30,466.0
Manhattan,Entire home/apt,30,965.0
Manhattan,Entire home/apt,30,371.0
Manhattan,Entire home/apt,30,424.0
Manhattan,Entire home/apt,30,544.0
Brooklyn,Entire home/apt,30,98.0
Manhattan,Private room,30,73.0
Manhattan,Private room,30,170.0
Manhattan,Entire home/apt,30,270.0
Manhattan,Entire home/apt,30,173.0
Brooklyn,Entire home/apt,60,130.0
Manhattan,Entire home/apt,30,445.0
Staten Island,Entire home/apt,30,120.0
Manhattan,Entire home/apt,30,250.0
Manhattan,Entire home/apt,30,150.0
Manhattan,Entire home/apt,30,183.0
Brooklyn,Entire home/apt,30,100.0
Manhattan,Entire home/apt,30,233.0
Manhattan,Entire home/apt,30,167.0
Manhattan,Entire home/apt,30,237.0
Manhattan,Entire home/apt,30,183.0
Manhattan,Entire home/apt,30,237.0
Manhattan,Private room,30,104.0
Manhattan,Entire home/apt,30,237.0
Manhattan,Entire home/apt,30,183.0
Brooklyn,Private room,1,146.0
Manhattan,Entire home/apt,30,166.0
Queens,Private room,30,79.0
Queens,Private room,30,70.0
Queens,Private room,30,92.0
Brooklyn,Private room,30,120.0
Brooklyn,Private room,30,165.0
Queens,Entire home/apt,2,180.0
Manhattan,Private room,1,166.0
Brooklyn,Entire home/apt,30,162.0
Queens,Private room,3,109.0
Queens,Entire home/apt,30,131.0
Queens,Private room,30,244.0
Queens,Entire home/apt,30,90.0
Brooklyn,Private room,30,56.0
Brooklyn,Entire home/apt,30,190.0
Queens,Private room,30,138.0
Brooklyn,Private room,30,161.0
Brooklyn,Private room,30,90.0
Manhattan,Entire home/apt,30,210.0
Brooklyn,Private room,30,67.0
Queens,Entire home/apt,30,110.0
Manhattan,Entire home/apt,30,170.0
Brooklyn,Private room,30,110.0
Brooklyn,Entire home/apt,30,632.0
Queens,Private room,2,139.0
Manhattan,Entire home/apt,30,467.0
Queens,Entire home/apt,2,168.0
Manhattan,Entire home/apt,1,201.0
Brooklyn,Private room,30,117.0
Brooklyn,Private room,31,126.0
Brooklyn,Entire home/apt,30,163.0
Brooklyn,Entire home/apt,30,114.0
Manhattan,Entire home/apt,30,175.0
Manhattan,Private room,30,99.0
Brooklyn,Entire home/apt,30,500.0
Brooklyn,Entire home/apt,31,408.0
Manhattan,Entire home/apt,31,449.0
Brooklyn,Entire home/apt,30,196.0
Brooklyn,Private room,30,160.0
Brooklyn,Entire home/apt,30,215.0
Manhattan,Entire home/apt,30,163.0
Manhattan,Entire home/apt,30,169.0
Manhattan,Entire home/apt,30,168.0
Manhattan,Entire home/apt,30,225.0
Manhattan,Entire home/apt,30,264.0
Manhattan,Entire home/apt,30,165.0
Manhattan,Entire home/apt,30,165.0
Manhattan,Entire home/apt,30,165.0
Manhattan,Entire home/apt,30,165.0
Brooklyn,Entire home/apt,30,116.0
Queens,Entire home/apt,30,232.0
Brooklyn,Private room,2,215.0
Brooklyn,Entire home/apt,5,337.0
Brooklyn,Entire home/apt,31,347.0
Queens,Private room,30,85.0
Queens,Private room,2,169.0
Brooklyn,Entire home/apt,30,399.0
Manhattan,Entire home/apt,31,396.0
Brooklyn,Entire home/apt,30,160.0
Brooklyn,Private room,30,77.0
Manhattan,Entire home/apt,5,190.0
Brooklyn,Private room,30,99.0
Staten Island,Entire home/apt,30,93.0
Manhattan,Entire home/apt,30,120.0
Manhattan,Entire home/apt,30,133.0
Manhattan,Entire home/apt,30,90.0
Manhattan,Entire home/apt,30,350.0
Brooklyn,Private room,30,196.0
Manhattan,Entire home/apt,30,120.0
Queens,Private room,30,89.0
Queens,Private room,30,89.0
Manhattan,Entire home/apt,31,448.0
Bronx,Entire home/apt,30,190.0
Bronx,Entire home/apt,1,116.0
Brooklyn,Entire home/apt,30,270.0
Manhattan,Entire home/apt,30,274.0
Queens,Private room,30,52.0
Queens,Entire home/apt,30,150.0
Brooklyn,Private room,30,86.0
Brooklyn,Entire home/apt,30,112.0
Queens,Entire home/apt,30,250.0
Brooklyn,Entire home/apt,30,545.0
Brooklyn,Entire home/apt,30,108.0
Queens,Private room,30,106.0
Bronx,Private room,30,80.0
Brooklyn,Entire home/apt,30,158.0
Brooklyn,Entire home/apt,30,250.0
Brooklyn,Entire home/apt,30,169.0
Manhattan,Entire home/apt,30,281.0
Brooklyn,Entire home/apt,30,224.0
Brooklyn,Entire home/apt,6,150.0
Brooklyn,Entire home/apt,30,266.0
Queens,Private room,30,57.0
Queens,Private room,30,55.0
Brooklyn,Entire home/apt,30,99.0
Queens,Private room,30,50.0
Manhattan,Private room,30,96.0
Queens,Entire home/apt,30,178.0
Manhattan,Entire home/apt,1,201.0
Brooklyn,Private room,30,56.0
Brooklyn,Entire home/apt,30,126.0
Brooklyn,Entire home/apt,30,120.0
Brooklyn,Entire home/apt,30,264.0
Queens,Entire home/apt,30,137.0
Manhattan,Private room,2,182.0
Queens,Entire home/apt,30,180.0
Brooklyn,Entire home/apt,30,195.0
Manhattan,Entire home/apt,30,173.0
Manhattan,Private room,1,191.0
Manhattan,Entire home/apt,30,500.0
Manhattan,Entire home/apt,30,680.0
Manhattan,Entire home/apt,30,229.0
Brooklyn,Entire home/apt,30,67.0
Queens,Private room,30,100.0
Manhattan,Private room,30,150.0
Manhattan,Entire home/apt,30,169.0
Manhattan,Entire home/apt,30,177.0
Manhattan,Entire home/apt,30,1000.0
Queens,Entire home/apt,30,180.0
Queens,Private room,1,125.0
Brooklyn,Entire home/apt,30,86.0
Brooklyn,Entire home/apt,30,110.0
Brooklyn,Entire home/apt,30,307.0
Brooklyn,Entire home/apt,30,474.0
Brooklyn,Entire home/apt,30,120.0
Bronx,Private room,30,70.0
Brooklyn,Private room,1,153.0
Queens,Entire home/apt,30,429.0
Brooklyn,Private room,30,221.0
Manhattan,Entire home/apt,30,102.0
Manhattan,Entire home/apt,30,184.0
Manhattan,Entire home/apt,30,200.0
Manhattan,Private room,30,172.0
Brooklyn,Private room,30,50.0
Manhattan,Entire home/apt,30,147.0
Manhattan,Entire home/apt,30,150.0
Manhattan,Entire home/apt,30,133.0
Manhattan,Entire home/apt,30,98.0
Manhattan,Entire home/apt,30,229.0
Manhattan,Entire home/apt,30,172.0
Manhattan,Entire home/apt,30,233.0
Manhattan,Entire home/apt,30,100.0
Manhattan,Entire home/apt,30,139.0
Manhattan,Entire home/apt,30,98.0
Manhattan,Entire home/apt,30,139.0
Queens,Entire home/apt,30,222.0
Manhattan,Entire home/apt,30,114.0
Queens,Entire home/apt,30,138.0
Manhattan,Entire home/apt,30,133.0
Manhattan,Entire home/apt,30,107.0
Manhattan,Entire home/apt,30,102.0
Manhattan,Entire home/apt,30,161.0
Manhattan,Private room,365,108.0
Queens,Entire home/apt,30,211.0
Queens,Entire home/apt,30,160.0
Manhattan,Entire home/apt,30,342.0
Brooklyn,Entire home/apt,30,255.0
Manhattan,Entire home/apt,30,237.0
Manhattan,Entire home/apt,30,158.0
Manhattan,Entire home/apt,30,133.0
Manhattan,Private room,30,212.0
Manhattan,Entire home/apt,30,133.0
Manhattan,Entire home/apt,30,111.0
Manhattan,Entire home/apt,30,117.0
Manhattan,Entire home/apt,30,273.0
Manhattan,Entire home/apt,30,114.0
Manhattan,Entire home/apt,30,90.0
Brooklyn,Entire home/apt,2,296.0
Manhattan,Entire home/apt,30,90.0
Manhattan,Entire home/apt,30,133.0
Manhattan,Entire home/apt,30,127.0
Manhattan,Entire home/apt,30,101.0
Manhattan,Entire home/apt,30,117.0
Manhattan,Entire home/apt,30,100.0
Manhattan,Entire home/apt,30,168.0
Queens,Entire home/apt,30,130.0
Manhattan,Entire home/apt,1,461.0
Queens,Private room,30,62.0
Brooklyn,Private room,30,91.0
Manhattan,Entire home/apt,30,596.0
Queens,Entire home/apt,1,176.0
Manhattan,Entire home/apt,30,155.0
Manhattan,Entire home/apt,30,125.0
Manhattan,Entire home/apt,30,205.0
Brooklyn,Private room,2,90.0
Manhattan,Private room,30,250.0
Manhattan,Private room,30,316.0
Manhattan,Entire home/apt,30,479.0
Bronx,Entire home/apt,30,120.0
Brooklyn,Entire home/apt,30,164.0
Staten Island,Entire home/apt,30,111.0
Brooklyn,Entire home/apt,30,179.0
Brooklyn,Private room,30,100.0
Queens,Entire home/apt,30,160.0
Manhattan,Private room,30,74.0
Queens,Entire home/apt,30,200.0
Queens,Private room,30,200.0
Manhattan,Private room,1,126.0
Queens,Private room,30,54.0
Brooklyn,Private room,31,125.0
Brooklyn,Private room,31,175.0
Manhattan,Entire home/apt,30,142.0
Brooklyn,Entire home/apt,30,171.0
Brooklyn,Private room,2,107.0
Brooklyn,Private room,2,81.0
Brooklyn,Entire home/apt,30,190.0
Bronx,Private room,2,92.0
Manhattan,Entire home/apt,30,272.0
Manhattan,Entire home/apt,30,165.0
Brooklyn,Entire home/apt,30,220.0
Manhattan,Entire home/apt,30,169.0
Manhattan,Entire home/apt,30,165.0
Bronx,Private room,30,55.0
Bronx,Private room,30,51.0
Manhattan,Entire home/apt,30,800.0
Manhattan,Entire home/apt,30,145.0
Bronx,Private room,2,128.0
Manhattan,Private room,1,461.0
Staten Island,Entire home/apt,30,115.0
Queens,Entire home/apt,30,270.0
Manhattan,Entire home/apt,30,167.0
Queens,Private room,30,80.0
Queens,Entire home/apt,30,75.0
Manhattan,Entire home/apt,30,133.0
Brooklyn,Private room,30,100.0
Manhattan,Entire home/apt,30,174.0
Brooklyn,Private room,30,50.0
Brooklyn,Entire home/apt,30,328.0
Queens,Private room,30,51.0
Manhattan,Entire home/apt,30,329.0
Manhattan,Private room,3,340.0
Brooklyn,Entire home/apt,3,144.0
Manhattan,Entire home/apt,30,162.0
Manhattan,Entire home/apt,30,162.0
Manhattan,Entire home/apt,30,169.0
Manhattan,Entire home/apt,30,162.0
Manhattan,Entire home/apt,30,110.0
Manhattan,Entire home/apt,30,206.0
Manhattan,Entire home/apt,30,186.0
Manhattan,Entire home/apt,30,99.0
Brooklyn,Private room,30,54.0
Manhattan,Entire home/apt,30,164.0
Manhattan,Entire home/apt,30,415.0
Manhattan,Private room,30,145.0
Manhattan,Private room,30,100.0
Manhattan,Entire home/apt,3,613.0
Manhattan,Entire home/apt,30,230.0
Staten Island,Private room,30,54.0
Manhattan,Entire home/apt,30,152.0
Brooklyn,Private room,2,60.0
Brooklyn,Entire home/apt,2,394.0
Queens,Entire home/apt,30,103.0
Brooklyn,Private room,30,52.0
Brooklyn,Entire home/apt,30,163.0
Manhattan,Entire home/apt,30,315.0
Manhattan,Entire home/apt,30,93.0
Brooklyn,Private room,30,90.0
Brooklyn,Private room,30,90.0
Queens,Entire home/apt,30,275.0
Brooklyn,Entire home/apt,30,166.0
Queens,Private room,30,80.0
Bronx,Entire home/apt,30,178.0
Bronx,Private room,30,190.0
Staten Island,Private room,2,90.0
Manhattan,Entire home/apt,120,240.0
Manhattan,Entire home/apt,120,180.0
Manhattan,Entire home/apt,120,140.0
Bronx,Private room,30,85.0
Queens,Entire home/apt,30,242.0
Manhattan,Private room,30,83.0
Queens,Private room,30,58.0
Brooklyn,Private room,30,56.0
Queens,Entire home/apt,30,124.0
Brooklyn,Entire home/apt,30,193.0
Brooklyn,Entire home/apt,30,940.0
Brooklyn,Private room,31,240.0
Manhattan,Private room,30,79.0
Manhattan,Entire home/apt,5,299.0
Brooklyn,Entire home/apt,30,390.0
Staten Island,Entire home/apt,30,99.0
Brooklyn,Entire home/apt,30,135.0
Manhattan,Private room,30,139.0
Brooklyn,Private room,30,100.0
Brooklyn,Entire home/apt,3,274.0
Brooklyn,Private room,30,62.0
Queens,Private room,1,93.0
Brooklyn,Private room,3,128.0
Manhattan,Private room,30,164.0
Bronx,Entire home/apt,30,170.0
Manhattan,Entire home/apt,30,183.0
Brooklyn,Entire home/apt,30,100.0
Brooklyn,Private room,30,139.0
Brooklyn,Entire home/apt,30,125.0
Brooklyn,Entire home/apt,2,250.0
Manhattan,Entire home/apt,30,178.0
Brooklyn,Entire home/apt,3,566.0
Manhattan,Entire home/apt,30,249.0
Manhattan,Entire home/apt,30,130.0
Queens,Private room,3,120.0
Brooklyn,Private room,1,103.0
Manhattan,Private room,30,129.0
Brooklyn,Private room,1,97.0
Brooklyn,Private room,30,110.0
Brooklyn,Private room,30,120.0
Bronx,Entire home/apt,30,119.0
Manhattan,Entire home/apt,30,130.0
Brooklyn,Private room,1,104.0
Brooklyn,Private room,30,70.0
Manhattan,Entire home/apt,30,79.0
Manhattan,Entire home/apt,90,150.0
Queens,Entire home/apt,30,314.0
Brooklyn,Entire home/apt,30,533.0
Brooklyn,Private room,30,162.0
Bronx,Private room,30,68.0
Brooklyn,Entire home/apt,30,450.0
Brooklyn,Entire home/apt,30,127.0
Brooklyn,Entire home/apt,30,95.0
Manhattan,Entire home/apt,30,192.0
Manhattan,Private room,30,122.0
Brooklyn,Private room,30,69.0
Queens,Entire home/apt,30,145.0
Queens,Entire home/apt,30,117.0
Queens,Entire home/apt,30,260.0
Brooklyn,Private room,30,80.0
Queens,Entire home/apt,30,117.0
Manhattan,Entire home/apt,30,550.0
Manhattan,Private room,1,402.0
Manhattan,Private room,1,434.0
Manhattan,Private room,1,533.0
Manhattan,Entire home/apt,1,569.0
Manhattan,Hotel room,1,432.0
Manhattan,Hotel room,1,346.0
Manhattan,Entire home/apt,1,366.0
Manhattan,Hotel room,1,346.0
Manhattan,Hotel room,1,432.0
Manhattan,Entire home/apt,1,321.0
Manhattan,Hotel room,1,432.0
Manhattan,Hotel room,1,432.0
Manhattan,Entire home/apt,1,339.0
Manhattan,Entire home/apt,3,360.0
Queens,Private room,30,112.0
Manhattan,Private room,30,230.0
Queens,Entire home/apt,30,175.0
Brooklyn,Private room,30,105.0
Manhattan,Entire home/apt,30,95.0
Queens,Private room,2,112.0
Queens,Private room,1,115.0
Brooklyn,Private room,30,90.0
Manhattan,Entire home/apt,30,127.0
Brooklyn,Private room,30,54.0
Manhattan,Entire home/apt,30,182.0
Manhattan,Entire home/apt,30,294.0
Manhattan,Private room,30,80.0
Brooklyn,Private room,30,212.0
Manhattan,Entire home/apt,30,325.0
Manhattan,Entire home/apt,30,150.0
Brooklyn,Entire home/apt,30,140.0
Manhattan,Private room,1,135.0
Manhattan,Hotel room,1,90.0
Manhattan,Hotel room,1,90.0
Manhattan,Hotel room,1,90.0
Manhattan,Private room,30,109.0
Manhattan,Entire home/apt,30,95.0
Brooklyn,Private room,30,95.0
Queens,Entire home/apt,90,100.0
Manhattan,Entire home/apt,1,215.0
Manhattan,Entire home/apt,30,130.0
Brooklyn,Entire home/apt,30,250.0
Brooklyn,Entire home/apt,30,196.0
Brooklyn,Entire home/apt,2,145.0
Brooklyn,Entire home/apt,30,124.0
Brooklyn,Private room,30,70.0
Brooklyn,Private room,30,90.0
Queens,Entire home/apt,30,94.0
Manhattan,Private room,30,250.0
Manhattan,Entire home/apt,31,416.0
Manhattan,Entire home/apt,100,170.0
Manhattan,Entire home/apt,30,67.0
Queens,Private room,30,53.0
Bronx,Private room,30,82.0
Manhattan,Entire home/apt,30,105.0
Brooklyn,Entire home/apt,30,475.0
Manhattan,Entire home/apt,1,261.0
Queens,Private room,30,113.0
Queens,Entire home/apt,30,449.0
Queens,Private room,30,179.0
Queens,Private room,30,113.0
Queens,Private room,30,67.0
Queens,Entire home/apt,1,211.0
Manhattan,Entire home/apt,30,136.0
Manhattan,Private room,1,179.0
Brooklyn,Private room,2,105.0
Brooklyn,Entire home/apt,30,65.0
Manhattan,Entire home/apt,30,682.0
Manhattan,Entire home/apt,30,737.0
Brooklyn,Entire home/apt,30,144.0
Brooklyn,Entire home/apt,30,119.0
Queens,Entire home/apt,30,129.0
Manhattan,Entire home/apt,31,369.0
Brooklyn,Entire home/apt,30,203.0
Manhattan,Hotel room,1,362.0
Manhattan,Hotel room,1,362.0
Manhattan,Hotel room,1,453.0
Manhattan,Hotel room,1,182.0
Manhattan,Hotel room,1,227.0
Manhattan,Hotel room,1,295.0
Manhattan,Hotel room,1,262.0
Manhattan,Hotel room,1,284.0
Manhattan,Hotel room,1,370.0
Manhattan,Hotel room,1,392.0
Manhattan,Hotel room,1,301.0
Manhattan,Hotel room,1,231.0
Manhattan,Hotel room,1,411.0
Manhattan,Entire home/apt,30,210.0
Brooklyn,Entire home/apt,30,75.0
Manhattan,Entire home/apt,30,193.0
Manhattan,Entire home/apt,30,328.0
Manhattan,Entire home/apt,31,369.0
Manhattan,Entire home/apt,30,192.0
Brooklyn,Private room,30,135.0
Manhattan,Entire home/apt,30,143.0
Queens,Private room,30,180.0
Queens,Entire home/apt,30,155.0
Brooklyn,Entire home/apt,30,101.0
Queens,Entire home/apt,30,67.0
Brooklyn,Private room,2,129.0
Queens,Private room,30,150.0
Manhattan,Entire home/apt,30,211.0
Brooklyn,Entire home/apt,30,125.0
Staten Island,Entire home/apt,30,350.0
Brooklyn,Entire home/apt,30,237.0
Staten Island,Private room,1,87.0
Queens,Private room,4,170.0
Brooklyn,Entire home/apt,30,275.0
Queens,Entire home/apt,30,70.0
Brooklyn,Private room,30,57.0
Brooklyn,Entire home/apt,30,103.0
Manhattan,Entire home/apt,30,100.0
Brooklyn,Private room,2,55.0
Brooklyn,Private room,1,95.0
Manhattan,Entire home/apt,30,795.0
Queens,Private room,30,89.0
Queens,Entire home/apt,30,180.0
Manhattan,Entire home/apt,1,783.0
Bronx,Private room,1,84.0
Brooklyn,Private room,3,150.0
Queens,Private room,30,63.0
Manhattan,Private room,30,64.0
Manhattan,Private room,30,64.0
Queens,Private room,30,53.0
Queens,Private room,30,56.0
Queens,Private room,30,51.0
Queens,Private room,30,51.0
Queens,Private room,30,108.0
Manhattan,Entire home/apt,30,130.0
Brooklyn,Private room,30,94.0
Brooklyn,Private room,30,62.0
Brooklyn,Private room,1,97.0
Bronx,Entire home/apt,30,775.0
Manhattan,Entire home/apt,30,249.0
Manhattan,Entire home/apt,30,268.0
Queens,Private room,30,59.0
Brooklyn,Private room,30,79.0
Manhattan,Private room,30,94.0
Queens,Private room,30,60.0
Manhattan,Entire home/apt,30,151.0
Bronx,Entire home/apt,30,135.0
Manhattan,Entire home/apt,30,166.0
Manhattan,Entire home/apt,31,316.0
Manhattan,Entire home/apt,31,654.0
Brooklyn,Entire home/apt,30,191.0
Brooklyn,Private room,90,54.0
Manhattan,Private room,1,195.0
Manhattan,Private room,1,151.0
Manhattan,Entire home/apt,1,182.0
Brooklyn,Entire home/apt,30,111.0
Manhattan,Private room,30,135.0
Manhattan,Private room,30,122.0
Manhattan,Entire home/apt,30,135.0
Manhattan,Entire home/apt,30,120.0
Queens,Private room,30,117.0
Manhattan,Entire home/apt,30,765.0
Brooklyn,Entire home/apt,4,228.0
Brooklyn,Private room,2,81.0
Manhattan,Private room,1,166.0
Bronx,Private room,30,225.0
Brooklyn,Entire home/apt,30,85.0
Manhattan,Private room,1,180.0
Manhattan,Private room,1,156.0
Bronx,Private room,30,67.0
Brooklyn,Private room,30,107.0
Brooklyn,Entire home/apt,30,255.0
Brooklyn,Private room,30,96.0
Manhattan,Private room,30,59.0
Brooklyn,Private room,30,84.0
Brooklyn,Private room,30,80.0
Brooklyn,Entire home/apt,30,200.0
Manhattan,Entire home/apt,30,212.0
Queens,Private room,30,113.0
Brooklyn,Private room,30,113.0
Bronx,Private room,30,110.0
Brooklyn,Private room,90,52.0
Bronx,Private room,30,224.0
Manhattan,Entire home/apt,30,147.0
Queens,Entire home/apt,30,309.0
Manhattan,Entire home/apt,30,434.0
Brooklyn,Private room,30,59.0
Manhattan,Entire home/apt,1,263.0
Manhattan,Entire home/apt,1,263.0
Manhattan,Entire home/apt,1,263.0
Brooklyn,Private room,3,212.0
Manhattan,Entire home/apt,30,244.0
Manhattan,Private room,30,53.0
Manhattan,Entire home/apt,31,298.0
Manhattan,Entire home/apt,1,263.0
Manhattan,Entire home/apt,90,330.0
Manhattan,Entire home/apt,3,115.0
Queens,Private room,30,68.0
Queens,Private room,30,59.0
Queens,Entire home/apt,30,115.0
Queens,Private room,30,59.0
Queens,Private room,30,57.0
Manhattan,Entire home/apt,4,600.0
Brooklyn,Private room,30,73.0
Queens,Entire home/apt,30,145.0
Brooklyn,Private room,30,160.0
Queens,Entire home/apt,30,127.0
Queens,Entire home/apt,30,134.0
Brooklyn,Entire home/apt,30,200.0
Manhattan,Entire home/apt,30,299.0
Manhattan,Entire home/apt,30,108.0
Queens,Entire home/apt,30,299.0
Queens,Entire home/apt,30,75.0
Manhattan,Entire home/apt,30,191.0
Brooklyn,Entire home/apt,30,148.0
Brooklyn,Private room,30,290.0
Queens,Private room,1,103.0
Manhattan,Entire home/apt,30,380.0
Manhattan,Private room,30,90.0
Brooklyn,Entire home/apt,30,183.0
Manhattan,Private room,1,480.0
Queens,Private room,30,81.0
Brooklyn,Entire home/apt,30,300.0
Queens,Private room,30,200.0
Manhattan,Private room,30,54.0
Brooklyn,Entire home/apt,30,165.0
Manhattan,Private room,1,480.0
Manhattan,Entire home/apt,30,162.0
Manhattan,Entire home/apt,31,286.0
Brooklyn,Private room,30,152.0
Bronx,Private room,30,125.0
Brooklyn,Entire home/apt,1,135.0
Manhattan,Entire home/apt,30,126.0
Brooklyn,Private room,1,163.0
Brooklyn,Entire home/apt,30,140.0
Manhattan,Entire home/apt,30,300.0
Queens,Entire home/apt,30,750.0
Manhattan,Private room,30,300.0
Queens,Private room,30,115.0
Queens,Private room,30,59.0
Queens,Entire home/apt,30,213.0
Brooklyn,Private room,30,80.0
Manhattan,Entire home/apt,30,124.0
Staten Island,Entire home/apt,30,175.0
Brooklyn,Private room,2,65.0
Manhattan,Entire home/apt,30,86.0
Manhattan,Entire home/apt,30,99.0
Brooklyn,Entire home/apt,30,150.0
Manhattan,Entire home/apt,2,235.0
Brooklyn,Entire home/apt,30,167.0
Queens,Entire home/apt,1,81.0
Brooklyn,Entire home/apt,1,240.0
Brooklyn,Private room,30,80.0
Brooklyn,Entire home/apt,30,157.0
Brooklyn,Entire home/apt,30,179.0
Manhattan,Entire home/apt,30,100.0
Manhattan,Private room,30,80.0
Brooklyn,Entire home/apt,3,177.0
Queens,Entire home/apt,30,189.0
Bronx,Private room,30,100.0
Brooklyn,Private room,30,75.0
Brooklyn,Private room,3,160.0
Brooklyn,Entire home/apt,30,94.0
Queens,Private room,30,79.0
Manhattan,Entire home/apt,30,225.0
Brooklyn,Private room,30,193.0
Staten Island,Private room,1,58.0
Brooklyn,Entire home/apt,30,131.0
Brooklyn,Private room,3,105.0
Brooklyn,Entire home/apt,30,210.0
Manhattan,Entire home/apt,30,110.0
Brooklyn,Entire home/apt,30,285.0
Manhattan,Entire home/apt,30,208.0
Brooklyn,Private room,30,59.0
Queens,Entire home/apt,30,475.0
Queens,Entire home/apt,30,100.0
Manhattan,Entire home/apt,31,407.0
Brooklyn,Private room,30,54.0
Brooklyn,Private room,30,54.0
Brooklyn,Private room,30,54.0
Queens,Private room,30,69.0
Manhattan,Private room,30,54.0
Manhattan,Entire home/apt,30,226.0
Manhattan,Entire home/apt,30,333.0
Manhattan,Entire home/apt,30,99.0
Manhattan,Private room,30,100.0
Brooklyn,Private room,30,87.0
Queens,Entire home/apt,30,200.0
Queens,Private room,3,162.0
Queens,Entire home/apt,30,300.0
Staten Island,Entire home/apt,30,94.0
Queens,Private room,30,285.0
Brooklyn,Entire home/apt,30,250.0
Manhattan,Entire home/apt,31,409.0
Manhattan,Entire home/apt,31,580.0
Brooklyn,Entire home/apt,30,94.0
Manhattan,Entire home/apt,30,495.0
Queens,Private room,30,285.0
Manhattan,Entire home/apt,30,150.0
Manhattan,Entire home/apt,30,142.0
Brooklyn,Entire home/apt,30,171.0
Queens,Private room,30,79.0
Manhattan,Entire home/apt,30,160.0
Manhattan,Private room,31,80.0
Queens,Entire home/apt,30,221.0
Brooklyn,Private room,5,240.0
Queens,Private room,30,90.0
Brooklyn,Private room,30,175.0
Manhattan,Entire home/apt,120,251.0
Queens,Private room,30,52.0
Brooklyn,Private room,4,188.0
Brooklyn,Private room,30,58.0
Queens,Private room,30,65.0
Brooklyn,Entire home/apt,30,176.0
Brooklyn,Entire home/apt,30,162.0
Brooklyn,Entire home/apt,30,212.0
Queens,Entire home/apt,30,258.0
Brooklyn,Entire home/apt,30,199.0
Brooklyn,Private room,3,108.0
Brooklyn,Entire home/apt,30,189.0
Brooklyn,Entire home/apt,30,174.0
Manhattan,Entire home/apt,30,224.0
Brooklyn,Entire home/apt,3,319.0
Manhattan,Entire home/apt,30,107.0
Manhattan,Entire home/apt,30,258.0
Manhattan,Entire home/apt,30,270.0
Brooklyn,Private room,2,173.0
Queens,Entire home/apt,2,245.0
Manhattan,Hotel room,1,198.0
Manhattan,Hotel room,1,410.0
Manhattan,Hotel room,1,666.0
Manhattan,Private room,30,53.0
Brooklyn,Private room,30,336.0
Brooklyn,Entire home/apt,30,127.0
Manhattan,Private room,1,58.0
Manhattan,Entire home/apt,30,171.0
Brooklyn,Private room,30,67.0
Brooklyn,Entire home/apt,30,145.0
Brooklyn,Entire home/apt,30,135.0
Manhattan,Entire home/apt,30,164.0
Brooklyn,Private room,30,53.0
Manhattan,Entire home/apt,1,220.0
Manhattan,Entire home/apt,31,350.0
Manhattan,Entire home/apt,31,308.0
Manhattan,Entire home/apt,30,300.0
Manhattan,Entire home/apt,30,135.0
Manhattan,Entire home/apt,30,220.0
Manhattan,Entire home/apt,30,319.0
Manhattan,Private room,1,126.0
Manhattan,Entire home/apt,30,275.0
Brooklyn,Entire home/apt,30,240.0
Manhattan,Private room,30,50.0
Brooklyn,Entire home/apt,2,151.0
Queens,Entire home/apt,2,373.0
Manhattan,Private room,1,121.0
Brooklyn,Entire home/apt,30,240.0
Manhattan,Entire home/apt,3,439.0
Brooklyn,Entire home/apt,30,140.0
Queens,Private room,30,50.0
Manhattan,Entire home/apt,30,110.0
Brooklyn,Entire home/apt,30,124.0
Brooklyn,Entire home/apt,30,72.0
Manhattan,Private room,1,112.0
Brooklyn,Entire home/apt,30,179.0
Manhattan,Hotel room,1,197.0
Manhattan,Hotel room,1,304.0
Manhattan,Entire home/apt,30,250.0
Manhattan,Entire home/apt,30,353.0
Brooklyn,Entire home/apt,30,436.0
Manhattan,Private room,1,184.0
Manhattan,Entire home/apt,30,207.0
Manhattan,Private room,30,175.0
Manhattan,Entire home/apt,30,99.0
Manhattan,Hotel room,1,394.0
Manhattan,Entire home/apt,1,821.0
Manhattan,Entire home/apt,1,821.0
Manhattan,Hotel room,1,442.0
Manhattan,Hotel room,1,445.0
Manhattan,Hotel room,1,394.0
Manhattan,Hotel room,1,394.0
Manhattan,Entire home/apt,1,821.0
Manhattan,Entire home/apt,31,305.0
Manhattan,Entire home/apt,31,305.0
Manhattan,Entire home/apt,31,317.0
Manhattan,Entire home/apt,31,307.0
Queens,Entire home/apt,30,51.0
Manhattan,Hotel room,1,177.0
Manhattan,Entire home/apt,30,155.0
Manhattan,Hotel room,1,221.0
Manhattan,Hotel room,1,197.0
Manhattan,Hotel room,1,345.0
Manhattan,Hotel room,1,263.0
Manhattan,Hotel room,1,549.0
Manhattan,Hotel room,1,448.0
Manhattan,Hotel room,1,156.0
Brooklyn,Private room,30,121.0
Manhattan,Entire home/apt,1,828.0
Manhattan,Entire home/apt,1,828.0
Manhattan,Entire home/apt,1,507.0
Manhattan,Entire home/apt,1,507.0
Manhattan,Hotel room,1,156.0
Manhattan,Hotel room,1,156.0
Manhattan,Entire home/apt,30,96.0
Manhattan,Hotel room,1,198.0
Brooklyn,Private room,30,85.0
Bronx,Private room,30,110.0
Brooklyn,Entire home/apt,30,125.0
Manhattan,Entire home/apt,31,343.0
Brooklyn,Private room,30,86.0
Bronx,Private room,30,50.0
Queens,Private room,3,220.0
Queens,Private room,1,69.0
Queens,Private room,1,75.0
Queens,Private room,1,98.0
Brooklyn,Entire home/apt,30,98.0
Brooklyn,Private room,30,171.0
Brooklyn,Entire home/apt,30,117.0
Queens,Entire home/apt,30,125.0
Manhattan,Private room,30,246.0
Manhattan,Entire home/apt,30,238.0
Queens,Entire home/apt,30,124.0
Queens,Entire home/apt,30,115.0
Manhattan,Entire home/apt,30,190.0
Manhattan,Entire home/apt,30,133.0
Brooklyn,Entire home/apt,30,200.0
Manhattan,Entire home/apt,30,142.0
Manhattan,Private room,30,100.0
Bronx,Entire home/apt,2,124.0
Bronx,Entire home/apt,2,144.0
Bronx,Entire home/apt,1,119.0
Bronx,Entire home/apt,1,123.0
Bronx,Entire home/apt,1,118.0
Brooklyn,Private room,30,69.0
Brooklyn,Entire home/apt,30,236.0
Manhattan,Private room,30,97.0
Brooklyn,Entire home/apt,30,112.0
Manhattan,Entire home/apt,30,92.0
Brooklyn,Entire home/apt,30,395.0
Manhattan,Entire home/apt,30,210.0
Queens,Private room,2,99.0
Manhattan,Entire home/apt,3,451.0
Queens,Entire home/apt,30,165.0
Queens,Entire home/apt,30,149.0
Manhattan,Private room,30,99.0
Brooklyn,Private room,30,150.0
Manhattan,Entire home/apt,30,167.0
Manhattan,Entire home/apt,30,238.0
Manhattan,Entire home/apt,30,228.0
Queens,Entire home/apt,30,153.0
Manhattan,Entire home/apt,30,238.0
Brooklyn,Entire home/apt,30,110.0
Manhattan,Private room,1,108.0
Manhattan,Private room,30,150.0
Brooklyn,Entire home/apt,30,128.0
Brooklyn,Entire home/apt,3,242.0
Manhattan,Private room,1,480.0
Brooklyn,Private room,30,60.0
Brooklyn,Private room,30,103.0
Brooklyn,Entire home/apt,30,600.0
Brooklyn,Private room,2,84.0
Brooklyn,Entire home/apt,30,280.0
Brooklyn,Private room,30,92.0
Manhattan,Entire home/apt,30,94.0
Manhattan,Entire home/apt,30,55.0
Brooklyn,Private room,1,158.0
Brooklyn,Entire home/apt,1,224.0
Brooklyn,Private room,30,57.0
Brooklyn,Private room,6,132.0
Brooklyn,Private room,30,63.0
Brooklyn,Private room,30,88.0
Brooklyn,Private room,30,75.0
Brooklyn,Private room,30,75.0
Brooklyn,Entire home/apt,30,399.0
Brooklyn,Private room,30,72.0
Queens,Private room,1,112.0
Manhattan,Entire home/apt,30,145.0
Manhattan,Entire home/apt,30,270.0
Brooklyn,Entire home/apt,30,320.0
Queens,Entire home/apt,30,140.0
Queens,Private room,30,50.0
Manhattan,Entire home/apt,30,200.0
Queens,Entire home/apt,30,105.0
Bronx,Private room,3,90.0
Brooklyn,Private room,3,124.0
Queens,Private room,30,75.0
Queens,Private room,30,105.0
Manhattan,Entire home/apt,30,232.0
Manhattan,Entire home/apt,30,213.0
Manhattan,Entire home/apt,30,155.0
Brooklyn,Entire home/apt,2,214.0
Bronx,Entire home/apt,30,75.0
Manhattan,Private room,30,228.0
Manhattan,Entire home/apt,30,228.0
Brooklyn,Entire home/apt,30,505.0
Brooklyn,Entire home/apt,30,109.0
Manhattan,Entire home/apt,30,351.0
Manhattan,Private room,30,200.0
Manhattan,Entire home/apt,30,192.0
Manhattan,Entire home/apt,30,125.0
Queens,Entire home/apt,30,250.0
Manhattan,Entire home/apt,31,380.0
Manhattan,Entire home/apt,31,453.0
Manhattan,Entire home/apt,31,349.0
Manhattan,Entire home/apt,31,287.0
Brooklyn,Private room,30,115.0
Manhattan,Entire home/apt,30,342.0
Manhattan,Entire home/apt,30,280.0
Manhattan,Private room,30,121.0
Manhattan,Hotel room,1,571.0
Brooklyn,Entire home/apt,30,225.0
Manhattan,Hotel room,1,404.0
Manhattan,Hotel room,1,250.0
Manhattan,Hotel room,1,312.0
Manhattan,Hotel room,1,530.0
Manhattan,Hotel room,1,530.0
Manhattan,Hotel room,1,668.0
Manhattan,Hotel room,1,790.0
Manhattan,Hotel room,1,790.0
Manhattan,Hotel room,1,374.0
Manhattan,Hotel room,1,468.0
Manhattan,Entire home/apt,30,124.0
Manhattan,Hotel room,1,592.0
Brooklyn,Private room,30,125.0
Manhattan,Private room,7,450.0
Brooklyn,Private room,30,115.0
Brooklyn,Entire home/apt,30,180.0
Manhattan,Entire home/apt,30,94.0
Brooklyn,Private room,30,68.0
Manhattan,Entire home/apt,30,250.0
Manhattan,Private room,30,127.0
Queens,Private room,1,99.0
Manhattan,Entire home/apt,30,225.0
Brooklyn,Entire home/apt,30,124.0
Queens,Entire home/apt,30,264.0
Manhattan,Entire home/apt,31,396.0
Manhattan,Entire home/apt,30,361.0
Queens,Private room,1,67.0
Manhattan,Entire home/apt,30,294.0
Brooklyn,Private room,30,81.0
Manhattan,Private room,30,88.0
Brooklyn,Private room,30,64.0
Manhattan,Private room,7,320.0
Manhattan,Private room,5,368.0
Brooklyn,Private room,3,234.0
Brooklyn,Entire home/apt,30,250.0
Manhattan,Private room,7,465.0
Manhattan,Private room,1,316.0
Manhattan,Private room,7,465.0
Queens,Private room,1,70.0
Brooklyn,Entire home/apt,30,320.0
Manhattan,Entire home/apt,2,425.0
Manhattan,Entire home/apt,1,399.0
Brooklyn,Private room,1,94.0
Brooklyn,Private room,3,137.0
Queens,Entire home/apt,30,181.0
Brooklyn,Entire home/apt,30,819.0
Queens,Private room,30,50.0
Manhattan,Entire home/apt,30,223.0
Manhattan,Entire home/apt,180,410.0
Manhattan,Private room,30,105.0
Manhattan,Entire home/apt,30,250.0
Manhattan,Entire home/apt,30,355.0
Brooklyn,Entire home/apt,30,433.0
Brooklyn,Entire home/apt,30,135.0
Queens,Private room,30,110.0
Manhattan,Entire home/apt,30,250.0
Manhattan,Entire home/apt,30,600.0
Manhattan,Hotel room,1,343.0
Manhattan,Hotel room,1,322.0
Manhattan,Hotel room,1,406.0
Bronx,Private room,30,90.0
Queens,Private room,1,140.0
Brooklyn,Entire home/apt,30,193.0
Queens,Private room,1,145.0
Manhattan,Entire home/apt,30,288.0
Queens,Private room,30,300.0
Bronx,Private room,30,96.0
Brooklyn,Private room,30,119.0
Brooklyn,Entire home/apt,30,393.0
Manhattan,Entire home/apt,31,381.0
Manhattan,Entire home/apt,31,381.0
Brooklyn,Entire home/apt,31,495.0
Brooklyn,Private room,30,800.0
Brooklyn,Entire home/apt,30,241.0
Manhattan,Entire home/apt,30,261.0
Manhattan,Entire home/apt,30,165.0
Brooklyn,Private room,30,84.0
Brooklyn,Entire home/apt,3,249.0
Queens,Entire home/apt,30,81.0
Brooklyn,Entire home/apt,30,298.0
Brooklyn,Private room,30,180.0
Brooklyn,Private room,3,150.0
Queens,Private room,30,120.0
Manhattan,Entire home/apt,30,130.0
Brooklyn,Private room,30,120.0
Brooklyn,Private room,1,116.0
Brooklyn,Entire home/apt,30,254.0
Brooklyn,Private room,30,65.0
Brooklyn,Entire home/apt,90,130.0
Brooklyn,Entire home/apt,2,272.0
Brooklyn,Private room,30,80.0
Brooklyn,Private room,30,80.0
Brooklyn,Private room,30,90.0
Brooklyn,Private room,30,90.0
Brooklyn,Private room,30,90.0
Queens,Private room,1,114.0
Brooklyn,Entire home/apt,30,65.0
Brooklyn,Private room,30,54.0
Brooklyn,Entire home/apt,1,216.0
Queens,Private room,4,99.0
Queens,Entire home/apt,30,91.0
Queens,Entire home/apt,30,210.0
Manhattan,Entire home/apt,30,175.0
Manhattan,Private room,30,83.0
Queens,Private room,30,111.0
Bronx,Private room,30,75.0
Queens,Entire home/apt,30,140.0
Queens,Entire home/apt,365,96.0
Manhattan,Entire home/apt,30,109.0
Staten Island,Entire home/apt,180,140.0
Bronx,Private room,30,62.0
Manhattan,Entire home/apt,30,330.0
Manhattan,Entire home/apt,30,124.0
Manhattan,Entire home/apt,30,192.0
Brooklyn,Private room,30,64.0
Manhattan,Entire home/apt,30,330.0
Bronx,Private room,30,62.0
Bronx,Private room,30,67.0
Brooklyn,Entire home/apt,31,378.0
Queens,Private room,30,65.0
Brooklyn,Entire home/apt,30,200.0
Brooklyn,Entire home/apt,30,278.0
Manhattan,Entire home/apt,30,220.0
Manhattan,Entire home/apt,30,201.0
Queens,Private room,1,67.0
Queens,Entire home/apt,30,303.0
Manhattan,Entire home/apt,30,241.0
Bronx,Entire home/apt,30,75.0
Manhattan,Entire home/apt,30,302.0
Brooklyn,Entire home/apt,30,167.0
Brooklyn,Shared room,30,180.0
Brooklyn,Entire home/apt,30,325.0
Manhattan,Entire home/apt,30,268.0
Bronx,Entire home/apt,30,75.0
Brooklyn,Private room,1,233.0
Queens,Entire home/apt,2,332.0
Queens,Entire home/apt,30,95.0
Bronx,Private room,30,89.0
Brooklyn,Private room,30,215.0
Brooklyn,Private room,30,159.0
Bronx,Private room,30,89.0
Queens,Entire home/apt,3,256.0
Manhattan,Private room,30,181.0
Manhattan,Entire home/apt,30,199.0
Manhattan,Entire home/apt,30,250.0
Manhattan,Hotel room,1,500.0
Manhattan,Hotel room,1,445.0
Bronx,Entire home/apt,30,97.0
Brooklyn,Entire home/apt,30,230.0
Queens,Entire home/apt,3,95.0
Manhattan,Private room,30,228.0
Manhattan,Entire home/apt,30,350.0
Bronx,Private room,30,65.0
Manhattan,Private room,30,150.0
Brooklyn,Entire home/apt,30,700.0
Brooklyn,Private room,30,125.0
Manhattan,Entire home/apt,5,150.0
Brooklyn,Private room,1,122.0
Manhattan,Entire home/apt,31,326.0
Manhattan,Entire home/apt,31,330.0
Queens,Private room,1,67.0
Manhattan,Entire home/apt,30,385.0
Brooklyn,Entire home/apt,3,320.0
Bronx,Private room,30,113.0
Manhattan,Entire home/apt,30,242.0
Manhattan,Entire home/apt,30,201.0
Manhattan,Entire home/apt,30,197.0
Brooklyn,Entire home/apt,30,229.0
Queens,Entire home/apt,30,107.0
Staten Island,Entire home/apt,30,162.0
Manhattan,Private room,30,199.0
Manhattan,Entire home/apt,31,396.0
Manhattan,Entire home/apt,31,505.0
Queens,Entire home/apt,30,150.0
Manhattan,Private room,1,174.0
Queens,Entire home/apt,30,144.0
Staten Island,Entire home/apt,30,104.0
Brooklyn,Entire home/apt,30,500.0
Queens,Private room,1,85.0
Queens,Entire home/apt,30,337.0
Manhattan,Entire home/apt,2,675.0
Brooklyn,Entire home/apt,30,140.0
Brooklyn,Entire home/apt,30,270.0
Bronx,Private room,30,120.0
Brooklyn,Private room,30,65.0
Manhattan,Entire home/apt,30,110.0
Manhattan,Hotel room,1,299.0
Brooklyn,Private room,30,55.0
Manhattan,Private room,1,167.0
Queens,Private room,2,164.0
Brooklyn,Private room,1,147.0
Manhattan,Entire home/apt,31,290.0
Manhattan,Entire home/apt,31,646.0
Manhattan,Entire home/apt,31,422.0
Manhattan,Entire home/apt,60,271.0
Brooklyn,Private room,2,181.0
Manhattan,Entire home/apt,30,240.0
Manhattan,Private room,30,67.0
Manhattan,Entire home/apt,30,201.0
Queens,Entire home/apt,30,120.0
Queens,Entire home/apt,30,238.0
Manhattan,Entire home/apt,31,266.0
Brooklyn,Private room,30,65.0
Brooklyn,Entire home/apt,120,151.0
Brooklyn,Entire home/apt,30,200.0
Brooklyn,Entire home/apt,30,219.0
Queens,Private room,30,181.0
Queens,Entire home/apt,30,130.0
Manhattan,Entire home/apt,30,86.0
Brooklyn,Entire home/apt,2,252.0
Brooklyn,Entire home/apt,30,220.0
Queens,Private room,30,54.0
Manhattan,Private room,5,79.0
Manhattan,Entire home/apt,30,250.0
Brooklyn,Entire home/apt,30,310.0
Queens,Private room,30,121.0
Brooklyn,Private room,30,162.0
Brooklyn,Entire home/apt,30,510.0
Brooklyn,Entire home/apt,30,360.0
Brooklyn,Entire home/apt,30,109.0
Queens,Private room,30,109.0
Brooklyn,Private room,30,122.0
Queens,Entire home/apt,30,70.0
Queens,Entire home/apt,30,207.0
Brooklyn,Entire home/apt,30,348.0
Brooklyn,Private room,30,200.0
Brooklyn,Entire home/apt,60,320.0
Bronx,Private room,30,110.0
Manhattan,Private room,30,85.0
Queens,Private room,30,60.0
Queens,Private room,30,61.0
Queens,Private room,30,59.0
Queens,Private room,30,51.0
Queens,Private room,30,51.0
Queens,Private room,30,53.0
Queens,Private room,30,53.0
Manhattan,Entire home/apt,31,572.0
Manhattan,Entire home/apt,30,104.0
Bronx,Entire home/apt,30,170.0
Manhattan,Private room,30,243.0
Brooklyn,Private room,30,50.0
Brooklyn,Private room,30,62.0
Brooklyn,Entire home/apt,5,253.0
Brooklyn,Entire home/apt,30,683.0
Brooklyn,Private room,30,89.0
Brooklyn,Entire home/apt,30,167.0
Brooklyn,Entire home/apt,30,198.0
Manhattan,Entire home/apt,30,250.0
Brooklyn,Private room,2,129.0
Brooklyn,Entire home/apt,2,707.0
Bronx,Entire home/apt,120,72.0
Manhattan,Private room,30,122.0
Brooklyn,Private room,1,100.0
Brooklyn,Private room,30,240.0
Queens,Entire home/apt,30,179.0
Queens,Private room,30,60.0
Queens,Entire home/apt,30,152.0
Brooklyn,Private room,30,125.0
Queens,Private room,30,50.0
Queens,Entire home/apt,30,225.0
Bronx,Entire home/apt,30,100.0
Manhattan,Entire home/apt,30,525.0
Queens,Private room,30,170.0
Manhattan,Entire home/apt,30,115.0
Staten Island,Entire home/apt,30,70.0
Brooklyn,Entire home/apt,30,150.0
Queens,Entire home/apt,30,119.0
Manhattan,Private room,30,170.0
Manhattan,Entire home/apt,30,301.0
Manhattan,Entire home/apt,4,400.0
Manhattan,Entire home/apt,31,499.0
Manhattan,Entire home/apt,30,85.0
Brooklyn,Entire home/apt,30,500.0
Brooklyn,Entire home/apt,30,160.0
Bronx,Private room,30,70.0
Manhattan,Private room,1,178.0
Manhattan,Private room,1,162.0
Brooklyn,Entire home/apt,30,179.0
Manhattan,Private room,1,180.0
Manhattan,Entire home/apt,30,808.0
Queens,Private room,30,61.0
Queens,Private room,30,61.0
Manhattan,Hotel room,1,685.0
Manhattan,Hotel room,1,524.0
Bronx,Entire home/apt,85,93.0
Manhattan,Entire home/apt,30,231.0
Queens,Entire home/apt,30,207.0
Manhattan,Entire home/apt,30,216.0
Manhattan,Entire home/apt,30,380.0
Manhattan,Entire home/apt,30,135.0
Manhattan,Entire home/apt,30,205.0
Manhattan,Entire home/apt,30,408.0
Manhattan,Entire home/apt,30,360.0
Brooklyn,Entire home/apt,30,103.0
Manhattan,Entire home/apt,30,456.0
Manhattan,Entire home/apt,30,302.0
Manhattan,Entire home/apt,30,95.0
Queens,Entire home/apt,30,120.0
Brooklyn,Entire home/apt,30,145.0
Brooklyn,Entire home/apt,150,56.0
Bronx,Entire home/apt,30,149.0
Manhattan,Entire home/apt,31,339.0
Staten Island,Entire home/apt,30,270.0
Manhattan,Entire home/apt,30,76.0
Brooklyn,Private room,3,118.0
Queens,Private room,1,88.0
Manhattan,Entire home/apt,30,500.0
Brooklyn,Entire home/apt,30,150.0
Brooklyn,Entire home/apt,30,189.0
Queens,Private room,30,110.0
Brooklyn,Private room,2,160.0
Queens,Private room,30,104.0
Brooklyn,Private room,30,186.0
Manhattan,Entire home/apt,30,205.0
Brooklyn,Entire home/apt,30,221.0
Queens,Entire home/apt,30,108.0
Staten Island,Private room,2,122.0
Manhattan,Private room,30,130.0
Queens,Entire home/apt,30,141.0
Queens,Entire home/apt,30,200.0
Manhattan,Entire home/apt,1,97.0
Brooklyn,Private room,30,70.0
Queens,Private room,30,74.0
Brooklyn,Entire home/apt,30,124.0
Queens,Entire home/apt,30,235.0
Manhattan,Entire home/apt,30,160.0
Brooklyn,Entire home/apt,30,200.0
Manhattan,Private room,3,139.0
Manhattan,Entire home/apt,30,344.0
Brooklyn,Private room,30,158.0
Manhattan,Entire home/apt,1,176.0
Queens,Private room,30,106.0
Brooklyn,Entire home/apt,2,216.0
Manhattan,Entire home/apt,30,287.0
Manhattan,Entire home/apt,30,251.0
Manhattan,Entire home/apt,30,222.0
Manhattan,Entire home/apt,30,540.0
Brooklyn,Private room,30,75.0
Bronx,Private room,30,65.0
Manhattan,Private room,5,158.0
Manhattan,Private room,30,991.0
Brooklyn,Entire home/apt,30,314.0
Manhattan,Private room,30,77.0
Queens,Entire home/apt,1,118.0
Brooklyn,Entire home/apt,30,158.0
Manhattan,Entire home/apt,30,241.0
Bronx,Entire home/apt,30,90.0
Brooklyn,Entire home/apt,30,292.0
Brooklyn,Entire home/apt,30,167.0
Queens,Private room,30,66.0
Brooklyn,Entire home/apt,30,140.0
Queens,Private room,30,51.0
Queens,Private room,30,57.0
Queens,Private room,30,64.0
Queens,Private room,30,53.0
Manhattan,Entire home/apt,30,219.0
Queens,Entire home/apt,30,180.0
Manhattan,Entire home/apt,30,298.0
Bronx,Private room,30,81.0
Queens,Private room,30,70.0
Manhattan,Private room,30,154.0
Queens,Private room,30,211.0
Brooklyn,Entire home/apt,30,200.0
Queens,Private room,3,225.0
Brooklyn,Entire home/apt,30,370.0
Brooklyn,Private room,30,90.0
Brooklyn,Private room,30,51.0
Brooklyn,Private room,30,88.0
Brooklyn,Entire home/apt,30,175.0
Manhattan,Entire home/apt,30,98.0
Manhattan,Private room,30,121.0
Manhattan,Entire home/apt,30,130.0
Bronx,Private room,30,120.0
Brooklyn,Entire home/apt,30,269.0
Brooklyn,Entire home/apt,30,994.0
Brooklyn,Private room,30,93.0
Brooklyn,Private room,30,220.0
Brooklyn,Entire home/apt,32,122.0
Brooklyn,Private room,3,182.0
Brooklyn,Private room,2,266.0
Brooklyn,Private room,30,56.0
Manhattan,Entire home/apt,30,93.0
Brooklyn,Entire home/apt,30,277.0
Manhattan,Private room,30,80.0
Brooklyn,Entire home/apt,30,107.0
Staten Island,Private room,60,195.0
Brooklyn,Entire home/apt,30,126.0
Manhattan,Entire home/apt,1,136.0
Bronx,Private room,2,89.0
Bronx,Entire home/apt,2,164.0
Brooklyn,Entire home/apt,30,214.0
Brooklyn,Entire home/apt,30,450.0
Brooklyn,Private room,30,54.0
Brooklyn,Entire home/apt,4,205.0
Manhattan,Entire home/apt,30,205.0
Manhattan,Entire home/apt,30,134.0
Queens,Entire home/apt,30,150.0
Bronx,Private room,30,100.0
Queens,Entire home/apt,30,150.0
Brooklyn,Entire home/apt,30,350.0
Manhattan,Entire home/apt,30,97.0
Queens,Entire home/apt,30,124.0
Manhattan,Entire home/apt,30,179.0
Manhattan,Entire home/apt,30,180.0
Queens,Entire home/apt,30,91.0
Manhattan,Entire home/apt,30,108.0
Brooklyn,Private room,30,111.0
Manhattan,Private room,30,100.0
Brooklyn,Entire home/apt,30,150.0
Staten Island,Private room,1,101.0
Manhattan,Private room,30,176.0
Brooklyn,Private room,30,85.0
Brooklyn,Entire home/apt,2,250.0
Brooklyn,Entire home/apt,30,113.0
Brooklyn,Entire home/apt,30,95.0
Manhattan,Entire home/apt,31,369.0
Manhattan,Entire home/apt,30,110.0
Brooklyn,Entire home/apt,30,200.0
Brooklyn,Entire home/apt,2,222.0
Manhattan,Entire home/apt,30,150.0
Queens,Entire home/apt,30,394.0
Manhattan,Entire home/apt,30,229.0
Brooklyn,Entire home/apt,30,112.0
Brooklyn,Entire home/apt,30,92.0
Manhattan,Entire home/apt,30,75.0
Brooklyn,Private room,30,110.0
Manhattan,Entire home/apt,31,381.0
Manhattan,Entire home/apt,31,586.0
Manhattan,Entire home/apt,31,301.0
Brooklyn,Private room,30,138.0
Queens,Private room,5,93.0
Manhattan,Entire home/apt,30,311.0
Brooklyn,Entire home/apt,30,120.0
Manhattan,Entire home/apt,30,189.0
Manhattan,Entire home/apt,30,475.0
Manhattan,Entire home/apt,30,90.0
Queens,Private room,30,68.0
Manhattan,Entire home/apt,30,94.0
Manhattan,Entire home/apt,30,342.0
Manhattan,Entire home/apt,30,259.0
Manhattan,Entire home/apt,30,151.0
Manhattan,Entire home/apt,30,400.0
Queens,Entire home/apt,30,150.0
Manhattan,Entire home/apt,31,353.0
Manhattan,Entire home/apt,31,355.0
Bronx,Private room,30,80.0
Manhattan,Entire home/apt,30,115.0
Queens,Private room,30,55.0
Manhattan,Entire home/apt,30,260.0
Manhattan,Private room,1,133.0
Manhattan,Entire home/apt,30,158.0
Queens,Private room,2,90.0
Manhattan,Entire home/apt,30,300.0
Manhattan,Private room,30,53.0
Queens,Entire home/apt,30,203.0
Queens,Private room,30,113.0
Manhattan,Private room,30,100.0
Brooklyn,Entire home/apt,30,100.0
Manhattan,Private room,3,145.0
Bronx,Private room,30,100.0
Queens,Entire home/apt,30,105.0
Brooklyn,Entire home/apt,30,125.0
Brooklyn,Private room,30,66.0
Manhattan,Entire home/apt,30,999.0
Manhattan,Entire home/apt,30,269.0
Manhattan,Entire home/apt,30,120.0
Manhattan,Entire home/apt,3,363.0
Queens,Entire home/apt,30,125.0
Manhattan,Entire home/apt,30,823.0
Manhattan,Entire home/apt,30,187.0
Manhattan,Entire home/apt,30,277.0
Brooklyn,Entire home/apt,30,302.0
Manhattan,Private room,30,155.0
Brooklyn,Private room,3,131.0
Brooklyn,Entire home/apt,30,162.0
Manhattan,Private room,30,60.0
Queens,Entire home/apt,3,182.0
Manhattan,Entire home/apt,30,857.0
Brooklyn,Private room,30,55.0
Queens,Private room,1,100.0
Manhattan,Entire home/apt,30,1000.0
Manhattan,Entire home/apt,30,190.0
Brooklyn,Private room,30,200.0
Manhattan,Entire home/apt,30,161.0
Brooklyn,Entire home/apt,2,161.0
Manhattan,Private room,30,69.0
Manhattan,Private room,30,90.0
Bronx,Private room,30,175.0
Brooklyn,Entire home/apt,30,78.0
Bronx,Entire home/apt,30,100.0
Brooklyn,Entire home/apt,30,73.0
Queens,Private room,30,109.0
Brooklyn,Entire home/apt,30,288.0
Brooklyn,Private room,3,85.0
Manhattan,Entire home/apt,30,120.0
Bronx,Private room,2,94.0
Queens,Entire home/apt,1,185.0
Brooklyn,Private room,30,95.0
Brooklyn,Private room,30,135.0
Brooklyn,Entire home/apt,30,300.0
Queens,Private room,30,315.0
Queens,Shared room,30,106.0
Brooklyn,Private room,30,55.0
Queens,Private room,1,85.0
Brooklyn,Entire home/apt,30,265.0
Queens,Entire home/apt,30,172.0
Brooklyn,Entire home/apt,30,321.0
Queens,Private room,2,143.0
Manhattan,Entire home/apt,31,376.0
Queens,Entire home/apt,30,190.0
Queens,Entire home/apt,30,341.0
Manhattan,Hotel room,1,473.0
Manhattan,Hotel room,1,402.0
Manhattan,Hotel room,1,469.0
Brooklyn,Private room,30,218.0
Manhattan,Hotel room,1,938.0
Queens,Private room,30,227.0
Brooklyn,Entire home/apt,30,122.0
Manhattan,Hotel room,1,799.0
Manhattan,Hotel room,1,799.0
Manhattan,Hotel room,1,799.0
Manhattan,Hotel room,1,799.0
Brooklyn,Private room,1,100.0
Manhattan,Hotel room,1,799.0
Manhattan,Hotel room,1,799.0
Manhattan,Hotel room,1,799.0
Manhattan,Hotel room,1,799.0
Manhattan,Hotel room,1,799.0
Manhattan,Hotel room,1,799.0
Manhattan,Hotel room,1,799.0
Manhattan,Hotel room,1,799.0
Manhattan,Hotel room,1,799.0
Manhattan,Hotel room,1,799.0
Manhattan,Hotel room,1,799.0
Manhattan,Hotel room,1,799.0
Manhattan,Hotel room,1,799.0
Manhattan,Hotel room,1,799.0
Queens,Entire home/apt,30,148.0
Manhattan,Private room,30,60.0
Brooklyn,Private room,30,356.0
Manhattan,Entire home/apt,30,400.0
Brooklyn,Private room,30,60.0
Queens,Entire home/apt,30,68.0
Bronx,Private room,31,67.0
Brooklyn,Private room,30,95.0
Manhattan,Entire home/apt,30,166.0
Brooklyn,Entire home/apt,30,230.0
Manhattan,Private room,30,150.0
Brooklyn,Private room,30,146.0
Brooklyn,Entire home/apt,30,169.0
Brooklyn,Entire home/apt,30,130.0
Manhattan,Private room,30,157.0
Manhattan,Entire home/apt,30,257.0
Manhattan,Entire home/apt,30,149.0
Manhattan,Entire home/apt,30,318.0
Queens,Private room,729,68.0
Brooklyn,Entire home/apt,30,159.0
Brooklyn,Entire home/apt,30,195.0
Brooklyn,Shared room,3,89.0
Manhattan,Private room,30,50.0
Brooklyn,Entire home/apt,30,116.0
Staten Island,Entire home/apt,30,109.0
Queens,Entire home/apt,30,128.0
Queens,Entire home/apt,30,130.0
Manhattan,Entire home/apt,30,103.0
Manhattan,Entire home/apt,30,142.0
Queens,Entire home/apt,30,83.0
Queens,Private room,1,100.0
Manhattan,Entire home/apt,30,403.0
Manhattan,Entire home/apt,30,398.0
Manhattan,Entire home/apt,30,346.0
Manhattan,Entire home/apt,30,238.0
Brooklyn,Private room,2,121.0
Manhattan,Entire home/apt,30,196.0
Manhattan,Entire home/apt,30,379.0
Manhattan,Entire home/apt,30,191.0
Manhattan,Entire home/apt,30,181.0
Manhattan,Entire home/apt,30,251.0
Manhattan,Entire home/apt,30,183.0
Manhattan,Entire home/apt,30,193.0
Manhattan,Entire home/apt,30,200.0
Brooklyn,Private room,30,106.0
Brooklyn,Entire home/apt,30,178.0
Brooklyn,Private room,30,67.0
Queens,Private room,3,234.0
Brooklyn,Entire home/apt,30,320.0
Manhattan,Entire home/apt,30,125.0
Brooklyn,Entire home/apt,1,238.0
Manhattan,Private room,1,605.0
Manhattan,Private room,1,105.0
Manhattan,Private room,1,277.0
Manhattan,Private room,1,354.0
Manhattan,Private room,1,520.0
Manhattan,Private room,1,597.0
Manhattan,Private room,1,935.0
Staten Island,Entire home/apt,30,100.0
Queens,Private room,7,85.0
Queens,Entire home/apt,30,60.0
Brooklyn,Entire home/apt,30,118.0
Manhattan,Private room,30,100.0
Queens,Private room,729,77.0
Queens,Private room,729,77.0
Queens,Private room,729,77.0
Manhattan,Entire home/apt,31,355.0
Manhattan,Entire home/apt,31,366.0
Manhattan,Entire home/apt,30,413.0
Brooklyn,Private room,30,150.0
Brooklyn,Private room,30,150.0
Manhattan,Entire home/apt,30,223.0
Brooklyn,Private room,30,135.0
Manhattan,Entire home/apt,30,175.0
Manhattan,Private room,1,171.0
Staten Island,Entire home/apt,365,90.0
Bronx,Entire home/apt,30,90.0
Manhattan,Entire home/apt,30,218.0
Manhattan,Entire home/apt,31,635.0
Manhattan,Entire home/apt,31,416.0
Manhattan,Entire home/apt,30,366.0
Manhattan,Entire home/apt,30,182.0
Brooklyn,Private room,30,150.0
Queens,Private room,30,75.0
Manhattan,Private room,1,406.0
Staten Island,Private room,30,100.0
Brooklyn,Entire home/apt,30,206.0
Brooklyn,Entire home/apt,30,162.0
Manhattan,Entire home/apt,30,695.0
Queens,Entire home/apt,2,256.0
Staten Island,Entire home/apt,30,116.0
Bronx,Entire home/apt,30,98.0
Manhattan,Entire home/apt,30,810.0
Queens,Entire home/apt,30,154.0
Bronx,Entire home/apt,30,55.0
Manhattan,Entire home/apt,30,200.0
Brooklyn,Entire home/apt,180,170.0
Brooklyn,Entire home/apt,30,204.0
Manhattan,Entire home/apt,30,110.0
Queens,Entire home/apt,2,262.0
Brooklyn,Private room,30,83.0
Brooklyn,Private room,30,60.0
Manhattan,Entire home/apt,30,187.0
Manhattan,Entire home/apt,30,191.0
Staten Island,Private room,30,60.0
Manhattan,Entire home/apt,30,171.0
Manhattan,Entire home/apt,30,212.0
Brooklyn,Entire home/apt,1,203.0
Staten Island,Entire home/apt,30,150.0
Manhattan,Entire home/apt,30,599.0
Brooklyn,Private room,30,150.0
Queens,Private room,729,77.0
Queens,Private room,729,77.0
Manhattan,Entire home/apt,1,992.0
Manhattan,Entire home/apt,30,96.0
Manhattan,Entire home/apt,30,82.0
Manhattan,Entire home/apt,30,264.0
Brooklyn,Private room,30,67.0
Bronx,Private room,2,67.0
Manhattan,Entire home/apt,30,129.0
Brooklyn,Entire home/apt,30,160.0
Bronx,Private room,2,62.0
Queens,Private room,1,97.0
Manhattan,Entire home/apt,30,180.0
Brooklyn,Entire home/apt,30,78.0
Queens,Entire home/apt,30,116.0
Queens,Private room,30,56.0
Brooklyn,Entire home/apt,180,320.0
Queens,Private room,2,230.0
Staten Island,Entire home/apt,2,181.0
Manhattan,Entire home/apt,30,103.0
Manhattan,Entire home/apt,30,258.0
Manhattan,Entire home/apt,30,170.0
Brooklyn,Private room,30,95.0
Brooklyn,Entire home/apt,30,446.0
Brooklyn,Private room,30,72.0
Brooklyn,Private room,30,60.0
Manhattan,Entire home/apt,120,190.0
Brooklyn,Private room,30,70.0
Queens,Entire home/apt,30,92.0
Brooklyn,Entire home/apt,3,209.0
Bronx,Private room,5,125.0
Bronx,Private room,30,50.0
Brooklyn,Private room,1,189.0
Bronx,Private room,2,119.0
Manhattan,Entire home/apt,31,278.0
Manhattan,Entire home/apt,31,351.0
Queens,Entire home/apt,30,92.0
Staten Island,Entire home/apt,30,200.0
Manhattan,Private room,30,125.0
Bronx,Entire home/apt,1,129.0
Manhattan,Entire home/apt,30,63.0
Bronx,Private room,30,55.0
Manhattan,Private room,30,135.0
Manhattan,Private room,30,200.0
Brooklyn,Entire home/apt,5,188.0
Brooklyn,Entire home/apt,30,180.0
Brooklyn,Entire home/apt,1,269.0
Bronx,Entire home/apt,90,112.0
Manhattan,Entire home/apt,30,145.0
Brooklyn,Private room,3,87.0
Brooklyn,Entire home/apt,1,101.0
Brooklyn,Private room,30,68.0
Manhattan,Entire home/apt,31,347.0
Manhattan,Entire home/apt,31,355.0
Manhattan,Hotel room,1,277.0
Manhattan,Entire home/apt,1,191.0
Queens,Private room,30,77.0
Manhattan,Entire home/apt,1,224.0
Brooklyn,Private room,3,156.0
Manhattan,Private room,30,165.0
Manhattan,Private room,30,192.0
Manhattan,Hotel room,1,283.0
Manhattan,Hotel room,1,490.0
Manhattan,Hotel room,1,926.0
Manhattan,Entire home/apt,30,200.0
Manhattan,Entire home/apt,30,239.0
Brooklyn,Entire home/apt,30,275.0
Queens,Private room,30,699.0
Manhattan,Entire home/apt,2,160.0
Manhattan,Private room,30,55.0
Manhattan,Entire home/apt,3,488.0
Brooklyn,Entire home/apt,30,350.0
Brooklyn,Entire home/apt,30,287.0
Brooklyn,Entire home/apt,30,99.0
Brooklyn,Private room,30,147.0
Manhattan,Hotel room,1,980.0
Manhattan,Private room,3,279.0
Brooklyn,Entire home/apt,30,141.0
Manhattan,Entire home/apt,30,425.0
Queens,Entire home/apt,30,245.0
Manhattan,Entire home/apt,30,223.0
Manhattan,Entire home/apt,30,180.0
Manhattan,Entire home/apt,30,192.0
Manhattan,Entire home/apt,30,270.0
Manhattan,Entire home/apt,1,104.0
Queens,Private room,1,131.0
Manhattan,Entire home/apt,90,70.0
Brooklyn,Private room,30,285.0
Brooklyn,Entire home/apt,30,430.0
Brooklyn,Private room,30,69.0
Manhattan,Entire home/apt,1,201.0
Manhattan,Hotel room,1,799.0
Manhattan,Hotel room,1,799.0
Manhattan,Hotel room,1,799.0
Bronx,Private room,30,58.0
Brooklyn,Private room,30,83.0
Brooklyn,Entire home/apt,30,179.0
Brooklyn,Private room,30,70.0
Manhattan,Entire home/apt,30,95.0
Manhattan,Entire home/apt,8,375.0
Brooklyn,Entire home/apt,30,173.0
Staten Island,Entire home/apt,2,268.0
Manhattan,Entire home/apt,30,86.0
Bronx,Private room,30,98.0
Manhattan,Entire home/apt,30,114.0
Queens,Private room,30,90.0
Queens,Private room,30,108.0
Manhattan,Private room,30,63.0
Manhattan,Entire home/apt,30,114.0
Brooklyn,Private room,30,60.0
Manhattan,Private room,30,53.0
Queens,Entire home/apt,30,78.0
Manhattan,Entire home/apt,31,500.0
Brooklyn,Private room,30,150.0
Brooklyn,Private room,30,65.0
Brooklyn,Entire home/apt,3,270.0
Brooklyn,Entire home/apt,30,165.0
Queens,Private room,1,76.0
Manhattan,Entire home/apt,2,252.0
Brooklyn,Entire home/apt,30,197.0
Queens,Entire home/apt,30,350.0
Staten Island,Private room,30,67.0
Bronx,Private room,30,88.0
Queens,Entire home/apt,30,65.0
Brooklyn,Entire home/apt,2,266.0
Queens,Entire home/apt,30,99.0
Queens,Entire home/apt,30,160.0
Manhattan,Entire home/apt,3,151.0
Manhattan,Entire home/apt,30,257.0
Queens,Private room,30,95.0
Brooklyn,Private room,30,55.0
Manhattan,Entire home/apt,30,173.0
Manhattan,Entire home/apt,30,634.0
Manhattan,Entire home/apt,30,53.0
Brooklyn,Hotel room,1,344.0
Brooklyn,Hotel room,1,324.0
Manhattan,Entire home/apt,30,130.0
Brooklyn,Entire home/apt,30,260.0
Manhattan,Entire home/apt,30,196.0
Brooklyn,Entire home/apt,2,289.0
Queens,Entire home/apt,30,169.0
Brooklyn,Private room,1,109.0
Manhattan,Entire home/apt,1,259.0
Staten Island,Private room,1,97.0
Brooklyn,Private room,1,127.0
Manhattan,Entire home/apt,30,207.0
Manhattan,Private room,30,60.0
Manhattan,Entire home/apt,31,150.0
Brooklyn,Entire home/apt,30,119.0
Manhattan,Entire home/apt,30,120.0
Manhattan,Entire home/apt,30,391.0
Brooklyn,Private room,1,150.0
Queens,Private room,30,79.0
Manhattan,Entire home/apt,30,149.0
Brooklyn,Entire home/apt,30,116.0
Brooklyn,Entire home/apt,30,159.0
Queens,Shared room,30,190.0
Staten Island,Entire home/apt,1,144.0
Queens,Private room,1,84.0
Brooklyn,Entire home/apt,3,224.0
Manhattan,Entire home/apt,30,160.0
Manhattan,Entire home/apt,30,148.0
Brooklyn,Entire home/apt,30,135.0
Queens,Entire home/apt,30,290.0
Manhattan,Entire home/apt,31,308.0
Manhattan,Entire home/apt,31,315.0
Manhattan,Entire home/apt,31,413.0
Brooklyn,Entire home/apt,30,135.0
Brooklyn,Private room,30,247.0
Brooklyn,Entire home/apt,30,163.0
Manhattan,Hotel room,1,135.0
Manhattan,Hotel room,1,169.0
Manhattan,Entire home/apt,5,528.0
Manhattan,Hotel room,1,135.0
Manhattan,Hotel room,1,135.0
Brooklyn,Entire home/apt,30,115.0
Manhattan,Private room,30,233.0
Brooklyn,Private room,30,52.0
Brooklyn,Entire home/apt,30,400.0
Brooklyn,Entire home/apt,30,135.0
Manhattan,Entire home/apt,1,178.0
Manhattan,Entire home/apt,1,208.0
Brooklyn,Entire home/apt,30,200.0
Queens,Entire home/apt,30,83.0
Manhattan,Entire home/apt,30,366.0
Bronx,Private room,1,266.0
Brooklyn,Private room,30,187.0
Manhattan,Entire home/apt,3,355.0
Brooklyn,Private room,2,59.0
Queens,Private room,2,117.0
Brooklyn,Private room,30,53.0
Brooklyn,Entire home/apt,30,200.0
Queens,Private room,30,955.0
Brooklyn,Private room,30,86.0
Manhattan,Entire home/apt,30,223.0
Manhattan,Entire home/apt,30,135.0
Manhattan,Entire home/apt,30,192.0
Manhattan,Entire home/apt,31,370.0
Manhattan,Entire home/apt,30,120.0
Manhattan,Private room,30,114.0
Queens,Entire home/apt,30,88.0
Manhattan,Private room,30,59.0
Manhattan,Entire home/apt,180,299.0
Brooklyn,Private room,30,95.0
Brooklyn,Entire home/apt,160,230.0
Brooklyn,Private room,30,55.0
Brooklyn,Entire home/apt,30,118.0
Brooklyn,Private room,30,59.0
Manhattan,Entire home/apt,30,180.0
Brooklyn,Entire home/apt,30,77.0
Manhattan,Private room,30,79.0
Brooklyn,Private room,2,164.0
Manhattan,Entire home/apt,2,429.0
Brooklyn,Entire home/apt,30,175.0
Brooklyn,Entire home/apt,30,88.0
Manhattan,Hotel room,1,135.0
Manhattan,Hotel room,1,650.0
Manhattan,Hotel room,1,480.0
Manhattan,Entire home/apt,30,240.0
Brooklyn,Private room,30,97.0
Brooklyn,Private room,30,50.0
Staten Island,Entire home/apt,30,200.0
Manhattan,Entire home/apt,31,500.0
Manhattan,Private room,30,180.0
Manhattan,Private room,28,157.0
Brooklyn,Entire home/apt,30,112.0
Brooklyn,Private room,30,175.0
Manhattan,Entire home/apt,30,700.0
Brooklyn,Entire home/apt,30,166.0
Brooklyn,Entire home/apt,1,226.0
Manhattan,Private room,1,230.0
Queens,Entire home/apt,30,156.0
Brooklyn,Entire home/apt,30,120.0
Brooklyn,Entire home/apt,30,157.0
Brooklyn,Entire home/apt,30,275.0
Bronx,Entire home/apt,30,141.0
Manhattan,Private room,30,51.0
Manhattan,Entire home/apt,31,376.0
Manhattan,Entire home/apt,31,376.0
Brooklyn,Entire home/apt,30,305.0
Brooklyn,Entire home/apt,30,299.0
Manhattan,Entire home/apt,30,187.0
Brooklyn,Entire home/apt,30,300.0
Manhattan,Private room,30,80.0
Manhattan,Entire home/apt,30,192.0
Manhattan,Entire home/apt,30,360.0
Brooklyn,Entire home/apt,30,269.0
Brooklyn,Private room,2,98.0
Manhattan,Entire home/apt,30,201.0
Manhattan,Entire home/apt,3,283.0
Queens,Entire home/apt,30,200.0
Queens,Private room,1,93.0
Queens,Private room,1,93.0
Queens,Private room,1,80.0
Brooklyn,Private room,1,100.0
Brooklyn,Entire home/apt,30,300.0
Brooklyn,Entire home/apt,30,154.0
Brooklyn,Entire home/apt,30,440.0
Manhattan,Entire home/apt,30,219.0
Brooklyn,Entire home/apt,30,117.0
Brooklyn,Entire home/apt,30,267.0
Brooklyn,Entire home/apt,30,169.0
Brooklyn,Entire home/apt,30,126.0
Manhattan,Entire home/apt,30,192.0
Brooklyn,Entire home/apt,30,89.0
Brooklyn,Entire home/apt,30,120.0
Brooklyn,Private room,3,122.0
Brooklyn,Entire home/apt,30,95.0
Queens,Entire home/apt,30,209.0
Bronx,Private room,30,51.0
Manhattan,Entire home/apt,30,134.0
Brooklyn,Entire home/apt,30,80.0
Brooklyn,Private room,30,126.0
Manhattan,Entire home/apt,30,130.0
Brooklyn,Entire home/apt,30,230.0
Brooklyn,Private room,2,276.0
Manhattan,Entire home/apt,30,270.0
Bronx,Entire home/apt,30,350.0
Brooklyn,Private room,30,73.0
Brooklyn,Entire home/apt,30,350.0
Queens,Shared room,1,63.0
Brooklyn,Entire home/apt,30,187.0
Manhattan,Entire home/apt,3,379.0
Brooklyn,Private room,30,80.0
Manhattan,Entire home/apt,31,130.0
Brooklyn,Private room,30,55.0
Queens,Entire home/apt,30,105.0
Queens,Entire home/apt,30,246.0
Queens,Private room,2,63.0
Manhattan,Private room,31,66.0
Manhattan,Entire home/apt,30,190.0
Brooklyn,Private room,30,69.0
Manhattan,Entire home/apt,4,258.0
Manhattan,Entire home/apt,30,309.0
Manhattan,Entire home/apt,30,139.0
Manhattan,Entire home/apt,30,218.0
Manhattan,Entire home/apt,30,256.0
Manhattan,Entire home/apt,1,85.0
Brooklyn,Entire home/apt,90,351.0
Brooklyn,Entire home/apt,30,113.0
Queens,Shared room,1,58.0
Queens,Entire home/apt,30,259.0
Manhattan,Entire home/apt,2,280.0
Brooklyn,Private room,1,96.0
Manhattan,Entire home/apt,30,340.0
Manhattan,Entire home/apt,30,341.0
Manhattan,Entire home/apt,30,246.0
Manhattan,Entire home/apt,30,937.0
Brooklyn,Entire home/apt,30,73.0
Manhattan,Entire home/apt,30,139.0
Manhattan,Private room,31,60.0
Brooklyn,Private room,7,94.0
Manhattan,Private room,1,182.0
Manhattan,Private room,1,162.0
Manhattan,Private room,1,192.0
Manhattan,Private room,1,222.0
Manhattan,Private room,1,262.0
Manhattan,Private room,1,282.0
Manhattan,Private room,1,242.0
Manhattan,Private room,30,140.0
Manhattan,Private room,30,127.0
Manhattan,Private room,30,130.0
Manhattan,Entire home/apt,30,235.0
Manhattan,Private room,30,103.0
Manhattan,Private room,30,127.0
Brooklyn,Entire home/apt,30,530.0
Manhattan,Entire home/apt,30,275.0
Manhattan,Entire home/apt,30,175.0
Manhattan,Entire home/apt,30,175.0
Manhattan,Private room,30,113.0
Manhattan,Entire home/apt,30,142.0
Manhattan,Private room,1,98.0
Manhattan,Entire home/apt,30,133.0
Queens,Entire home/apt,30,122.0
Manhattan,Private room,30,320.0
Bronx,Private room,30,70.0
Bronx,Private room,30,65.0
Staten Island,Private room,1,176.0
Manhattan,Entire home/apt,30,300.0
Queens,Private room,3,135.0
Queens,Private room,30,63.0
Manhattan,Entire home/apt,30,317.0
Brooklyn,Entire home/apt,30,119.0
Brooklyn,Private room,31,110.0
Brooklyn,Private room,30,77.0
Brooklyn,Entire home/apt,31,72.0
Manhattan,Private room,30,61.0
Brooklyn,Private room,30,77.0
Brooklyn,Entire home/apt,30,63.0
Manhattan,Entire home/apt,30,211.0
Brooklyn,Entire home/apt,31,200.0
Queens,Private room,30,65.0
Manhattan,Entire home/apt,30,205.0
Queens,Private room,30,91.0
Manhattan,Entire home/apt,180,240.0
Manhattan,Private room,1,191.0
Brooklyn,Entire home/apt,30,170.0
Queens,Entire home/apt,30,420.0
Brooklyn,Entire home/apt,30,80.0
Brooklyn,Private room,1,112.0
Manhattan,Private room,30,169.0
Brooklyn,Entire home/apt,30,232.0
Manhattan,Entire home/apt,30,384.0
Manhattan,Entire home/apt,30,299.0
Manhattan,Entire home/apt,30,200.0
Manhattan,Entire home/apt,30,300.0
Queens,Entire home/apt,30,89.0
Brooklyn,Private room,1,118.0
Queens,Private room,30,257.0
Manhattan,Entire home/apt,30,99.0
Brooklyn,Entire home/apt,30,375.0
Brooklyn,Private room,30,70.0
Manhattan,Private room,1,226.0
Manhattan,Private room,1,198.0
Manhattan,Private room,1,207.0
Manhattan,Private room,1,215.0
Manhattan,Private room,1,247.0
Manhattan,Private room,1,246.0
Manhattan,Private room,1,281.0
Manhattan,Private room,1,304.0
Manhattan,Entire home/apt,30,224.0
Queens,Entire home/apt,30,115.0
Manhattan,Private room,30,62.0
Brooklyn,Entire home/apt,30,130.0
Brooklyn,Private room,30,99.0
Queens,Private room,30,64.0
Brooklyn,Entire home/apt,30,383.0
Brooklyn,Private room,30,60.0
Manhattan,Entire home/apt,30,115.0
Manhattan,Entire home/apt,30,139.0
Manhattan,Entire home/apt,31,370.0
Manhattan,Entire home/apt,31,354.0
Manhattan,Entire home/apt,31,352.0
Staten Island,Private room,30,71.0
Queens,Private room,1,125.0
Manhattan,Private room,30,149.0
Manhattan,Private room,5,631.0
Bronx,Private room,30,120.0
Brooklyn,Entire home/apt,1,152.0
Brooklyn,Private room,3,100.0
Bronx,Entire home/apt,30,91.0
Brooklyn,Entire home/apt,2,153.0
Manhattan,Private room,30,260.0
Queens,Private room,5,91.0
Queens,Private room,1,93.0
Manhattan,Private room,30,120.0
Brooklyn,Entire home/apt,30,109.0
Brooklyn,Private room,30,90.0
Manhattan,Entire home/apt,3,641.0
Brooklyn,Private room,30,90.0
Brooklyn,Private room,30,90.0
Manhattan,Private room,30,55.0
Staten Island,Entire home/apt,30,109.0
Manhattan,Entire home/apt,30,110.0
Manhattan,Entire home/apt,31,303.0
Manhattan,Entire home/apt,30,99.0
Manhattan,Private room,30,67.0
Manhattan,Entire home/apt,4,527.0
Queens,Private room,2,102.0
Brooklyn,Entire home/apt,2,212.0
Queens,Entire home/apt,30,192.0
Manhattan,Private room,30,70.0
Brooklyn,Private room,2,203.0
Staten Island,Entire home/apt,30,170.0
Manhattan,Entire home/apt,30,263.0
Bronx,Private room,2,109.0
Manhattan,Entire home/apt,31,356.0
Manhattan,Entire home/apt,30,150.0
Brooklyn,Private room,30,90.0
Manhattan,Entire home/apt,30,177.0
Brooklyn,Private room,30,51.0
Manhattan,Private room,1,155.0
Bronx,Entire home/apt,30,72.0
Brooklyn,Private room,30,135.0
Brooklyn,Entire home/apt,30,119.0
Manhattan,Entire home/apt,30,240.0
Queens,Shared room,1,62.0
Manhattan,Entire home/apt,30,115.0
Brooklyn,Private room,30,90.0
Queens,Private room,30,62.0
Manhattan,Entire home/apt,30,334.0
Manhattan,Private room,2,576.0
Brooklyn,Entire home/apt,30,127.0
Queens,Entire home/apt,30,119.0
Brooklyn,Entire home/apt,30,171.0
Manhattan,Entire home/apt,30,177.0
Manhattan,Entire home/apt,30,177.0
Manhattan,Entire home/apt,30,186.0
Manhattan,Entire home/apt,30,186.0
Manhattan,Private room,3,100.0
Manhattan,Entire home/apt,30,186.0
Manhattan,Entire home/apt,30,186.0
Manhattan,Entire home/apt,30,186.0
Manhattan,Entire home/apt,30,182.0
Manhattan,Entire home/apt,30,182.0
Manhattan,Entire home/apt,30,182.0
Manhattan,Entire home/apt,30,192.0
Manhattan,Entire home/apt,30,182.0
Manhattan,Entire home/apt,30,173.0
Manhattan,Entire home/apt,30,169.0
Manhattan,Entire home/apt,30,173.0
Manhattan,Entire home/apt,30,173.0
Brooklyn,Private room,1,422.0
Manhattan,Entire home/apt,30,195.0
Queens,Entire home/apt,30,125.0
Manhattan,Private room,30,112.0
Manhattan,Entire home/apt,30,750.0
Staten Island,Entire home/apt,30,80.0
Manhattan,Private room,30,147.0
Manhattan,Private room,4,53.0
Manhattan,Private room,30,115.0
Manhattan,Entire home/apt,3,323.0
Manhattan,Private room,30,100.0
Bronx,Entire home/apt,30,104.0
Manhattan,Private room,4,61.0
Brooklyn,Private room,1,101.0
Staten Island,Private room,30,76.0
Staten Island,Entire home/apt,30,130.0
Queens,Private room,30,90.0
Brooklyn,Entire home/apt,30,215.0
Brooklyn,Entire home/apt,2,391.0
Manhattan,Private room,30,51.0
Brooklyn,Entire home/apt,3,433.0
Manhattan,Private room,30,51.0
Queens,Entire home/apt,3,81.0
Brooklyn,Entire home/apt,3,291.0
Brooklyn,Entire home/apt,30,104.0
Manhattan,Private room,2,196.0
Manhattan,Entire home/apt,30,308.0
Manhattan,Entire home/apt,7,937.0
Brooklyn,Private room,2,90.0
Manhattan,Entire home/apt,30,238.0
Manhattan,Entire home/apt,30,235.0
Manhattan,Entire home/apt,30,198.0
Queens,Entire home/apt,2,218.0
Manhattan,Entire home/apt,5,381.0
Brooklyn,Private room,30,77.0
Brooklyn,Entire home/apt,31,150.0
Manhattan,Private room,30,157.0
Manhattan,Private room,30,50.0
Manhattan,Private room,30,200.0
Queens,Private room,1,107.0
Brooklyn,Private room,30,59.0
Manhattan,Entire home/apt,30,201.0
Manhattan,Entire home/apt,30,202.0
Manhattan,Entire home/apt,30,197.0
Brooklyn,Entire home/apt,30,250.0
Manhattan,Entire home/apt,30,110.0
Brooklyn,Private room,1,164.0
Brooklyn,Entire home/apt,30,226.0
Staten Island,Private room,2,104.0
Staten Island,Private room,30,53.0
Manhattan,Private room,2,124.0
Queens,Private room,1,89.0
Manhattan,Entire home/apt,3,190.0
Manhattan,Private room,30,68.0
Bronx,Entire home/apt,30,159.0
Manhattan,Entire home/apt,30,140.0
Brooklyn,Private room,2,139.0
Brooklyn,Entire home/apt,30,248.0
Brooklyn,Private room,5,150.0
Brooklyn,Entire home/apt,30,285.0
Brooklyn,Private room,5,150.0
Brooklyn,Entire home/apt,30,250.0
Brooklyn,Private room,5,150.0
Brooklyn,Private room,2,180.0
Brooklyn,Entire home/apt,2,207.0
Queens,Private room,1,206.0
Brooklyn,Private room,30,53.0
Queens,Private room,1,154.0
Manhattan,Entire home/apt,30,200.0
Queens,Private room,30,75.0
Brooklyn,Private room,30,193.0
Brooklyn,Private room,30,115.0
Manhattan,Entire home/apt,30,600.0
Queens,Private room,3,113.0
Manhattan,Entire home/apt,31,403.0
Brooklyn,Entire home/apt,30,320.0
Bronx,Entire home/apt,30,114.0
Manhattan,Entire home/apt,1,116.0
Manhattan,Shared room,30,225.0
Manhattan,Entire home/apt,30,211.0
Brooklyn,Private room,30,95.0
Brooklyn,Entire home/apt,3,201.0
Queens,Entire home/apt,31,120.0
Manhattan,Entire home/apt,3,408.0
Manhattan,Entire home/apt,30,260.0
Manhattan,Entire home/apt,30,152.0
Manhattan,Private room,30,108.0
Manhattan,Private room,30,500.0
Manhattan,Private room,30,320.0
Manhattan,Private room,1,109.0
Manhattan,Entire home/apt,30,139.0
Manhattan,Entire home/apt,30,219.0
Queens,Private room,30,65.0
Manhattan,Entire home/apt,30,197.0
Manhattan,Private room,30,145.0
Queens,Private room,1,77.0
Manhattan,Entire home/apt,30,236.0
Brooklyn,Entire home/apt,30,155.0
Queens,Entire home/apt,30,140.0
Brooklyn,Entire home/apt,1,156.0
Queens,Private room,30,64.0
Manhattan,Entire home/apt,30,517.0
Manhattan,Private room,1,546.0
Manhattan,Private room,1,671.0
Manhattan,Private room,1,678.0
Manhattan,Private room,1,766.0
Manhattan,Private room,1,657.0
Manhattan,Private room,1,678.0
Manhattan,Private room,1,546.0
Manhattan,Private room,1,546.0
Brooklyn,Private room,30,80.0
Manhattan,Entire home/apt,180,422.0
Manhattan,Entire home/apt,30,287.0
Manhattan,Private room,1,799.0
Brooklyn,Entire home/apt,30,167.0
Bronx,Private room,30,149.0
Manhattan,Entire home/apt,3,250.0
Brooklyn,Private room,30,128.0
Queens,Private room,31,70.0
Brooklyn,Private room,30,120.0
Brooklyn,Entire home/apt,30,214.0
Brooklyn,Entire home/apt,30,146.0
Manhattan,Entire home/apt,30,360.0
Queens,Private room,30,61.0
Brooklyn,Entire home/apt,2,171.0
Brooklyn,Private room,30,50.0
Bronx,Private room,30,55.0
Queens,Private room,30,70.0
Bronx,Private room,30,65.0
Brooklyn,Private room,1,90.0
Manhattan,Entire home/apt,30,285.0
Brooklyn,Entire home/apt,3,241.0
Bronx,Entire home/apt,30,84.0
Manhattan,Entire home/apt,30,200.0
Brooklyn,Private room,2,123.0
Manhattan,Entire home/apt,30,500.0
Bronx,Private room,30,89.0
Manhattan,Entire home/apt,30,165.0
Brooklyn,Entire home/apt,30,360.0
Brooklyn,Entire home/apt,30,253.0
Queens,Private room,30,59.0
Manhattan,Entire home/apt,3,377.0
Brooklyn,Entire home/apt,30,162.0
Brooklyn,Entire home/apt,30,125.0
Manhattan,Entire home/apt,1,140.0
Brooklyn,Private room,31,116.0
Brooklyn,Entire home/apt,2,132.0
Brooklyn,Entire home/apt,30,59.0
Brooklyn,Private room,30,75.0
Manhattan,Entire home/apt,3,343.0
Brooklyn,Entire home/apt,2,158.0
Manhattan,Entire home/apt,3,294.0
Brooklyn,Entire home/apt,30,235.0
Brooklyn,Entire home/apt,30,250.0
Brooklyn,Entire home/apt,30,150.0
Queens,Entire home/apt,2,199.0
Manhattan,Entire home/apt,30,97.0
Brooklyn,Entire home/apt,2,225.0
Queens,Entire home/apt,30,149.0
Queens,Private room,30,55.0
Manhattan,Entire home/apt,30,133.0
Brooklyn,Entire home/apt,30,316.0
Manhattan,Entire home/apt,7,532.0
Brooklyn,Entire home/apt,30,150.0
Manhattan,Entire home/apt,30,120.0
Brooklyn,Entire home/apt,3,191.0
Manhattan,Private room,2,110.0
Manhattan,Private room,30,135.0
Brooklyn,Entire home/apt,30,951.0
Manhattan,Private room,1,246.0
Manhattan,Private room,1,194.0
Manhattan,Private room,1,233.0
Manhattan,Private room,1,172.0
Manhattan,Private room,1,228.0
Manhattan,Private room,1,206.0
Manhattan,Private room,30,76.0
Manhattan,Private room,1,183.0
Manhattan,Entire home/apt,30,158.0
Manhattan,Private room,30,51.0
Manhattan,Private room,1,347.0
Brooklyn,Entire home/apt,3,337.0
Brooklyn,Private room,30,80.0
Manhattan,Private room,30,380.0
Queens,Private room,30,73.0
Brooklyn,Entire home/apt,3,161.0
Manhattan,Entire home/apt,30,175.0
Manhattan,Entire home/apt,30,135.0
Queens,Entire home/apt,30,199.0
Manhattan,Private room,1,108.0
Brooklyn,Private room,30,72.0
Brooklyn,Private room,30,92.0
Bronx,Private room,2,105.0
Manhattan,Entire home/apt,30,172.0
Manhattan,Entire home/apt,100,250.0
Manhattan,Entire home/apt,30,172.0
Manhattan,Entire home/apt,30,431.0
Manhattan,Entire home/apt,30,850.0
Manhattan,Entire home/apt,3,318.0
Manhattan,Entire home/apt,30,305.0
Manhattan,Entire home/apt,30,165.0
Manhattan,Entire home/apt,2,179.0
Manhattan,Entire home/apt,30,306.0
Manhattan,Entire home/apt,30,382.0
Queens,Entire home/apt,1,145.0
Brooklyn,Entire home/apt,30,135.0
Manhattan,Entire home/apt,3,444.0
Manhattan,Private room,30,110.0
Brooklyn,Private room,30,55.0
Bronx,Private room,30,96.0
Bronx,Entire home/apt,30,95.0
Manhattan,Entire home/apt,30,185.0
Queens,Entire home/apt,1,117.0
Manhattan,Private room,30,299.0
Manhattan,Private room,4,191.0
Brooklyn,Entire home/apt,30,347.0
Bronx,Private room,30,96.0
Queens,Private room,30,61.0
Queens,Private room,30,194.0
Manhattan,Entire home/apt,180,225.0
Manhattan,Private room,30,107.0
Manhattan,Entire home/apt,30,182.0
Manhattan,Entire home/apt,31,307.0
Manhattan,Entire home/apt,31,699.0
Manhattan,Entire home/apt,31,499.0
Queens,Entire home/apt,30,120.0
Manhattan,Entire home/apt,3,344.0
Brooklyn,Private room,30,135.0
Manhattan,Entire home/apt,30,316.0
Manhattan,Private room,3,171.0
Queens,Private room,1,84.0
Manhattan,Private room,30,78.0
Manhattan,Private room,30,80.0
Brooklyn,Entire home/apt,30,162.0
Brooklyn,Private room,30,158.0
Manhattan,Entire home/apt,180,525.0
Queens,Private room,1,185.0
Brooklyn,Private room,30,50.0
Brooklyn,Entire home/apt,30,203.0
Brooklyn,Private room,2,130.0
Bronx,Private room,30,55.0
Queens,Private room,1,166.0
Brooklyn,Private room,30,71.0
Brooklyn,Private room,30,119.0
Manhattan,Entire home/apt,30,375.0
Manhattan,Entire home/apt,30,350.0
Queens,Private room,30,55.0
Queens,Entire home/apt,1,124.0
Queens,Private room,30,80.0
Manhattan,Private room,30,80.0
Manhattan,Private room,30,77.0
Manhattan,Private room,1,361.0
Manhattan,Private room,1,373.0
Manhattan,Private room,1,459.0
Manhattan,Entire home/apt,3,362.0
Manhattan,Entire home/apt,30,120.0
Manhattan,Entire home/apt,4,377.0
Brooklyn,Entire home/apt,30,175.0
Manhattan,Private room,30,279.0
Manhattan,Entire home/apt,30,178.0
Manhattan,Entire home/apt,30,197.0
Brooklyn,Entire home/apt,30,74.0
Brooklyn,Entire home/apt,2,191.0
Manhattan,Entire home/apt,30,180.0
Brooklyn,Private room,30,320.0
Queens,Private room,1,57.0
Brooklyn,Private room,30,100.0
Manhattan,Entire home/apt,31,372.0
Manhattan,Entire home/apt,31,350.0
Manhattan,Entire home/apt,1,298.0
Brooklyn,Private room,30,100.0
Brooklyn,Private room,4,96.0
Brooklyn,Entire home/apt,30,122.0
Brooklyn,Entire home/apt,3,194.0
Brooklyn,Entire home/apt,30,140.0
Bronx,Private room,30,60.0
Brooklyn,Entire home/apt,30,337.0
Manhattan,Entire home/apt,30,183.0
Queens,Private room,1,145.0
Staten Island,Private room,30,90.0
Manhattan,Private room,3,113.0
Queens,Private room,30,51.0
Queens,Private room,30,50.0
Manhattan,Entire home/apt,2,528.0
Manhattan,Entire home/apt,2,648.0
Manhattan,Entire home/apt,2,512.0
Manhattan,Entire home/apt,31,350.0
Manhattan,Entire home/apt,31,426.0
Brooklyn,Entire home/apt,30,500.0
Manhattan,Entire home/apt,3,222.0
Brooklyn,Private room,30,144.0
Brooklyn,Entire home/apt,30,97.0
Brooklyn,Entire home/apt,30,80.0
Brooklyn,Private room,30,72.0
Queens,Private room,3,100.0
Manhattan,Private room,30,75.0
Manhattan,Entire home/apt,30,344.0
Manhattan,Entire home/apt,31,382.0
Manhattan,Entire home/apt,31,352.0
Manhattan,Entire home/apt,31,355.0
Manhattan,Entire home/apt,31,246.0
Brooklyn,Private room,30,313.0
Manhattan,Entire home/apt,6,663.0
Queens,Private room,1,277.0
Manhattan,Private room,30,379.0
Brooklyn,Entire home/apt,30,75.0
Queens,Private room,1,66.0
Manhattan,Private room,1,680.0
Bronx,Entire home/apt,30,310.0
Queens,Private room,1,106.0
Manhattan,Private room,30,160.0
Manhattan,Private room,30,86.0
Queens,Entire home/apt,30,74.0
Manhattan,Private room,1,294.0
Brooklyn,Private room,1,264.0
Manhattan,Entire home/apt,31,140.0
Brooklyn,Entire home/apt,30,152.0
Brooklyn,Private room,30,60.0
Manhattan,Entire home/apt,30,120.0
Manhattan,Entire home/apt,2,329.0
Manhattan,Entire home/apt,2,335.0
Manhattan,Private room,30,130.0
Brooklyn,Entire home/apt,30,250.0
Brooklyn,Private room,30,168.0
Queens,Private room,1,74.0
Manhattan,Entire home/apt,30,211.0
Bronx,Private room,1,59.0
Manhattan,Entire home/apt,2,300.0
Manhattan,Entire home/apt,30,279.0
Queens,Shared room,1,62.0
Manhattan,Entire home/apt,2,386.0
Manhattan,Entire home/apt,30,150.0
Brooklyn,Private room,2,229.0
Bronx,Private room,1,59.0
Bronx,Private room,1,73.0
Queens,Private room,1,96.0
Manhattan,Private room,30,225.0
Manhattan,Private room,30,225.0
Manhattan,Entire home/apt,30,454.0
Bronx,Private room,30,64.0
Manhattan,Private room,30,75.0
Bronx,Private room,30,70.0
Brooklyn,Entire home/apt,30,160.0
Bronx,Entire home/apt,30,82.0
Brooklyn,Private room,30,61.0
Manhattan,Entire home/apt,3,213.0
Manhattan,Private room,1,201.0
Bronx,Entire home/apt,30,300.0
Bronx,Entire home/apt,30,150.0
Manhattan,Entire home/apt,31,472.0
Bronx,Entire home/apt,30,240.0
Brooklyn,Entire home/apt,30,78.0
Brooklyn,Entire home/apt,30,198.0
Manhattan,Entire home/apt,1,150.0
Manhattan,Entire home/apt,2,251.0
Queens,Private room,1,71.0
Queens,Private room,1,70.0
Brooklyn,Entire home/apt,30,200.0
Manhattan,Entire home/apt,30,99.0
Brooklyn,Private room,30,117.0
Brooklyn,Private room,30,104.0
Queens,Entire home/apt,30,99.0
Manhattan,Entire home/apt,1,192.0
Manhattan,Entire home/apt,1,208.0
Manhattan,Entire home/apt,1,195.0
Manhattan,Entire home/apt,1,208.0
Manhattan,Entire home/apt,1,215.0
Manhattan,Entire home/apt,1,203.0
Bronx,Entire home/apt,30,64.0
Manhattan,Entire home/apt,1,172.0
Manhattan,Entire home/apt,1,177.0
Manhattan,Entire home/apt,30,666.0
Manhattan,Entire home/apt,30,200.0
Brooklyn,Private room,2,144.0
Brooklyn,Entire home/apt,30,228.0
Brooklyn,Private room,30,120.0
Queens,Private room,30,60.0
Brooklyn,Private room,30,374.0
Manhattan,Entire home/apt,30,180.0
Brooklyn,Entire home/apt,3,132.0
Brooklyn,Private room,30,58.0
Brooklyn,Entire home/apt,30,162.0
Brooklyn,Entire home/apt,3,404.0
Manhattan,Private room,30,65.0
Queens,Private room,30,200.0
Manhattan,Entire home/apt,30,140.0
Brooklyn,Private room,2,123.0
Queens,Private room,2,86.0
Queens,Entire home/apt,1,138.0
Brooklyn,Private room,1,106.0
Queens,Entire home/apt,30,539.0
Queens,Private room,30,89.0
Brooklyn,Private room,1,140.0
Queens,Entire home/apt,30,113.0
Queens,Private room,30,119.0
Manhattan,Entire home/apt,30,275.0
Brooklyn,Entire home/apt,30,92.0
Queens,Entire home/apt,30,174.0
Manhattan,Private room,30,115.0
Manhattan,Private room,1,103.0
Manhattan,Entire home/apt,7,218.0
Manhattan,Entire home/apt,7,404.0
Manhattan,Private room,30,240.0
Bronx,Private room,30,80.0
Brooklyn,Entire home/apt,30,500.0
Manhattan,Entire home/apt,7,237.0
Manhattan,Entire home/apt,1,254.0
Manhattan,Entire home/apt,30,218.0
Queens,Private room,3,55.0
Queens,Private room,30,111.0
Queens,Private room,30,136.0
Manhattan,Entire home/apt,2,951.0
Queens,Entire home/apt,1,137.0
Manhattan,Entire home/apt,30,140.0
Brooklyn,Entire home/apt,3,177.0
Manhattan,Entire home/apt,30,120.0
Manhattan,Entire home/apt,30,112.0
Manhattan,Private room,30,128.0
Manhattan,Private room,30,102.0
Brooklyn,Private room,30,52.0
Queens,Entire home/apt,30,114.0
Manhattan,Private room,30,200.0
Bronx,Private room,30,84.0
Manhattan,Private room,30,52.0
Manhattan,Entire home/apt,30,120.0
Brooklyn,Private room,30,132.0
Brooklyn,Private room,30,92.0
Manhattan,Entire home/apt,7,947.0
Queens,Entire home/apt,1,96.0
Manhattan,Entire home/apt,30,175.0
Brooklyn,Entire home/apt,30,268.0
Manhattan,Private room,30,599.0
Queens,Private room,30,85.0
Queens,Entire home/apt,30,200.0
Brooklyn,Entire home/apt,30,225.0
Queens,Entire home/apt,1,125.0
Manhattan,Entire home/apt,30,110.0
Brooklyn,Entire home/apt,30,91.0
Manhattan,Entire home/apt,2,506.0
Queens,Entire home/apt,30,520.0
Manhattan,Entire home/apt,2,390.0
Manhattan,Entire home/apt,2,450.0
Manhattan,Entire home/apt,2,461.0
Queens,Entire home/apt,1,199.0
Manhattan,Entire home/apt,3,325.0
Manhattan,Entire home/apt,31,574.0
Manhattan,Entire home/apt,31,451.0
Manhattan,Entire home/apt,30,161.0
Queens,Entire home/apt,30,240.0
Brooklyn,Private room,30,220.0
Queens,Private room,30,52.0
Queens,Private room,1,80.0
Manhattan,Entire home/apt,3,373.0
Manhattan,Entire home/apt,2,830.0
Queens,Private room,30,71.0
Staten Island,Entire home/apt,30,50.0
Manhattan,Entire home/apt,30,202.0
Manhattan,Private room,2,279.0
Manhattan,Private room,32,300.0
Brooklyn,Entire home/apt,30,280.0
Brooklyn,Entire home/apt,4,355.0
Brooklyn,Entire home/apt,5,367.0
Manhattan,Private room,30,80.0
Manhattan,Private room,2,214.0
Manhattan,Private room,2,179.0
Queens,Private room,30,101.0
Manhattan,Entire home/apt,30,176.0
Queens,Private room,1,94.0
Brooklyn,Private room,2,109.0
Manhattan,Entire home/apt,30,149.0
Manhattan,Entire home/apt,30,252.0
Brooklyn,Private room,3,160.0
Queens,Entire home/apt,1,247.0
Queens,Entire home/apt,1,123.0
Manhattan,Entire home/apt,5,337.0
Manhattan,Entire home/apt,30,125.0
Brooklyn,Entire home/apt,30,157.0
Brooklyn,Entire home/apt,1,481.0
Brooklyn,Entire home/apt,2,180.0
Manhattan,Private room,30,85.0
Brooklyn,Entire home/apt,2,240.0
Brooklyn,Entire home/apt,2,324.0
Manhattan,Entire home/apt,30,175.0
Brooklyn,Entire home/apt,2,155.0
Manhattan,Entire home/apt,28,610.0
Brooklyn,Entire home/apt,2,346.0
Brooklyn,Entire home/apt,1,249.0
Manhattan,Entire home/apt,3,300.0
Brooklyn,Entire home/apt,1,203.0
Manhattan,Private room,1,105.0
Brooklyn,Entire home/apt,1,203.0
Queens,Private room,30,55.0
Brooklyn,Entire home/apt,31,104.0
Brooklyn,Private room,30,173.0
Brooklyn,Private room,30,56.0
Queens,Private room,30,62.0
Brooklyn,Entire home/apt,30,200.0
Queens,Private room,30,66.0
Queens,Private room,1,68.0
Queens,Private room,30,66.0
Manhattan,Entire home/apt,30,207.0
Brooklyn,Private room,30,55.0
Manhattan,Entire home/apt,30,145.0
Manhattan,Entire home/apt,30,353.0
Manhattan,Private room,30,279.0
Manhattan,Private room,30,225.0
Brooklyn,Entire home/apt,30,179.0
Brooklyn,Entire home/apt,30,91.0
Manhattan,Private room,30,225.0
Brooklyn,Entire home/apt,30,104.0
Manhattan,Private room,30,250.0
Brooklyn,Entire home/apt,2,154.0
Queens,Private room,30,73.0
Manhattan,Entire home/apt,4,309.0
Manhattan,Entire home/apt,2,515.0
Brooklyn,Entire home/apt,3,325.0
Manhattan,Entire home/apt,1,180.0
Queens,Entire home/apt,30,110.0
Manhattan,Entire home/apt,2,660.0
Brooklyn,Entire home/apt,30,150.0
Manhattan,Entire home/apt,30,201.0
Manhattan,Entire home/apt,1,174.0
Brooklyn,Entire home/apt,30,269.0
Bronx,Private room,70,83.0
Brooklyn,Private room,2,213.0
Queens,Private room,30,50.0
Queens,Entire home/apt,30,150.0
Brooklyn,Entire home/apt,3,210.0
Queens,Private room,30,68.0
Manhattan,Entire home/apt,4,100.0
Manhattan,Entire home/apt,30,127.0
Manhattan,Entire home/apt,30,232.0
Brooklyn,Entire home/apt,30,251.0
Manhattan,Entire home/apt,30,158.0
Manhattan,Entire home/apt,4,175.0
Manhattan,Entire home/apt,2,398.0
Brooklyn,Entire home/apt,1,177.0
Bronx,Private room,30,55.0
Brooklyn,Entire home/apt,2,380.0
Brooklyn,Entire home/apt,2,299.0
Brooklyn,Entire home/apt,1,116.0
Queens,Entire home/apt,30,197.0
Manhattan,Entire home/apt,30,186.0
Brooklyn,Entire home/apt,1,198.0
Brooklyn,Shared room,30,80.0
Brooklyn,Private room,30,100.0
Brooklyn,Private room,30,110.0
Manhattan,Entire home/apt,30,251.0
Manhattan,Entire home/apt,4,463.0
Brooklyn,Entire home/apt,1,201.0
Brooklyn,Entire home/apt,1,518.0
Brooklyn,Entire home/apt,30,160.0
Brooklyn,Entire home/apt,2,137.0
Brooklyn,Entire home/apt,2,258.0
Brooklyn,Entire home/apt,30,54.0
Brooklyn,Entire home/apt,2,222.0
Manhattan,Entire home/apt,30,252.0
Manhattan,Private room,30,70.0
Manhattan,Private room,1,100.0
Queens,Private room,700,65.0
Queens,Entire home/apt,30,97.0
Manhattan,Entire home/apt,30,135.0
Brooklyn,Private room,1,230.0
Manhattan,Entire home/apt,30,127.0
Brooklyn,Entire home/apt,2,270.0
Brooklyn,Entire home/apt,30,190.0
Brooklyn,Private room,30,66.0
Queens,Entire home/apt,30,141.0
Brooklyn,Entire home/apt,30,237.0
Manhattan,Entire home/apt,3,235.0
Manhattan,Private room,30,85.0
Brooklyn,Private room,30,90.0
Manhattan,Private room,1,159.0
Manhattan,Entire home/apt,2,591.0
Manhattan,Entire home/apt,2,284.0
Brooklyn,Entire home/apt,3,275.0
Manhattan,Entire home/apt,6,644.0
Manhattan,Entire home/apt,6,729.0
Manhattan,Entire home/apt,6,507.0
Manhattan,Entire home/apt,30,120.0
Bronx,Entire home/apt,1,129.0
Manhattan,Entire home/apt,30,225.0
Manhattan,Entire home/apt,30,225.0
Queens,Entire home/apt,30,128.0
Brooklyn,Entire home/apt,30,390.0
Manhattan,Entire home/apt,30,150.0
Brooklyn,Private room,30,50.0
Manhattan,Entire home/apt,30,223.0
Manhattan,Entire home/apt,30,196.0
Manhattan,Entire home/apt,30,302.0
Manhattan,Entire home/apt,30,421.0
Brooklyn,Private room,30,71.0
Brooklyn,Private room,30,63.0
Queens,Private room,30,58.0
Queens,Entire home/apt,30,120.0
Queens,Private room,2,150.0
Brooklyn,Private room,30,100.0
Bronx,Entire home/apt,30,92.0
Manhattan,Entire home/apt,31,299.0
Manhattan,Entire home/apt,31,385.0
Manhattan,Entire home/apt,31,326.0
Manhattan,Entire home/apt,31,468.0
Queens,Entire home/apt,1,119.0
Manhattan,Entire home/apt,30,310.0
Brooklyn,Private room,30,55.0
Brooklyn,Private room,30,54.0
Brooklyn,Private room,30,54.0
Manhattan,Entire home/apt,30,178.0
Manhattan,Entire home/apt,3,259.0
Brooklyn,Private room,2,224.0
Manhattan,Entire home/apt,30,200.0
Brooklyn,Entire home/apt,30,165.0
Queens,Entire home/apt,30,150.0
Brooklyn,Entire home/apt,30,171.0
Queens,Entire home/apt,30,78.0
Manhattan,Entire home/apt,30,190.0
Manhattan,Entire home/apt,2,240.0
Brooklyn,Private room,3,298.0
Queens,Private room,1,85.0
Brooklyn,Private room,2,195.0
Manhattan,Private room,1,75.0
Manhattan,Entire home/apt,4,194.0
Manhattan,Entire home/apt,30,273.0
Brooklyn,Private room,3,126.0
Brooklyn,Private room,3,112.0
Queens,Private room,30,62.0
Queens,Private room,30,51.0
Queens,Private room,1,78.0
Brooklyn,Private room,30,104.0
Brooklyn,Entire home/apt,2,151.0
Brooklyn,Private room,30,50.0
Manhattan,Private room,1,82.0
Manhattan,Private room,1,72.0
Manhattan,Entire home/apt,1,477.0
Manhattan,Entire home/apt,1,366.0
Manhattan,Entire home/apt,5,740.0
Manhattan,Entire home/apt,2,515.0
Brooklyn,Private room,31,60.0
Brooklyn,Entire home/apt,30,160.0
Manhattan,Private room,30,203.0
Queens,Entire home/apt,30,179.0
Manhattan,Entire home/apt,1,129.0
Manhattan,Entire home/apt,2,204.0
Manhattan,Entire home/apt,30,550.0
Manhattan,Entire home/apt,60,115.0
Manhattan,Entire home/apt,4,247.0
Brooklyn,Entire home/apt,31,190.0
Bronx,Private room,2,89.0
Brooklyn,Private room,2,81.0
Brooklyn,Private room,30,59.0
Brooklyn,Private room,30,77.0
Brooklyn,Private room,30,57.0
Brooklyn,Private room,30,57.0
Brooklyn,Private room,30,75.0
Brooklyn,Private room,30,58.0
Brooklyn,Private room,30,77.0
Brooklyn,Entire home/apt,1,203.0
Manhattan,Entire home/apt,2,240.0
Brooklyn,Private room,30,79.0
Brooklyn,Entire home/apt,1,203.0
Queens,Private room,1,140.0
Queens,Entire home/apt,2,300.0
Manhattan,Private room,1,106.0
Manhattan,Private room,1,180.0
Brooklyn,Entire home/apt,30,300.0
Manhattan,Entire home/apt,4,165.0
Manhattan,Private room,30,160.0
Manhattan,Entire home/apt,28,230.0
Brooklyn,Private room,30,100.0
Brooklyn,Private room,30,280.0
Brooklyn,Private room,30,100.0
Brooklyn,Entire home/apt,30,315.0
Queens,Entire home/apt,2,180.0
Brooklyn,Entire home/apt,30,195.0
Manhattan,Entire home/apt,90,250.0
Manhattan,Private room,10,512.0
Manhattan,Entire home/apt,31,301.0
Brooklyn,Private room,4,98.0
Bronx,Entire home/apt,30,154.0
Manhattan,Hotel room,1,175.0
Manhattan,Hotel room,1,151.0
Manhattan,Hotel room,1,379.0
Manhattan,Hotel room,1,549.0
Manhattan,Hotel room,1,733.0
Brooklyn,Entire home/apt,30,104.0
Queens,Shared room,2,109.0
Queens,Private room,3,111.0
Queens,Private room,30,272.0
Brooklyn,Private room,30,100.0
Brooklyn,Private room,30,112.0
Manhattan,Entire home/apt,30,218.0
Manhattan,Entire home/apt,31,299.0
Manhattan,Entire home/apt,31,400.0
Manhattan,Entire home/apt,31,301.0
Manhattan,Entire home/apt,30,282.0
Manhattan,Entire home/apt,30,140.0
Brooklyn,Private room,30,53.0
Brooklyn,Entire home/apt,30,100.0
Brooklyn,Private room,30,70.0
Bronx,Private room,30,200.0
Manhattan,Private room,1,222.0
Queens,Entire home/apt,30,194.0
Brooklyn,Entire home/apt,2,254.0
Manhattan,Entire home/apt,31,224.0
Manhattan,Entire home/apt,31,371.0
Manhattan,Entire home/apt,3,242.0
Queens,Private room,30,56.0
Bronx,Entire home/apt,3,173.0
Manhattan,Entire home/apt,4,224.0
Brooklyn,Entire home/apt,30,98.0
Manhattan,Entire home/apt,31,356.0
Manhattan,Entire home/apt,31,372.0
Manhattan,Entire home/apt,31,441.0
Manhattan,Entire home/apt,31,464.0
Manhattan,Entire home/apt,31,505.0
Manhattan,Entire home/apt,31,505.0
Manhattan,Entire home/apt,31,505.0
Manhattan,Entire home/apt,31,505.0
Manhattan,Entire home/apt,90,896.0
Manhattan,Entire home/apt,7,187.0
Manhattan,Entire home/apt,2,568.0
Manhattan,Private room,1,114.0
Brooklyn,Entire home/apt,30,124.0
Manhattan,Private room,30,52.0
Bronx,Entire home/apt,30,160.0
Brooklyn,Private room,3,220.0
Manhattan,Hotel room,1,247.0
Brooklyn,Entire home/apt,3,251.0
Brooklyn,Private room,30,58.0
Brooklyn,Entire home/apt,2,444.0
Brooklyn,Entire home/apt,2,234.0
Brooklyn,Entire home/apt,30,101.0
Brooklyn,Private room,1,102.0
Manhattan,Entire home/apt,30,127.0
Manhattan,Private room,1,75.0
Queens,Entire home/apt,30,76.0
Manhattan,Private room,1,93.0
Brooklyn,Entire home/apt,30,158.0
Manhattan,Entire home/apt,2,552.0
Queens,Private room,30,63.0
Manhattan,Entire home/apt,2,446.0
Brooklyn,Entire home/apt,30,157.0
Brooklyn,Entire home/apt,3,251.0
Brooklyn,Private room,30,212.0
Queens,Private room,30,97.0
Brooklyn,Entire home/apt,30,125.0
Brooklyn,Private room,1,85.0
Brooklyn,Entire home/apt,30,106.0
Manhattan,Private room,1,150.0
Brooklyn,Entire home/apt,3,419.0
Manhattan,Private room,1,203.0
Manhattan,Entire home/apt,30,250.0
Queens,Private room,30,50.0
Queens,Entire home/apt,31,140.0
Brooklyn,Private room,3,100.0
Queens,Entire home/apt,30,140.0
Brooklyn,Entire home/apt,30,196.0
Brooklyn,Entire home/apt,3,221.0
Brooklyn,Entire home/apt,30,150.0
Manhattan,Entire home/apt,31,382.0
Manhattan,Entire home/apt,31,250.0
Manhattan,Entire home/apt,31,258.0
Manhattan,Entire home/apt,31,250.0
Manhattan,Entire home/apt,31,315.0
Manhattan,Entire home/apt,31,320.0
Manhattan,Entire home/apt,31,257.0
Manhattan,Entire home/apt,31,250.0
Manhattan,Entire home/apt,31,315.0
Manhattan,Entire home/apt,31,250.0
Manhattan,Entire home/apt,1,217.0
Queens,Private room,5,103.0
Manhattan,Entire home/apt,31,235.0
Manhattan,Entire home/apt,31,413.0
Manhattan,Entire home/apt,31,342.0
Manhattan,Entire home/apt,31,292.0
Manhattan,Private room,30,141.0
Manhattan,Private room,30,187.0
Manhattan,Private room,30,117.0
Manhattan,Entire home/apt,30,572.0
Brooklyn,Entire home/apt,30,124.0
Manhattan,Private room,30,170.0
Queens,Private room,1,68.0
Queens,Private room,5,102.0
Manhattan,Shared room,30,78.0
Brooklyn,Entire home/apt,30,100.0
Brooklyn,Private room,30,62.0
Manhattan,Entire home/apt,5,359.0
Manhattan,Entire home/apt,31,273.0
Manhattan,Entire home/apt,4,387.0
Manhattan,Entire home/apt,1,196.0
Brooklyn,Entire home/apt,2,255.0
Manhattan,Entire home/apt,30,309.0
Brooklyn,Entire home/apt,2,255.0
Manhattan,Entire home/apt,31,411.0
Manhattan,Entire home/apt,31,306.0
Brooklyn,Entire home/apt,5,177.0
Brooklyn,Entire home/apt,30,220.0
Manhattan,Hotel room,1,169.0
Brooklyn,Entire home/apt,3,203.0
Brooklyn,Entire home/apt,1,162.0
Manhattan,Entire home/apt,7,319.0
Brooklyn,Private room,2,100.0
Queens,Entire home/apt,5,186.0
Brooklyn,Entire home/apt,30,149.0
Brooklyn,Entire home/apt,30,115.0
Brooklyn,Entire home/apt,30,206.0
Queens,Private room,60,52.0
Brooklyn,Entire home/apt,30,225.0
Queens,Entire home/apt,30,125.0
Manhattan,Entire home/apt,30,122.0
Bronx,Entire home/apt,1,162.0
Manhattan,Private room,30,139.0
Bronx,Private room,30,50.0
Brooklyn,Private room,30,103.0
Brooklyn,Entire home/apt,1,203.0
Brooklyn,Entire home/apt,1,182.0
Queens,Entire home/apt,30,155.0
Manhattan,Entire home/apt,10,740.0
Manhattan,Entire home/apt,30,150.0
Manhattan,Private room,1,101.0
Manhattan,Entire home/apt,30,185.0
Manhattan,Private room,1,95.0
Brooklyn,Entire home/apt,30,166.0
Brooklyn,Entire home/apt,30,138.0
Manhattan,Entire home/apt,30,499.0
Manhattan,Entire home/apt,30,223.0
Manhattan,Entire home/apt,30,372.0
Manhattan,Entire home/apt,30,98.0
Manhattan,Entire home/apt,30,506.0
Manhattan,Entire home/apt,30,170.0
Manhattan,Private room,30,190.0
Manhattan,Private room,30,59.0
Manhattan,Entire home/apt,31,299.0
Manhattan,Entire home/apt,30,248.0
Manhattan,Entire home/apt,180,309.0
Brooklyn,Entire home/apt,2,299.0
Brooklyn,Entire home/apt,30,126.0
Manhattan,Entire home/apt,30,127.0
Manhattan,Entire home/apt,20,949.0
Manhattan,Entire home/apt,30,590.0
Brooklyn,Entire home/apt,30,127.0
Manhattan,Private room,1,88.0
Queens,Private room,1,105.0
Manhattan,Private room,1,73.0
Brooklyn,Private room,1,108.0
Queens,Private room,1,75.0
Queens,Private room,1,65.0
Manhattan,Private room,30,64.0
Manhattan,Entire home/apt,30,792.0
Queens,Entire home/apt,5,136.0
Manhattan,Entire home/apt,30,229.0
Manhattan,Private room,90,70.0
Manhattan,Entire home/apt,30,229.0
Manhattan,Entire home/apt,30,229.0
Manhattan,Entire home/apt,30,229.0
Bronx,Private room,30,140.0
Brooklyn,Entire home/apt,30,250.0
Brooklyn,Entire home/apt,30,134.0
Queens,Entire home/apt,30,170.0
Queens,Private room,30,60.0
Brooklyn,Private room,30,160.0
Manhattan,Private room,30,58.0
Brooklyn,Private room,30,51.0
Manhattan,Entire home/apt,5,296.0
Brooklyn,Private room,30,51.0
Brooklyn,Private room,30,90.0
Brooklyn,Entire home/apt,30,99.0
Queens,Private room,1,140.0
Brooklyn,Entire home/apt,30,135.0
Manhattan,Entire home/apt,30,190.0
Manhattan,Entire home/apt,3,125.0
Bronx,Private room,30,73.0
Brooklyn,Entire home/apt,2,122.0
Brooklyn,Private room,3,80.0
Brooklyn,Private room,30,50.0
Manhattan,Entire home/apt,31,396.0
Manhattan,Entire home/apt,31,304.0
Manhattan,Private room,3,489.0
Manhattan,Entire home/apt,30,220.0
Manhattan,Entire home/apt,30,199.0
Manhattan,Entire home/apt,31,772.0
Brooklyn,Private room,30,71.0
Brooklyn,Entire home/apt,30,183.0
Brooklyn,Private room,1,100.0
Queens,Entire home/apt,5,181.0
Brooklyn,Entire home/apt,6,363.0
Manhattan,Entire home/apt,31,436.0
Manhattan,Entire home/apt,31,347.0
Brooklyn,Private room,30,66.0
Brooklyn,Private room,30,50.0
Brooklyn,Private room,30,110.0
Brooklyn,Private room,1,126.0
Bronx,Private room,30,64.0
Manhattan,Entire home/apt,30,240.0
Brooklyn,Entire home/apt,30,240.0
Brooklyn,Entire home/apt,30,417.0
Queens,Entire home/apt,2,139.0
Manhattan,Entire home/apt,180,300.0
Brooklyn,Private room,30,114.0
Brooklyn,Entire home/apt,30,155.0
Bronx,Private room,30,50.0
Manhattan,Private room,1,79.0
Manhattan,Entire home/apt,1,805.0
Queens,Private room,7,75.0
Brooklyn,Entire home/apt,30,375.0
Queens,Private room,5,89.0
Queens,Private room,5,90.0
Manhattan,Entire home/apt,30,152.0
Brooklyn,Entire home/apt,1,102.0
Manhattan,Entire home/apt,5,389.0
Queens,Private room,1,64.0
Brooklyn,Private room,30,79.0
Manhattan,Entire home/apt,30,238.0
Staten Island,Entire home/apt,30,120.0
Queens,Private room,31,52.0
Manhattan,Entire home/apt,31,296.0
Brooklyn,Private room,30,55.0
Manhattan,Hotel room,1,135.0
Manhattan,Private room,30,107.0
Manhattan,Entire home/apt,3,267.0
Bronx,Entire home/apt,30,135.0
Manhattan,Entire home/apt,30,138.0
Manhattan,Private room,30,160.0
Manhattan,Private room,30,146.0
Manhattan,Entire home/apt,30,152.0
Queens,Entire home/apt,30,160.0
Brooklyn,Entire home/apt,4,573.0
Manhattan,Entire home/apt,31,353.0
Brooklyn,Private room,30,72.0
Manhattan,Private room,1,153.0
Brooklyn,Private room,2,146.0
Brooklyn,Entire home/apt,30,250.0
Brooklyn,Entire home/apt,3,182.0
Manhattan,Entire home/apt,3,185.0
Manhattan,Entire home/apt,30,87.0
Brooklyn,Shared room,30,50.0
Manhattan,Private room,1,175.0
Manhattan,Entire home/apt,1,280.0
Manhattan,Entire home/apt,1,261.0
Manhattan,Entire home/apt,30,112.0
Manhattan,Entire home/apt,30,121.0
Manhattan,Entire home/apt,30,126.0
Manhattan,Entire home/apt,30,111.0
Manhattan,Entire home/apt,30,101.0
Manhattan,Entire home/apt,30,122.0
Manhattan,Entire home/apt,30,149.0
Manhattan,Entire home/apt,30,132.0
Manhattan,Entire home/apt,30,164.0
Manhattan,Entire home/apt,30,128.0
Manhattan,Entire home/apt,30,108.0
Manhattan,Entire home/apt,30,108.0
Manhattan,Entire home/apt,30,138.0
Manhattan,Entire home/apt,30,184.0
Manhattan,Entire home/apt,30,164.0
Manhattan,Entire home/apt,30,115.0
Manhattan,Entire home/apt,30,128.0
Manhattan,Entire home/apt,30,128.0
Manhattan,Entire home/apt,30,161.0
Manhattan,Entire home/apt,30,124.0
Manhattan,Entire home/apt,30,130.0
Brooklyn,Entire home/apt,4,189.0
Queens,Private room,30,81.0
Manhattan,Entire home/apt,30,200.0
Manhattan,Entire home/apt,4,340.0
Manhattan,Entire home/apt,30,250.0
Brooklyn,Entire home/apt,60,160.0
Brooklyn,Private room,30,50.0
Manhattan,Entire home/apt,4,201.0
Brooklyn,Private room,30,100.0
Manhattan,Entire home/apt,30,239.0
Manhattan,Entire home/apt,30,142.0
Manhattan,Entire home/apt,5,723.0
Manhattan,Private room,1,133.0
Manhattan,Entire home/apt,30,165.0
Brooklyn,Entire home/apt,30,90.0
Bronx,Private room,30,77.0
Queens,Entire home/apt,30,82.0
Queens,Private room,30,113.0
Manhattan,Private room,30,59.0
Manhattan,Entire home/apt,5,315.0
Manhattan,Entire home/apt,31,335.0
Manhattan,Entire home/apt,31,273.0
Manhattan,Entire home/apt,31,319.0
Manhattan,Entire home/apt,31,250.0
Manhattan,Entire home/apt,31,299.0
Manhattan,Entire home/apt,31,301.0
Manhattan,Private room,90,56.0
Brooklyn,Private room,2,196.0
Manhattan,Private room,30,182.0
Brooklyn,Private room,30,76.0
Queens,Private room,1,68.0
Queens,Private room,1,77.0
Brooklyn,Entire home/apt,30,211.0
Brooklyn,Entire home/apt,30,280.0
Manhattan,Entire home/apt,3,308.0
Manhattan,Entire home/apt,30,138.0
Brooklyn,Entire home/apt,2,201.0
Manhattan,Entire home/apt,30,125.0
Manhattan,Entire home/apt,31,179.0
Manhattan,Entire home/apt,30,228.0
Manhattan,Entire home/apt,5,366.0
Brooklyn,Entire home/apt,30,175.0
Manhattan,Entire home/apt,3,176.0
Brooklyn,Entire home/apt,30,252.0
Brooklyn,Entire home/apt,30,250.0
Manhattan,Private room,3,146.0
Brooklyn,Entire home/apt,30,275.0
Manhattan,Entire home/apt,1,269.0
Brooklyn,Entire home/apt,30,421.0
Manhattan,Entire home/apt,30,202.0
Manhattan,Private room,270,205.0
Manhattan,Entire home/apt,1,210.0
Manhattan,Private room,1,79.0
Manhattan,Private room,1,275.0
Manhattan,Entire home/apt,1,884.0
Queens,Private room,3,95.0
Manhattan,Entire home/apt,1,282.0
Manhattan,Private room,1,230.0
Manhattan,Entire home/apt,1,206.0
Manhattan,Entire home/apt,30,96.0
Bronx,Entire home/apt,30,199.0
Manhattan,Entire home/apt,30,163.0
Manhattan,Entire home/apt,30,281.0
Manhattan,Entire home/apt,40,155.0
Queens,Private room,30,76.0
Brooklyn,Private room,30,50.0
Manhattan,Entire home/apt,1,252.0
Manhattan,Entire home/apt,1,272.0
Brooklyn,Entire home/apt,2,164.0
Manhattan,Entire home/apt,30,172.0
Manhattan,Entire home/apt,1,194.0
Brooklyn,Entire home/apt,30,99.0
Manhattan,Entire home/apt,30,270.0
Manhattan,Entire home/apt,30,250.0
Queens,Entire home/apt,5,195.0
Manhattan,Private room,30,58.0
Manhattan,Private room,30,59.0
Brooklyn,Entire home/apt,30,177.0
Manhattan,Entire home/apt,31,326.0
Bronx,Private room,2,180.0
Manhattan,Entire home/apt,3,473.0
Brooklyn,Private room,30,120.0
Brooklyn,Private room,30,126.0
Brooklyn,Entire home/apt,30,65.0
Brooklyn,Entire home/apt,30,171.0
Manhattan,Entire home/apt,30,145.0
Brooklyn,Private room,30,90.0
Brooklyn,Private room,30,119.0
Manhattan,Entire home/apt,30,170.0
Queens,Entire home/apt,30,225.0
Manhattan,Entire home/apt,1,174.0
Manhattan,Entire home/apt,1,259.0
Brooklyn,Entire home/apt,30,203.0
Bronx,Entire home/apt,30,80.0
Brooklyn,Entire home/apt,30,250.0
Manhattan,Entire home/apt,2,720.0
Manhattan,Entire home/apt,5,362.0
Manhattan,Private room,30,56.0
Manhattan,Private room,1,235.0
Queens,Private room,30,64.0
Manhattan,Entire home/apt,4,146.0
Brooklyn,Entire home/apt,30,122.0
Manhattan,Private room,1,81.0
Manhattan,Private room,30,92.0
Manhattan,Entire home/apt,30,230.0
Manhattan,Entire home/apt,30,235.0
Manhattan,Entire home/apt,30,239.0
Bronx,Entire home/apt,2,179.0
Brooklyn,Entire home/apt,2,273.0
Queens,Entire home/apt,30,119.0
Manhattan,Private room,1,160.0
Manhattan,Private room,3,136.0
Queens,Entire home/apt,30,95.0
Manhattan,Private room,3,129.0
Manhattan,Entire home/apt,30,500.0
Manhattan,Entire home/apt,30,278.0
Brooklyn,Entire home/apt,3,249.0
Manhattan,Hotel room,1,237.0
Manhattan,Private room,1,466.0
Queens,Entire home/apt,30,95.0
Brooklyn,Entire home/apt,2,268.0
Manhattan,Private room,1,581.0
Brooklyn,Entire home/apt,3,377.0
Bronx,Entire home/apt,30,87.0
Manhattan,Entire home/apt,2,564.0
Manhattan,Private room,30,320.0
Queens,Entire home/apt,30,77.0
Brooklyn,Private room,1,234.0
Manhattan,Entire home/apt,4,203.0
Brooklyn,Private room,1,83.0
Brooklyn,Private room,30,60.0
Manhattan,Entire home/apt,2,400.0
Brooklyn,Entire home/apt,30,150.0
Manhattan,Private room,1,162.0
Queens,Private room,2,151.0
Manhattan,Private room,1,160.0
Brooklyn,Entire home/apt,30,145.0
Manhattan,Entire home/apt,1,165.0
Manhattan,Entire home/apt,1,165.0
Manhattan,Private room,1,137.0
Manhattan,Private room,2,137.0
Manhattan,Private room,2,137.0
Manhattan,Entire home/apt,1,236.0
Brooklyn,Private room,1,177.0
Manhattan,Private room,30,54.0
Brooklyn,Private room,30,59.0
Brooklyn,Entire home/apt,2,275.0
Brooklyn,Private room,1,82.0
Brooklyn,Private room,1,83.0
Manhattan,Private room,1,255.0
Queens,Private room,30,70.0
Brooklyn,Private room,30,120.0
Brooklyn,Private room,30,198.0
Manhattan,Private room,1,133.0
Manhattan,Private room,30,77.0
Manhattan,Entire home/apt,31,307.0
Manhattan,Entire home/apt,4,168.0
Manhattan,Entire home/apt,30,375.0
Manhattan,Entire home/apt,30,214.0
Manhattan,Entire home/apt,3,391.0
Manhattan,Entire home/apt,30,165.0
Brooklyn,Entire home/apt,30,664.0
Manhattan,Entire home/apt,30,962.0
Manhattan,Entire home/apt,1,285.0
Manhattan,Private room,30,99.0
Manhattan,Entire home/apt,31,447.0
Manhattan,Entire home/apt,31,369.0
Manhattan,Private room,1,119.0
Brooklyn,Entire home/apt,2,275.0
Queens,Private room,30,57.0
Queens,Entire home/apt,30,97.0
Queens,Private room,1,51.0
Manhattan,Entire home/apt,3,500.0
Queens,Entire home/apt,30,260.0
Brooklyn,Entire home/apt,30,464.0
Manhattan,Private room,3,89.0
Manhattan,Private room,60,76.0
Brooklyn,Private room,1,88.0
Brooklyn,Private room,1,225.0
Manhattan,Entire home/apt,30,320.0
Manhattan,Entire home/apt,30,170.0
Manhattan,Entire home/apt,7,379.0
Manhattan,Entire home/apt,31,342.0
Manhattan,Entire home/apt,31,340.0
Brooklyn,Private room,30,83.0
Manhattan,Entire home/apt,30,292.0
Manhattan,Entire home/apt,30,348.0
Queens,Private room,1,77.0
Manhattan,Entire home/apt,5,472.0
Brooklyn,Entire home/apt,30,158.0
Manhattan,Hotel room,1,543.0
Brooklyn,Entire home/apt,30,128.0
Manhattan,Entire home/apt,30,170.0
Manhattan,Entire home/apt,30,338.0
Manhattan,Entire home/apt,5,115.0
Manhattan,Entire home/apt,30,226.0
Manhattan,Entire home/apt,30,251.0
Manhattan,Entire home/apt,30,259.0
Manhattan,Entire home/apt,30,255.0
Manhattan,Entire home/apt,31,369.0
Brooklyn,Entire home/apt,2,159.0
Brooklyn,Entire home/apt,1,203.0
Queens,Private room,30,54.0
Brooklyn,Entire home/apt,4,220.0
Brooklyn,Entire home/apt,30,206.0
Queens,Private room,30,108.0
Manhattan,Entire home/apt,1,269.0
Manhattan,Entire home/apt,1,276.0
Manhattan,Private room,1,157.0
Queens,Private room,1,179.0
Brooklyn,Entire home/apt,30,115.0
Queens,Private room,2,67.0
Bronx,Entire home/apt,30,89.0
Manhattan,Entire home/apt,30,285.0
Brooklyn,Private room,30,250.0
Manhattan,Entire home/apt,4,459.0
Brooklyn,Entire home/apt,2,275.0
Manhattan,Entire home/apt,30,300.0
Manhattan,Entire home/apt,30,91.0
Manhattan,Entire home/apt,30,192.0
Manhattan,Entire home/apt,3,176.0
Manhattan,Entire home/apt,25,250.0
Manhattan,Private room,1,869.0
Manhattan,Private room,1,563.0
Manhattan,Private room,1,603.0
Manhattan,Private room,1,368.0
Manhattan,Private room,1,869.0
Manhattan,Private room,31,76.0
Manhattan,Entire home/apt,1,400.0
Brooklyn,Entire home/apt,1,185.0
Manhattan,Entire home/apt,30,222.0
Brooklyn,Private room,30,55.0
Manhattan,Entire home/apt,2,500.0
Brooklyn,Entire home/apt,30,92.0
Manhattan,Private room,30,133.0
Queens,Private room,2,74.0
Manhattan,Entire home/apt,3,415.0
Queens,Private room,30,64.0
Manhattan,Entire home/apt,30,240.0
Brooklyn,Entire home/apt,3,196.0
Manhattan,Entire home/apt,30,280.0
Brooklyn,Entire home/apt,30,153.0
Brooklyn,Entire home/apt,3,645.0
Staten Island,Entire home/apt,31,225.0
Queens,Entire home/apt,1,116.0
Queens,Private room,1,80.0
Queens,Entire home/apt,30,67.0
Brooklyn,Entire home/apt,2,237.0
Brooklyn,Entire home/apt,30,161.0
Queens,Entire home/apt,5,203.0
Manhattan,Entire home/apt,30,235.0
Manhattan,Entire home/apt,30,225.0
Manhattan,Private room,1,106.0
Manhattan,Entire home/apt,30,216.0
Manhattan,Entire home/apt,30,120.0
Queens,Entire home/apt,30,100.0
Manhattan,Entire home/apt,30,114.0
Queens,Entire home/apt,1,178.0
Brooklyn,Entire home/apt,3,274.0
Manhattan,Entire home/apt,31,268.0
Manhattan,Entire home/apt,31,365.0
Manhattan,Entire home/apt,31,434.0
Manhattan,Entire home/apt,31,500.0
Manhattan,Entire home/apt,3,753.0
Manhattan,Entire home/apt,30,467.0
Bronx,Entire home/apt,1,138.0
Manhattan,Private room,30,57.0
Queens,Private room,1,95.0
Queens,Private room,1,187.0
Brooklyn,Private room,1,114.0
Manhattan,Private room,30,60.0
Manhattan,Entire home/apt,2,224.0
Manhattan,Private room,30,360.0
Manhattan,Entire home/apt,5,489.0
Manhattan,Entire home/apt,31,524.0
Manhattan,Entire home/apt,31,522.0
Manhattan,Entire home/apt,31,363.0
Manhattan,Entire home/apt,31,365.0
Manhattan,Entire home/apt,31,468.0
Manhattan,Entire home/apt,1,235.0
Manhattan,Entire home/apt,30,107.0
Manhattan,Entire home/apt,30,99.0
Manhattan,Entire home/apt,30,86.0
Manhattan,Private room,1,127.0
Bronx,Entire home/apt,2,117.0
Manhattan,Entire home/apt,30,253.0
Manhattan,Hotel room,1,351.0
Manhattan,Hotel room,1,330.0
Manhattan,Hotel room,1,386.0
Brooklyn,Private room,3,108.0
Manhattan,Entire home/apt,30,115.0
Queens,Entire home/apt,30,99.0
Manhattan,Entire home/apt,3,332.0
Manhattan,Entire home/apt,31,327.0
Manhattan,Entire home/apt,31,422.0
Manhattan,Entire home/apt,31,364.0
Queens,Entire home/apt,1,150.0
Queens,Entire home/apt,30,280.0
Manhattan,Entire home/apt,31,366.0
Manhattan,Private room,30,599.0
Brooklyn,Private room,1,265.0
Manhattan,Entire home/apt,5,152.0
Manhattan,Hotel room,1,660.0
Manhattan,Hotel room,1,990.0
Manhattan,Entire home/apt,5,352.0
Manhattan,Entire home/apt,1,1000.0
Manhattan,Hotel room,1,799.0
Brooklyn,Entire home/apt,30,174.0
Brooklyn,Private room,30,65.0
Manhattan,Entire home/apt,3,225.0
Brooklyn,Entire home/apt,30,203.0
Brooklyn,Entire home/apt,30,300.0
Brooklyn,Entire home/apt,30,180.0
Manhattan,Entire home/apt,2,465.0
Manhattan,Entire home/apt,1,563.0
Brooklyn,Entire home/apt,2,144.0
Brooklyn,Private room,30,295.0
Brooklyn,Entire home/apt,1,160.0
Manhattan,Entire home/apt,5,561.0
Brooklyn,Private room,30,148.0
Brooklyn,Private room,30,168.0
Manhattan,Entire home/apt,30,300.0
Queens,Entire home/apt,30,134.0
Queens,Entire home/apt,30,120.0
Manhattan,Entire home/apt,7,234.0
Manhattan,Private room,30,135.0
Manhattan,Entire home/apt,30,205.0
Manhattan,Entire home/apt,30,165.0
Manhattan,Private room,2,95.0
Manhattan,Entire home/apt,30,177.0
Manhattan,Entire home/apt,30,211.0
Manhattan,Entire home/apt,30,107.0
Manhattan,Private room,30,199.0
Brooklyn,Private room,1,345.0
Brooklyn,Entire home/apt,3,199.0
Manhattan,Entire home/apt,30,240.0
Brooklyn,Entire home/apt,3,420.0
Manhattan,Entire home/apt,7,264.0
Manhattan,Entire home/apt,30,100.0
Queens,Private room,30,67.0
Queens,Private room,30,50.0
Manhattan,Private room,1,81.0
Manhattan,Entire home/apt,31,304.0
Manhattan,Entire home/apt,31,449.0
Manhattan,Entire home/apt,31,334.0
Manhattan,Entire home/apt,31,444.0
Manhattan,Entire home/apt,31,434.0
Manhattan,Entire home/apt,31,371.0
Manhattan,Entire home/apt,31,347.0
Brooklyn,Private room,30,132.0
Manhattan,Entire home/apt,3,748.0
Brooklyn,Entire home/apt,3,469.0
Manhattan,Entire home/apt,30,181.0
Manhattan,Hotel room,1,801.0
Manhattan,Hotel room,1,802.0
Manhattan,Private room,30,182.0
Manhattan,Entire home/apt,1,584.0
Manhattan,Entire home/apt,7,218.0
Brooklyn,Entire home/apt,30,158.0
Manhattan,Entire home/apt,31,317.0
Manhattan,Entire home/apt,31,310.0
Manhattan,Entire home/apt,31,331.0
Manhattan,Entire home/apt,1,542.0
Bronx,Entire home/apt,1,113.0
Bronx,Entire home/apt,1,123.0
Manhattan,Hotel room,1,615.0
Manhattan,Hotel room,1,394.0
Manhattan,Entire home/apt,30,350.0
Manhattan,Entire home/apt,5,256.0
Queens,Private room,2,105.0
Manhattan,Hotel room,1,801.0
Brooklyn,Entire home/apt,30,182.0
Manhattan,Hotel room,1,502.0
Manhattan,Hotel room,1,410.0
Manhattan,Hotel room,1,304.0
Manhattan,Hotel room,1,286.0
Manhattan,Hotel room,1,402.0
Manhattan,Hotel room,1,156.0
Manhattan,Hotel room,1,156.0
Manhattan,Entire home/apt,30,74.0
Manhattan,Entire home/apt,4,374.0
Queens,Entire home/apt,30,128.0
Manhattan,Entire home/apt,7,321.0
Manhattan,Entire home/apt,30,161.0
Manhattan,Entire home/apt,30,328.0
Manhattan,Private room,30,71.0
Manhattan,Private room,1,272.0
Manhattan,Private room,2,83.0
Manhattan,Private room,30,102.0
Manhattan,Entire home/apt,30,99.0
Queens,Private room,2,249.0
Brooklyn,Entire home/apt,31,325.0
Brooklyn,Entire home/apt,30,188.0
Brooklyn,Private room,30,190.0
Manhattan,Hotel room,1,471.0
Manhattan,Private room,5,79.0
Manhattan,Entire home/apt,30,191.0
Manhattan,Entire home/apt,30,182.0
Manhattan,Private room,30,89.0
Manhattan,Entire home/apt,4,229.0
Queens,Entire home/apt,1,180.0
Brooklyn,Private room,30,250.0
Manhattan,Entire home/apt,30,176.0
Bronx,Private room,30,55.0
Brooklyn,Entire home/apt,30,155.0
Manhattan,Entire home/apt,30,150.0
Manhattan,Entire home/apt,30,105.0
Manhattan,Entire home/apt,31,315.0
Manhattan,Entire home/apt,31,305.0
Queens,Private room,3,166.0
Manhattan,Entire home/apt,31,369.0
Brooklyn,Entire home/apt,30,215.0
Queens,Private room,30,122.0
Manhattan,Private room,30,72.0
Manhattan,Entire home/apt,30,130.0
Manhattan,Entire home/apt,1,147.0
Manhattan,Entire home/apt,1,166.0
Manhattan,Entire home/apt,31,333.0
Manhattan,Entire home/apt,31,327.0
Brooklyn,Entire home/apt,3,718.0
Manhattan,Private room,60,80.0
Queens,Private room,30,63.0
Brooklyn,Private room,10,93.0
Brooklyn,Private room,3,135.0
Manhattan,Entire home/apt,30,707.0
Manhattan,Entire home/apt,30,255.0
Manhattan,Entire home/apt,30,237.0
Manhattan,Entire home/apt,30,217.0
Manhattan,Entire home/apt,30,170.0
Brooklyn,Entire home/apt,30,63.0
Brooklyn,Private room,1,80.0
Manhattan,Entire home/apt,3,188.0
Manhattan,Entire home/apt,30,385.0
Manhattan,Entire home/apt,1,669.0
Queens,Private room,1,117.0
Brooklyn,Entire home/apt,3,274.0
Queens,Entire home/apt,2,274.0
Manhattan,Private room,30,117.0
Manhattan,Entire home/apt,30,269.0
Queens,Private room,3,90.0
Manhattan,Entire home/apt,30,85.0
Queens,Entire home/apt,30,128.0
Manhattan,Entire home/apt,5,438.0
Manhattan,Entire home/apt,31,304.0
Manhattan,Entire home/apt,31,304.0
Manhattan,Entire home/apt,31,379.0
Manhattan,Entire home/apt,31,367.0
Brooklyn,Entire home/apt,30,150.0
Manhattan,Entire home/apt,31,379.0
Manhattan,Entire home/apt,30,382.0
Manhattan,Entire home/apt,31,501.0
Brooklyn,Entire home/apt,30,250.0
Manhattan,Entire home/apt,30,335.0
Brooklyn,Private room,1,100.0
Manhattan,Entire home/apt,4,235.0
Manhattan,Entire home/apt,4,168.0
Manhattan,Hotel room,1,264.0
Brooklyn,Entire home/apt,30,350.0
Manhattan,Entire home/apt,30,225.0
Manhattan,Private room,1,88.0
Brooklyn,Entire home/apt,30,248.0
Brooklyn,Entire home/apt,30,135.0
Queens,Private room,2,70.0
Queens,Private room,2,70.0
Manhattan,Entire home/apt,30,189.0
Brooklyn,Private room,30,449.0
Brooklyn,Private room,3,127.0
Manhattan,Entire home/apt,30,104.0
Manhattan,Entire home/apt,31,271.0
Queens,Entire home/apt,30,60.0
Manhattan,Entire home/apt,30,170.0
Bronx,Private room,30,60.0
Brooklyn,Entire home/apt,30,599.0
Brooklyn,Entire home/apt,30,140.0
Brooklyn,Entire home/apt,30,302.0
Brooklyn,Entire home/apt,30,120.0
Queens,Private room,2,71.0
Brooklyn,Private room,1,214.0
Manhattan,Entire home/apt,30,96.0
Queens,Private room,30,80.0
Bronx,Private room,30,53.0
Manhattan,Private room,30,145.0
Brooklyn,Private room,30,56.0
Manhattan,Hotel room,1,805.0
Brooklyn,Entire home/apt,30,80.0
Manhattan,Entire home/apt,31,301.0
Manhattan,Entire home/apt,31,320.0
Manhattan,Entire home/apt,31,313.0
Manhattan,Entire home/apt,31,328.0
Manhattan,Entire home/apt,31,268.0
Manhattan,Private room,1,299.0
Manhattan,Entire home/apt,30,107.0
Queens,Entire home/apt,3,240.0
Queens,Entire home/apt,5,110.0
Manhattan,Private room,30,61.0
Manhattan,Entire home/apt,31,372.0
Manhattan,Entire home/apt,30,240.0
Brooklyn,Entire home/apt,30,193.0
Brooklyn,Entire home/apt,30,193.0
Manhattan,Entire home/apt,30,324.0
Manhattan,Entire home/apt,30,420.0
Manhattan,Private room,30,65.0
Brooklyn,Entire home/apt,1,186.0
Manhattan,Entire home/apt,30,188.0
Brooklyn,Entire home/apt,30,128.0
Brooklyn,Private room,10,96.0
Manhattan,Entire home/apt,30,139.0
Manhattan,Entire home/apt,1,683.0
Queens,Entire home/apt,1,299.0
Brooklyn,Entire home/apt,1,191.0
Manhattan,Entire home/apt,3,463.0
Manhattan,Private room,3,141.0
Brooklyn,Private room,30,108.0
Brooklyn,Entire home/apt,30,60.0
Manhattan,Entire home/apt,30,365.0
Manhattan,Private room,1,342.0
Manhattan,Private room,1,73.0
Manhattan,Private room,1,101.0
Manhattan,Entire home/apt,5,675.0
Manhattan,Entire home/apt,30,99.0
Brooklyn,Entire home/apt,30,150.0
Brooklyn,Entire home/apt,60,261.0
Manhattan,Entire home/apt,30,175.0
Brooklyn,Private room,30,150.0
Brooklyn,Entire home/apt,2,172.0
Manhattan,Private room,1,732.0
Manhattan,Entire home/apt,31,496.0
Manhattan,Entire home/apt,31,497.0
Manhattan,Entire home/apt,31,352.0
Manhattan,Entire home/apt,31,352.0
Brooklyn,Entire home/apt,1,104.0
Manhattan,Entire home/apt,31,125.0
Manhattan,Entire home/apt,30,132.0
Brooklyn,Private room,30,66.0
Manhattan,Entire home/apt,2,672.0
Manhattan,Private room,30,126.0
Brooklyn,Entire home/apt,1,104.0
Manhattan,Entire home/apt,31,449.0
Manhattan,Private room,1,323.0
Manhattan,Entire home/apt,30,104.0
Brooklyn,Private room,30,75.0
Manhattan,Entire home/apt,31,372.0
Manhattan,Entire home/apt,31,375.0
Manhattan,Entire home/apt,31,424.0
Manhattan,Entire home/apt,30,170.0
Manhattan,Private room,30,120.0
Manhattan,Entire home/apt,30,315.0
Manhattan,Entire home/apt,31,356.0
Manhattan,Entire home/apt,31,267.0
Manhattan,Entire home/apt,31,505.0
Manhattan,Entire home/apt,1,166.0
Manhattan,Entire home/apt,30,90.0
Brooklyn,Entire home/apt,2,136.0
Brooklyn,Entire home/apt,3,113.0
Queens,Entire home/apt,30,170.0
Bronx,Entire home/apt,1,124.0
Bronx,Entire home/apt,1,127.0
Bronx,Entire home/apt,1,174.0
Staten Island,Private room,30,103.0
Manhattan,Entire home/apt,30,525.0
Brooklyn,Private room,2,100.0
Bronx,Private room,30,64.0
Manhattan,Entire home/apt,30,57.0
Manhattan,Entire home/apt,30,180.0
Manhattan,Entire home/apt,30,78.0
Brooklyn,Private room,2,99.0
Manhattan,Entire home/apt,30,305.0
Bronx,Private room,30,76.0
Bronx,Private room,30,76.0
Manhattan,Entire home/apt,30,250.0
Manhattan,Private room,30,79.0
Queens,Entire home/apt,30,114.0
Manhattan,Entire home/apt,30,86.0
Queens,Entire home/apt,2,197.0
Manhattan,Entire home/apt,31,279.0
Manhattan,Entire home/apt,31,323.0
Queens,Entire home/apt,30,130.0
Manhattan,Hotel room,1,295.0
Manhattan,Hotel room,1,117.0
Manhattan,Hotel room,1,100.0
Manhattan,Hotel room,1,100.0
Manhattan,Hotel room,1,100.0
Manhattan,Hotel room,1,80.0
Manhattan,Entire home/apt,30,147.0
Queens,Entire home/apt,30,131.0
Brooklyn,Entire home/apt,1,240.0
Manhattan,Entire home/apt,31,731.0
Manhattan,Private room,1,101.0
Brooklyn,Entire home/apt,30,200.0
Queens,Private room,2,71.0
Manhattan,Private room,30,176.0
Bronx,Private room,1,100.0
Brooklyn,Private room,1,121.0
Manhattan,Private room,1,641.0
Brooklyn,Private room,30,229.0
Brooklyn,Private room,30,152.0
Manhattan,Entire home/apt,30,86.0
Brooklyn,Entire home/apt,30,144.0
Brooklyn,Private room,30,65.0
Brooklyn,Private room,30,56.0
Brooklyn,Entire home/apt,30,176.0
Brooklyn,Private room,30,100.0
Manhattan,Entire home/apt,30,679.0
Brooklyn,Entire home/apt,30,350.0
Manhattan,Private room,31,275.0
Queens,Entire home/apt,30,87.0
Manhattan,Entire home/apt,30,168.0
Manhattan,Entire home/apt,30,99.0
Manhattan,Private room,31,249.0
Queens,Private room,30,57.0
Brooklyn,Entire home/apt,30,293.0
Manhattan,Entire home/apt,30,225.0
Manhattan,Entire home/apt,30,130.0
Manhattan,Entire home/apt,31,375.0
Manhattan,Entire home/apt,31,449.0
Manhattan,Entire home/apt,30,123.0
Manhattan,Entire home/apt,30,136.0
Manhattan,Private room,1,208.0
Manhattan,Private room,30,60.0
Manhattan,Entire home/apt,30,169.0
Queens,Entire home/apt,30,90.0
Manhattan,Entire home/apt,30,250.0
Manhattan,Entire home/apt,2,367.0
Manhattan,Entire home/apt,30,93.0
Manhattan,Entire home/apt,30,126.0
Manhattan,Entire home/apt,30,153.0
Brooklyn,Private room,1,177.0
Queens,Private room,30,54.0
Manhattan,Entire home/apt,30,243.0
Manhattan,Entire home/apt,30,340.0
Manhattan,Entire home/apt,30,210.0
Manhattan,Entire home/apt,30,225.0
Manhattan,Entire home/apt,31,368.0
Manhattan,Entire home/apt,31,570.0
Manhattan,Private room,30,199.0
Manhattan,Private room,30,227.0
Manhattan,Private room,30,135.0
Manhattan,Private room,30,125.0
Bronx,Entire home/apt,30,78.0
Brooklyn,Private room,30,70.0
Brooklyn,Entire home/apt,30,95.0
Manhattan,Entire home/apt,31,352.0
Brooklyn,Entire home/apt,1,190.0
Manhattan,Entire home/apt,30,235.0
Brooklyn,Entire home/apt,1,321.0
Manhattan,Private room,1,180.0
Manhattan,Private room,1,257.0
Manhattan,Private room,1,266.0
Manhattan,Private room,1,287.0
Queens,Entire home/apt,3,230.0
Brooklyn,Entire home/apt,30,120.0
Brooklyn,Private room,31,280.0
Brooklyn,Entire home/apt,30,130.0
Manhattan,Entire home/apt,31,381.0
Manhattan,Hotel room,1,155.0
Manhattan,Hotel room,1,195.0
Manhattan,Hotel room,1,391.0
Manhattan,Hotel room,1,568.0
Manhattan,Entire home/apt,30,161.0
Brooklyn,Entire home/apt,1,210.0
Manhattan,Entire home/apt,2,230.0
Manhattan,Entire home/apt,5,322.0
Queens,Private room,1,71.0
Brooklyn,Private room,30,130.0
Bronx,Private room,30,55.0
Brooklyn,Private room,30,75.0
Manhattan,Private room,30,87.0
Manhattan,Private room,30,53.0
Manhattan,Entire home/apt,30,177.0
Manhattan,Entire home/apt,30,252.0
Manhattan,Entire home/apt,30,53.0
Manhattan,Entire home/apt,30,53.0
Brooklyn,Private room,30,96.0
Brooklyn,Private room,2,221.0
Manhattan,Entire home/apt,60,110.0
Brooklyn,Entire home/apt,30,284.0
Manhattan,Private room,30,59.0
Manhattan,Entire home/apt,30,57.0
Manhattan,Entire home/apt,31,736.0
Brooklyn,Entire home/apt,31,384.0
Manhattan,Entire home/apt,31,445.0
Manhattan,Entire home/apt,31,442.0
Brooklyn,Entire home/apt,31,318.0
Manhattan,Entire home/apt,31,343.0
Brooklyn,Entire home/apt,31,440.0
Manhattan,Entire home/apt,31,282.0
Manhattan,Entire home/apt,31,471.0
Manhattan,Entire home/apt,31,442.0
Manhattan,Entire home/apt,31,347.0
Manhattan,Entire home/apt,31,416.0
Manhattan,Entire home/apt,31,425.0
Manhattan,Entire home/apt,31,362.0
Brooklyn,Entire home/apt,31,466.0
Brooklyn,Entire home/apt,31,491.0
Manhattan,Entire home/apt,31,408.0
Manhattan,Entire home/apt,31,551.0
Manhattan,Entire home/apt,31,474.0
Manhattan,Entire home/apt,31,470.0
Manhattan,Entire home/apt,31,467.0
Manhattan,Entire home/apt,31,396.0
Manhattan,Entire home/apt,31,548.0
Manhattan,Entire home/apt,31,439.0
Manhattan,Entire home/apt,31,445.0
Manhattan,Entire home/apt,31,407.0
Manhattan,Entire home/apt,31,361.0
Manhattan,Entire home/apt,31,492.0
Manhattan,Entire home/apt,31,436.0
Manhattan,Entire home/apt,31,426.0
Manhattan,Entire home/apt,31,443.0
Manhattan,Entire home/apt,31,544.0
Manhattan,Entire home/apt,31,544.0
Manhattan,Entire home/apt,31,425.0
Manhattan,Entire home/apt,31,372.0
Manhattan,Entire home/apt,31,551.0
Manhattan,Entire home/apt,31,343.0
Manhattan,Entire home/apt,31,351.0
Manhattan,Entire home/apt,31,551.0
Manhattan,Entire home/apt,31,470.0
Brooklyn,Entire home/apt,31,415.0
Manhattan,Entire home/apt,31,362.0
Manhattan,Entire home/apt,31,443.0
Manhattan,Entire home/apt,2,428.0
Brooklyn,Private room,1,371.0
Queens,Entire home/apt,30,113.0
Manhattan,Entire home/apt,30,151.0
Queens,Entire home/apt,30,96.0
Manhattan,Entire home/apt,30,244.0
Brooklyn,Entire home/apt,1,179.0
Brooklyn,Entire home/apt,1,163.0
Manhattan,Entire home/apt,3,499.0
Brooklyn,Private room,30,60.0
Queens,Entire home/apt,1,174.0
Manhattan,Entire home/apt,1,178.0
Manhattan,Entire home/apt,1,257.0
Manhattan,Entire home/apt,1,174.0
Manhattan,Entire home/apt,30,205.0
Manhattan,Entire home/apt,30,268.0
Brooklyn,Entire home/apt,1,257.0
Manhattan,Private room,1,395.0
Manhattan,Private room,1,479.0
Manhattan,Private room,1,549.0
Queens,Private room,1,144.0
Queens,Private room,1,100.0
Queens,Private room,1,154.0
Queens,Private room,1,223.0
Manhattan,Entire home/apt,30,223.0
Manhattan,Entire home/apt,30,440.0
Manhattan,Private room,30,80.0
Brooklyn,Entire home/apt,30,139.0
Manhattan,Entire home/apt,31,436.0
Brooklyn,Private room,2,108.0
Queens,Entire home/apt,5,200.0
Brooklyn,Private room,30,171.0
Manhattan,Entire home/apt,30,53.0
Manhattan,Entire home/apt,30,53.0
Manhattan,Entire home/apt,4,529.0
Manhattan,Entire home/apt,30,79.0
Bronx,Entire home/apt,30,90.0
Manhattan,Entire home/apt,30,170.0
Manhattan,Entire home/apt,30,153.0
Manhattan,Private room,2,113.0
Brooklyn,Private room,1,70.0
Brooklyn,Entire home/apt,30,130.0
Manhattan,Private room,30,99.0
Brooklyn,Entire home/apt,30,140.0
Brooklyn,Entire home/apt,30,249.0
Brooklyn,Entire home/apt,30,200.0
Queens,Private room,30,68.0
Staten Island,Entire home/apt,30,125.0
Manhattan,Entire home/apt,31,381.0
Manhattan,Entire home/apt,31,495.0
Brooklyn,Private room,2,108.0
Queens,Private room,2,80.0
Queens,Private room,2,76.0
Queens,Entire home/apt,30,680.0
Queens,Entire home/apt,1,365.0
Queens,Private room,2,137.0
Brooklyn,Private room,30,50.0
Manhattan,Entire home/apt,30,294.0
Queens,Private room,1,199.0
Manhattan,Entire home/apt,5,449.0
Manhattan,Entire home/apt,30,328.0
Brooklyn,Private room,30,54.0
Manhattan,Private room,1,182.0
Manhattan,Private room,1,220.0
Staten Island,Private room,2,70.0
Manhattan,Entire home/apt,30,232.0
Manhattan,Entire home/apt,30,347.0
Staten Island,Private room,5,75.0
Manhattan,Entire home/apt,30,273.0
Manhattan,Entire home/apt,30,185.0
Brooklyn,Entire home/apt,31,481.0
Brooklyn,Entire home/apt,31,407.0
Manhattan,Entire home/apt,31,571.0
Manhattan,Entire home/apt,31,551.0
Manhattan,Entire home/apt,31,347.0
Brooklyn,Entire home/apt,31,595.0
Manhattan,Entire home/apt,31,347.0
Manhattan,Entire home/apt,31,372.0
Brooklyn,Entire home/apt,31,284.0
Brooklyn,Entire home/apt,31,367.0
Brooklyn,Entire home/apt,31,442.0
Manhattan,Hotel room,1,432.0
Manhattan,Entire home/apt,31,449.0
Manhattan,Hotel room,1,346.0
Brooklyn,Entire home/apt,31,496.0
Brooklyn,Entire home/apt,31,502.0
Brooklyn,Entire home/apt,31,367.0
Manhattan,Hotel room,1,757.0
Manhattan,Hotel room,1,170.0
Brooklyn,Private room,3,97.0
Manhattan,Entire home/apt,1,176.0
Manhattan,Private room,30,125.0
Manhattan,Private room,30,125.0
Manhattan,Private room,30,125.0
Brooklyn,Private room,30,144.0
Manhattan,Entire home/apt,30,360.0
Brooklyn,Entire home/apt,30,240.0
Brooklyn,Entire home/apt,2,191.0
Brooklyn,Private room,1,102.0
Brooklyn,Entire home/apt,30,91.0
Manhattan,Entire home/apt,3,190.0
Brooklyn,Private room,30,100.0
Manhattan,Entire home/apt,30,224.0
Manhattan,Private room,1,250.0
Manhattan,Entire home/apt,31,515.0
Manhattan,Entire home/apt,30,252.0
Manhattan,Entire home/apt,30,128.0
Manhattan,Hotel room,1,239.0
Manhattan,Entire home/apt,30,150.0
Manhattan,Entire home/apt,30,350.0
Bronx,Entire home/apt,1,338.0
Manhattan,Entire home/apt,5,712.0
Manhattan,Entire home/apt,31,435.0
Manhattan,Entire home/apt,31,394.0
Manhattan,Entire home/apt,31,450.0
Manhattan,Entire home/apt,31,451.0
Manhattan,Entire home/apt,31,416.0
Manhattan,Entire home/apt,31,294.0
Manhattan,Entire home/apt,31,394.0
Manhattan,Entire home/apt,31,521.0
Manhattan,Entire home/apt,31,339.0
Manhattan,Entire home/apt,31,477.0
Manhattan,Entire home/apt,31,472.0
Manhattan,Entire home/apt,31,476.0
Manhattan,Entire home/apt,31,337.0
Manhattan,Entire home/apt,31,329.0
Manhattan,Entire home/apt,31,421.0
Manhattan,Entire home/apt,31,396.0
Manhattan,Entire home/apt,31,307.0
Manhattan,Entire home/apt,31,298.0
Manhattan,Entire home/apt,31,298.0
Manhattan,Entire home/apt,31,324.0
Manhattan,Entire home/apt,3,470.0
Queens,Private room,1,350.0
Queens,Entire home/apt,3,180.0
Brooklyn,Entire home/apt,30,208.0
Brooklyn,Private room,1,56.0
Brooklyn,Private room,30,53.0
Brooklyn,Private room,30,66.0
Brooklyn,Entire home/apt,30,68.0
Queens,Private room,30,65.0
Manhattan,Entire home/apt,7,296.0
Brooklyn,Entire home/apt,30,157.0
Manhattan,Entire home/apt,30,140.0
Brooklyn,Private room,30,67.0
Brooklyn,Entire home/apt,30,157.0
Manhattan,Entire home/apt,5,382.0
Queens,Private room,30,90.0
Brooklyn,Entire home/apt,30,179.0
Manhattan,Entire home/apt,1,203.0
Queens,Entire home/apt,1,507.0
Brooklyn,Entire home/apt,30,833.0
Queens,Private room,30,88.0
Manhattan,Private room,30,92.0
Manhattan,Entire home/apt,3,570.0
Manhattan,Entire home/apt,30,109.0
Bronx,Entire home/apt,30,110.0
Brooklyn,Entire home/apt,31,503.0
Brooklyn,Entire home/apt,31,491.0
Manhattan,Hotel room,1,534.0
Manhattan,Private room,1,264.0
Manhattan,Entire home/apt,30,139.0
Manhattan,Private room,30,99.0
Bronx,Private room,3,79.0
Queens,Private room,1,136.0
Manhattan,Private room,30,79.0
Brooklyn,Entire home/apt,180,140.0
Brooklyn,Entire home/apt,30,93.0
Manhattan,Entire home/apt,30,200.0
Brooklyn,Entire home/apt,30,157.0
Brooklyn,Private room,30,80.0
Manhattan,Private room,30,63.0
Queens,Entire home/apt,30,92.0
Manhattan,Entire home/apt,30,130.0
Manhattan,Entire home/apt,2,743.0
Manhattan,Entire home/apt,2,507.0
Queens,Entire home/apt,30,69.0
Brooklyn,Private room,30,150.0
Manhattan,Entire home/apt,5,303.0
Queens,Private room,1,59.0
Manhattan,Entire home/apt,5,206.0
Queens,Entire home/apt,30,164.0
Queens,Private room,1,86.0
Manhattan,Entire home/apt,30,150.0
Queens,Private room,1,72.0
Brooklyn,Entire home/apt,2,292.0
Manhattan,Entire home/apt,3,382.0
Brooklyn,Entire home/apt,30,100.0
Manhattan,Entire home/apt,30,74.0
Manhattan,Entire home/apt,3,286.0
Brooklyn,Private room,30,50.0
Manhattan,Entire home/apt,1,622.0
Brooklyn,Entire home/apt,30,109.0
Brooklyn,Entire home/apt,30,196.0
Manhattan,Entire home/apt,31,352.0
Brooklyn,Private room,3,125.0
Manhattan,Entire home/apt,30,63.0
Brooklyn,Private room,1,275.0
Manhattan,Entire home/apt,30,95.0
Manhattan,Entire home/apt,30,432.0
Manhattan,Entire home/apt,30,162.0
Manhattan,Entire home/apt,30,468.0
Manhattan,Entire home/apt,30,100.0
Manhattan,Private room,30,171.0
Queens,Entire home/apt,2,216.0
Manhattan,Entire home/apt,30,140.0
Brooklyn,Entire home/apt,30,165.0
Brooklyn,Entire home/apt,30,288.0
Bronx,Private room,2,89.0
Brooklyn,Entire home/apt,30,273.0
Manhattan,Entire home/apt,30,151.0
Manhattan,Entire home/apt,30,247.0
Manhattan,Entire home/apt,30,171.0
Queens,Entire home/apt,3,170.0
Manhattan,Private room,1,236.0
Manhattan,Private room,1,204.0
Manhattan,Private room,1,167.0
Manhattan,Private room,1,449.0
Manhattan,Private room,1,204.0
Manhattan,Private room,1,151.0
Brooklyn,Entire home/apt,5,254.0
Staten Island,Private room,30,55.0
Staten Island,Private room,30,50.0
Manhattan,Entire home/apt,31,352.0
Manhattan,Entire home/apt,31,534.0
Queens,Private room,30,79.0
Manhattan,Entire home/apt,30,252.0
Manhattan,Entire home/apt,30,405.0
Manhattan,Entire home/apt,30,495.0
Brooklyn,Private room,2,276.0
Manhattan,Entire home/apt,30,258.0
Brooklyn,Private room,1,189.0
Brooklyn,Private room,1,161.0
Manhattan,Private room,1,166.0
Manhattan,Private room,1,242.0
Manhattan,Entire home/apt,30,150.0
Brooklyn,Private room,2,134.0
Manhattan,Private room,1,106.0
Manhattan,Entire home/apt,30,140.0
Manhattan,Entire home/apt,30,234.0
Manhattan,Entire home/apt,30,208.0
Manhattan,Entire home/apt,30,222.0
Brooklyn,Entire home/apt,1,142.0
Manhattan,Entire home/apt,30,238.0
Manhattan,Private room,1,221.0
Brooklyn,Private room,30,60.0
Brooklyn,Private room,30,60.0
Manhattan,Entire home/apt,30,155.0
Brooklyn,Entire home/apt,5,178.0
Manhattan,Entire home/apt,30,189.0
Manhattan,Entire home/apt,30,520.0
Brooklyn,Entire home/apt,1,187.0
Manhattan,Entire home/apt,30,228.0
Manhattan,Entire home/apt,7,270.0
Brooklyn,Private room,30,62.0
Manhattan,Entire home/apt,30,184.0
Brooklyn,Entire home/apt,30,198.0
Brooklyn,Private room,30,54.0
Manhattan,Private room,3,187.0
Manhattan,Entire home/apt,31,520.0
Bronx,Entire home/apt,30,115.0
Manhattan,Entire home/apt,1,305.0
Manhattan,Private room,1,79.0
Manhattan,Entire home/apt,30,175.0
Manhattan,Private room,30,87.0
Manhattan,Entire home/apt,31,356.0
Manhattan,Entire home/apt,3,945.0
Manhattan,Entire home/apt,30,154.0
Brooklyn,Entire home/apt,30,184.0
Brooklyn,Entire home/apt,1,212.0
Manhattan,Entire home/apt,30,275.0
Queens,Entire home/apt,30,104.0
Brooklyn,Entire home/apt,1,257.0
Manhattan,Entire home/apt,30,900.0
Brooklyn,Private room,30,57.0
Brooklyn,Entire home/apt,30,130.0
Manhattan,Entire home/apt,30,110.0
Queens,Private room,2,99.0
Manhattan,Entire home/apt,30,54.0
Brooklyn,Entire home/apt,3,296.0
Brooklyn,Entire home/apt,30,99.0
Queens,Entire home/apt,3,89.0
Manhattan,Private room,30,50.0
Manhattan,Entire home/apt,30,150.0
Manhattan,Entire home/apt,30,99.0
Queens,Private room,1,66.0
Brooklyn,Entire home/apt,3,160.0
Queens,Private room,2,140.0
Queens,Entire home/apt,30,145.0
Brooklyn,Private room,3,98.0
Staten Island,Private room,30,92.0
Manhattan,Entire home/apt,3,271.0
Manhattan,Entire home/apt,30,95.0
Queens,Entire home/apt,3,88.0
Queens,Entire home/apt,30,157.0
Manhattan,Entire home/apt,30,97.0
Manhattan,Entire home/apt,30,165.0
Queens,Private room,30,81.0
Queens,Entire home/apt,30,120.0
Manhattan,Private room,30,60.0
Manhattan,Entire home/apt,2,703.0
Queens,Entire home/apt,30,99.0
Manhattan,Private room,30,53.0
Manhattan,Entire home/apt,30,166.0
Brooklyn,Entire home/apt,30,180.0
Brooklyn,Entire home/apt,30,200.0
Manhattan,Entire home/apt,2,553.0
Manhattan,Entire home/apt,30,57.0
Manhattan,Entire home/apt,30,176.0
Manhattan,Entire home/apt,30,57.0
Manhattan,Entire home/apt,30,713.0
Brooklyn,Entire home/apt,30,140.0
Manhattan,Entire home/apt,31,454.0
Manhattan,Entire home/apt,31,436.0
Manhattan,Entire home/apt,30,125.0
Manhattan,Entire home/apt,30,140.0
Brooklyn,Entire home/apt,30,120.0
Manhattan,Entire home/apt,30,175.0
Queens,Entire home/apt,182,185.0
Manhattan,Private room,30,54.0
Manhattan,Entire home/apt,30,245.0
Manhattan,Entire home/apt,30,269.0
Manhattan,Entire home/apt,30,167.0
Bronx,Private room,30,111.0
Manhattan,Entire home/apt,30,85.0
Manhattan,Entire home/apt,30,197.0
Manhattan,Entire home/apt,2,422.0
Manhattan,Entire home/apt,30,130.0
Manhattan,Entire home/apt,5,149.0
Manhattan,Private room,30,53.0
Manhattan,Private room,30,57.0
Manhattan,Private room,30,69.0
Manhattan,Private room,30,54.0
Manhattan,Entire home/apt,31,516.0
Brooklyn,Entire home/apt,60,120.0
Manhattan,Entire home/apt,30,105.0
Brooklyn,Private room,30,120.0
Brooklyn,Entire home/apt,3,203.0
Manhattan,Entire home/apt,5,484.0
Manhattan,Private room,30,172.0
Manhattan,Entire home/apt,30,166.0
Manhattan,Entire home/apt,31,268.0
Manhattan,Entire home/apt,31,334.0
Manhattan,Entire home/apt,31,369.0
Queens,Entire home/apt,30,134.0
Manhattan,Private room,30,65.0
Manhattan,Private room,30,97.0
Queens,Private room,30,128.0
Brooklyn,Private room,30,68.0
Manhattan,Hotel room,1,420.0
Manhattan,Hotel room,1,799.0
Manhattan,Entire home/apt,30,475.0
Manhattan,Private room,1,999.0
Manhattan,Entire home/apt,1,217.0
Brooklyn,Private room,30,295.0
Manhattan,Private room,30,86.0
Manhattan,Private room,30,110.0
Manhattan,Private room,30,98.0
Brooklyn,Private room,1,141.0
Manhattan,Entire home/apt,30,53.0
Brooklyn,Private room,30,144.0
Brooklyn,Private room,30,252.0
Brooklyn,Private room,3,183.0
Manhattan,Entire home/apt,30,64.0
Queens,Entire home/apt,30,200.0
Brooklyn,Entire home/apt,30,95.0
Manhattan,Private room,30,59.0
Manhattan,Private room,30,57.0
Manhattan,Private room,2,200.0
Brooklyn,Entire home/apt,30,131.0
Manhattan,Entire home/apt,30,292.0
Brooklyn,Private room,30,81.0
Manhattan,Entire home/apt,30,90.0
Queens,Entire home/apt,30,103.0
Brooklyn,Private room,2,141.0
Manhattan,Entire home/apt,30,507.0
Brooklyn,Entire home/apt,30,465.0
Brooklyn,Entire home/apt,30,196.0
Bronx,Entire home/apt,30,143.0
Brooklyn,Private room,30,144.0
Manhattan,Entire home/apt,30,64.0
Manhattan,Entire home/apt,30,138.0
Manhattan,Private room,1,178.0
Manhattan,Private room,1,204.0
Queens,Entire home/apt,30,100.0
Manhattan,Private room,1,188.0
Manhattan,Private room,1,230.0
Manhattan,Private room,1,264.0
Manhattan,Private room,1,187.0
Manhattan,Private room,1,576.0
Manhattan,Entire home/apt,30,131.0
Manhattan,Private room,2,134.0
Manhattan,Entire home/apt,37,127.0
Manhattan,Entire home/apt,30,130.0
Bronx,Private room,30,125.0
Bronx,Private room,30,100.0
Brooklyn,Entire home/apt,1,274.0
Brooklyn,Entire home/apt,30,160.0
Manhattan,Private room,30,182.0
Brooklyn,Entire home/apt,30,124.0
Brooklyn,Private room,30,70.0
Manhattan,Entire home/apt,30,170.0
Manhattan,Entire home/apt,30,54.0
Brooklyn,Entire home/apt,30,165.0
Manhattan,Entire home/apt,30,142.0
Manhattan,Hotel room,1,196.0
Manhattan,Hotel room,1,196.0
Manhattan,Hotel room,1,424.0
Manhattan,Hotel room,1,372.0
Manhattan,Hotel room,1,348.0
Manhattan,Hotel room,1,348.0
Manhattan,Hotel room,1,506.0
Manhattan,Hotel room,1,558.0
Manhattan,Hotel room,1,292.0
Manhattan,Hotel room,1,424.0
Manhattan,Hotel room,1,372.0
Manhattan,Hotel room,1,392.0
Manhattan,Hotel room,1,392.0
Manhattan,Hotel room,1,847.0
Manhattan,Hotel room,1,743.0
Manhattan,Hotel room,1,348.0
Manhattan,Hotel room,1,348.0
Brooklyn,Entire home/apt,30,165.0
Manhattan,Hotel room,1,292.0
Manhattan,Hotel room,1,847.0
Manhattan,Hotel room,1,743.0
Manhattan,Hotel room,1,588.0
Manhattan,Hotel room,1,588.0
Manhattan,Private room,90,110.0
Manhattan,Entire home/apt,30,53.0
Manhattan,Hotel room,1,784.0
Manhattan,Entire home/apt,30,223.0
Manhattan,Private room,30,67.0
Manhattan,Private room,30,53.0
Queens,Private room,1,148.0
Manhattan,Entire home/apt,30,338.0
Brooklyn,Private room,30,55.0
Manhattan,Entire home/apt,30,400.0
Manhattan,Entire home/apt,30,202.0
Queens,Private room,1,86.0
Brooklyn,Entire home/apt,60,120.0
Manhattan,Private room,1,179.0
Manhattan,Entire home/apt,30,139.0
Manhattan,Private room,1,90.0
Manhattan,Private room,1,110.0
Manhattan,Private room,30,150.0
Queens,Private room,1,94.0
Staten Island,Entire home/apt,2,144.0
Manhattan,Private room,30,53.0
Manhattan,Private room,30,53.0
Queens,Entire home/apt,30,140.0
Brooklyn,Private room,30,88.0
Queens,Private room,1,142.0
Manhattan,Entire home/apt,30,78.0
Manhattan,Entire home/apt,31,422.0
Manhattan,Entire home/apt,30,78.0
Manhattan,Private room,1,93.0
Bronx,Private room,30,67.0
Manhattan,Private room,1,120.0
Manhattan,Private room,3,91.0
Manhattan,Private room,1,99.0
Brooklyn,Private room,2,143.0
Manhattan,Entire home/apt,3,794.0
Manhattan,Entire home/apt,31,272.0
Manhattan,Private room,30,150.0
Brooklyn,Private room,30,65.0
Manhattan,Entire home/apt,3,315.0
Manhattan,Private room,30,51.0
Manhattan,Private room,30,51.0
Brooklyn,Hotel room,1,799.0
Brooklyn,Hotel room,1,799.0
Brooklyn,Hotel room,1,799.0
Brooklyn,Hotel room,1,799.0
Brooklyn,Hotel room,1,799.0
Brooklyn,Hotel room,1,799.0
Brooklyn,Hotel room,1,799.0
Brooklyn,Hotel room,1,799.0
Brooklyn,Hotel room,1,799.0
Brooklyn,Private room,30,63.0
Manhattan,Entire home/apt,30,225.0
Manhattan,Private room,30,171.0
Manhattan,Entire home/apt,1,221.0
Manhattan,Entire home/apt,30,53.0
Manhattan,Private room,1,83.0
Manhattan,Hotel room,1,784.0
Brooklyn,Entire home/apt,30,391.0
Brooklyn,Entire home/apt,30,65.0
Manhattan,Private room,30,78.0
Manhattan,Private room,1,269.0
Manhattan,Private room,1,195.0
Manhattan,Private room,1,205.0
Manhattan,Private room,1,243.0
Manhattan,Entire home/apt,30,300.0
Manhattan,Entire home/apt,30,230.0
Brooklyn,Entire home/apt,30,279.0
Brooklyn,Entire home/apt,30,165.0
Manhattan,Private room,1,136.0
Brooklyn,Private room,31,160.0
Manhattan,Entire home/apt,31,352.0
Queens,Private room,2,69.0
Brooklyn,Private room,30,400.0
Queens,Private room,1,332.0
Manhattan,Entire home/apt,30,57.0
Brooklyn,Entire home/apt,30,160.0
Manhattan,Private room,1,401.0
Manhattan,Entire home/apt,30,275.0
Manhattan,Entire home/apt,4,450.0
Bronx,Private room,30,50.0
Brooklyn,Private room,1,76.0
Brooklyn,Entire home/apt,30,119.0
Manhattan,Entire home/apt,3,405.0
Brooklyn,Entire home/apt,30,299.0
Manhattan,Entire home/apt,31,307.0
Manhattan,Entire home/apt,31,350.0
Brooklyn,Private room,1,69.0
Manhattan,Entire home/apt,30,126.0
Brooklyn,Private room,30,65.0
Brooklyn,Entire home/apt,3,349.0
Brooklyn,Entire home/apt,60,125.0
Queens,Entire home/apt,30,159.0
Manhattan,Private room,30,60.0
Queens,Entire home/apt,30,135.0
Manhattan,Private room,30,79.0
Bronx,Private room,30,70.0
Bronx,Private room,30,70.0
Manhattan,Entire home/apt,30,152.0
Brooklyn,Entire home/apt,30,500.0
Staten Island,Private room,30,80.0
Manhattan,Entire home/apt,45,300.0
Brooklyn,Entire home/apt,30,450.0
Manhattan,Entire home/apt,30,152.0
Manhattan,Entire home/apt,30,175.0
Manhattan,Entire home/apt,30,84.0
Brooklyn,Private room,1,69.0
Brooklyn,Entire home/apt,30,155.0
Manhattan,Private room,1,195.0
Brooklyn,Private room,30,53.0
Brooklyn,Private room,30,53.0
Manhattan,Entire home/apt,30,314.0
Manhattan,Private room,5,149.0
Brooklyn,Entire home/apt,1,378.0
Manhattan,Entire home/apt,30,65.0
Brooklyn,Private room,30,53.0
Brooklyn,Private room,30,74.0
Brooklyn,Private room,30,446.0
Brooklyn,Private room,30,55.0
Manhattan,Entire home/apt,30,75.0
Manhattan,Entire home/apt,30,81.0
Manhattan,Entire home/apt,30,211.0
Brooklyn,Entire home/apt,30,205.0
Manhattan,Entire home/apt,31,316.0
Brooklyn,Entire home/apt,30,237.0
Manhattan,Private room,30,65.0
Manhattan,Private room,30,65.0
Brooklyn,Private room,30,100.0
Manhattan,Private room,30,65.0
Manhattan,Entire home/apt,30,95.0
Manhattan,Entire home/apt,30,67.0
Manhattan,Entire home/apt,30,95.0
Manhattan,Private room,4,114.0
Brooklyn,Private room,2,64.0
Brooklyn,Private room,30,50.0
Manhattan,Private room,3,225.0
Brooklyn,Private room,30,70.0
Brooklyn,Entire home/apt,30,299.0
Brooklyn,Entire home/apt,30,710.0
Bronx,Entire home/apt,1,134.0
Manhattan,Entire home/apt,30,170.0
Brooklyn,Entire home/apt,30,338.0
Manhattan,Entire home/apt,3,240.0
Manhattan,Entire home/apt,30,119.0
Manhattan,Entire home/apt,30,186.0
Manhattan,Entire home/apt,30,57.0
Manhattan,Entire home/apt,30,250.0
Manhattan,Entire home/apt,30,152.0
Manhattan,Entire home/apt,30,200.0
Manhattan,Entire home/apt,30,190.0
Manhattan,Entire home/apt,30,181.0
Manhattan,Private room,30,86.0
Manhattan,Entire home/apt,30,181.0
Manhattan,Entire home/apt,30,53.0
Brooklyn,Entire home/apt,30,135.0
Brooklyn,Private room,30,68.0
Manhattan,Private room,30,101.0
Manhattan,Entire home/apt,30,53.0
Manhattan,Entire home/apt,30,171.0
Brooklyn,Entire home/apt,3,135.0
Manhattan,Private room,1,270.0
Manhattan,Private room,30,225.0
Manhattan,Private room,30,105.0
Manhattan,Entire home/apt,30,124.0
Manhattan,Entire home/apt,30,140.0
Manhattan,Private room,30,96.0
Manhattan,Private room,30,86.0
Manhattan,Entire home/apt,1,499.0
Manhattan,Entire home/apt,1,569.0
Brooklyn,Private room,30,58.0
Manhattan,Private room,30,63.0
Manhattan,Private room,30,63.0
Manhattan,Private room,30,63.0
Brooklyn,Private room,30,74.0
Brooklyn,Private room,2,145.0
Manhattan,Private room,30,63.0
Manhattan,Private room,30,63.0
Manhattan,Entire home/apt,30,202.0
Brooklyn,Private room,30,130.0
Brooklyn,Private room,30,180.0
Queens,Private room,1,112.0
Brooklyn,Entire home/apt,30,101.0
Bronx,Entire home/apt,30,110.0
Queens,Entire home/apt,1,141.0
Manhattan,Private room,30,58.0
Queens,Private room,1,92.0
Manhattan,Entire home/apt,30,72.0
Manhattan,Entire home/apt,31,120.0
Queens,Private room,2,80.0
Queens,Private room,3,80.0
Manhattan,Entire home/apt,30,81.0
Brooklyn,Hotel room,1,799.0
Brooklyn,Hotel room,1,799.0
Brooklyn,Private room,30,50.0
Manhattan,Private room,30,65.0
Manhattan,Private room,30,65.0
Brooklyn,Private room,30,77.0
Manhattan,Entire home/apt,30,140.0
Manhattan,Entire home/apt,30,220.0
Manhattan,Entire home/apt,3,448.0
Brooklyn,Private room,30,96.0
Brooklyn,Private room,30,108.0
Manhattan,Entire home/apt,30,200.0
Manhattan,Private room,30,63.0
Manhattan,Private room,30,63.0
Manhattan,Private room,30,63.0
Manhattan,Private room,30,63.0
Manhattan,Private room,30,63.0
Manhattan,Private room,1,107.0
Manhattan,Private room,30,63.0
Brooklyn,Private room,1,111.0
Brooklyn,Private room,1,152.0
Manhattan,Private room,30,63.0
Manhattan,Private room,30,63.0
Manhattan,Private room,30,94.0
Manhattan,Private room,30,63.0
Queens,Entire home/apt,1,190.0
Brooklyn,Entire home/apt,1,337.0
Manhattan,Entire home/apt,30,53.0
Brooklyn,Private room,1,78.0
Manhattan,Entire home/apt,30,53.0
Manhattan,Entire home/apt,30,53.0
Manhattan,Entire home/apt,30,53.0
Brooklyn,Entire home/apt,30,250.0
Manhattan,Entire home/apt,31,349.0
Manhattan,Entire home/apt,31,388.0
Manhattan,Private room,1,182.0
Manhattan,Private room,1,105.0
Manhattan,Entire home/apt,4,357.0
Brooklyn,Private room,2,228.0
Manhattan,Entire home/apt,3,458.0
Manhattan,Entire home/apt,30,201.0
Queens,Entire home/apt,30,284.0
Manhattan,Entire home/apt,4,421.0
Manhattan,Entire home/apt,4,414.0
Brooklyn,Entire home/apt,2,196.0
Manhattan,Entire home/apt,5,182.0
Manhattan,Private room,1,155.0
Manhattan,Entire home/apt,1,286.0
Manhattan,Private room,5,129.0
Manhattan,Private room,1,129.0
Manhattan,Private room,1,129.0
Manhattan,Entire home/apt,31,350.0
Manhattan,Entire home/apt,31,350.0
Manhattan,Entire home/apt,31,352.0
Queens,Shared room,1,77.0
Manhattan,Entire home/apt,30,187.0
Brooklyn,Private room,30,50.0
Brooklyn,Private room,30,50.0
Manhattan,Entire home/apt,30,64.0
Queens,Entire home/apt,3,179.0
Brooklyn,Entire home/apt,30,157.0
Brooklyn,Private room,30,108.0
Bronx,Entire home/apt,30,319.0
Manhattan,Entire home/apt,30,57.0
Manhattan,Entire home/apt,30,57.0
Manhattan,Entire home/apt,2,505.0
Bronx,Entire home/apt,81,135.0
Brooklyn,Entire home/apt,30,149.0
Brooklyn,Entire home/apt,30,70.0
Brooklyn,Entire home/apt,2,137.0
Manhattan,Entire home/apt,3,285.0
Brooklyn,Private room,1,78.0
Queens,Private room,30,128.0
Manhattan,Private room,150,500.0
Manhattan,Private room,30,64.0
Manhattan,Private room,30,63.0
Manhattan,Entire home/apt,30,131.0
Manhattan,Entire home/apt,1,93.0
Manhattan,Entire home/apt,30,232.0
Queens,Entire home/apt,2,161.0
Manhattan,Private room,30,64.0
Manhattan,Private room,30,63.0
Manhattan,Private room,30,63.0
Manhattan,Private room,30,63.0
Brooklyn,Private room,30,64.0
Brooklyn,Private room,30,64.0
Manhattan,Private room,1,155.0
Manhattan,Private room,1,178.0
Manhattan,Private room,1,251.0
Manhattan,Private room,1,170.0
Manhattan,Private room,1,253.0
Brooklyn,Private room,30,64.0
Manhattan,Private room,30,57.0
Brooklyn,Private room,30,180.0
Brooklyn,Entire home/apt,30,185.0
Brooklyn,Private room,30,66.0
Manhattan,Entire home/apt,30,681.0
Manhattan,Entire home/apt,30,661.0
Manhattan,Entire home/apt,30,878.0
Brooklyn,Entire home/apt,30,86.0
Manhattan,Entire home/apt,30,307.0
Queens,Private room,1,120.0
Queens,Private room,1,100.0
Brooklyn,Private room,30,88.0
Manhattan,Private room,30,50.0
Queens,Private room,3,80.0
Manhattan,Entire home/apt,31,417.0
Manhattan,Entire home/apt,30,239.0
Manhattan,Entire home/apt,2,596.0
Manhattan,Private room,30,51.0
Manhattan,Private room,30,51.0
Brooklyn,Entire home/apt,2,289.0
Brooklyn,Private room,30,54.0
Brooklyn,Private room,30,53.0
Brooklyn,Private room,30,59.0
Brooklyn,Private room,30,53.0
Brooklyn,Private room,30,63.0
Brooklyn,Entire home/apt,30,398.0
Brooklyn,Private room,30,100.0
Manhattan,Private room,30,67.0
Manhattan,Private room,30,51.0
Manhattan,Private room,30,53.0
Manhattan,Entire home/apt,2,484.0
Manhattan,Private room,1,129.0
Manhattan,Private room,1,129.0
Brooklyn,Private room,30,50.0
Manhattan,Entire home/apt,30,170.0
Manhattan,Entire home/apt,30,150.0
Brooklyn,Entire home/apt,30,763.0
Brooklyn,Private room,30,65.0
Brooklyn,Private room,30,59.0
Brooklyn,Private room,30,59.0
Brooklyn,Private room,30,53.0
Queens,Private room,2,69.0
Brooklyn,Private room,30,53.0
Manhattan,Private room,1,158.0
Manhattan,Private room,1,199.0
Manhattan,Entire home/apt,31,342.0
Manhattan,Entire home/apt,30,288.0
Brooklyn,Entire home/apt,30,249.0
Manhattan,Private room,30,51.0
Manhattan,Entire home/apt,2,225.0
Manhattan,Private room,30,55.0
Manhattan,Entire home/apt,31,347.0
Manhattan,Entire home/apt,31,331.0
Manhattan,Entire home/apt,31,331.0
Manhattan,Entire home/apt,31,577.0
Queens,Private room,30,96.0
Brooklyn,Private room,30,92.0
Manhattan,Entire home/apt,30,82.0
Manhattan,Private room,1,125.0
Manhattan,Private room,1,150.0
Manhattan,Private room,1,249.0
Manhattan,Private room,1,172.0
Manhattan,Private room,30,117.0
Manhattan,Entire home/apt,30,57.0
Queens,Entire home/apt,30,195.0
Bronx,Private room,3,105.0
Queens,Entire home/apt,30,96.0
Brooklyn,Private room,31,448.0
Bronx,Private room,30,72.0
Queens,Entire home/apt,30,80.0
Manhattan,Entire home/apt,30,300.0
Manhattan,Entire home/apt,30,125.0
Manhattan,Private room,1,289.0
Manhattan,Private room,1,326.0
Manhattan,Private room,1,374.0
Manhattan,Private room,1,355.0
Manhattan,Private room,1,365.0
Manhattan,Private room,1,396.0
Manhattan,Private room,1,155.0
Manhattan,Entire home/apt,31,381.0
Manhattan,Entire home/apt,31,589.0
Manhattan,Private room,1,199.0
Manhattan,Private room,1,214.0
Manhattan,Private room,1,146.0
Manhattan,Private room,1,240.0
Manhattan,Private room,30,53.0
Manhattan,Private room,1,565.0
Manhattan,Private room,30,55.0
Brooklyn,Private room,30,542.0
Manhattan,Hotel room,1,800.0
Manhattan,Hotel room,1,800.0
Manhattan,Hotel room,1,800.0
Manhattan,Hotel room,1,800.0
Manhattan,Hotel room,1,800.0
Manhattan,Hotel room,1,800.0
Manhattan,Hotel room,1,800.0
Manhattan,Hotel room,1,800.0
Manhattan,Hotel room,1,800.0
Manhattan,Hotel room,1,800.0
Manhattan,Hotel room,1,800.0
Manhattan,Entire home/apt,30,381.0
Manhattan,Entire home/apt,30,63.0
Manhattan,Entire home/apt,2,714.0
Manhattan,Hotel room,1,999.0
Brooklyn,Entire home/apt,3,642.0
Manhattan,Entire home/apt,30,255.0
Manhattan,Entire home/apt,30,200.0
Manhattan,Entire home/apt,5,148.0
Manhattan,Entire home/apt,3,179.0
Brooklyn,Private room,30,50.0
Brooklyn,Private room,30,62.0
Brooklyn,Entire home/apt,30,786.0
Brooklyn,Entire home/apt,30,60.0
Manhattan,Entire home/apt,30,157.0
Manhattan,Entire home/apt,30,280.0
Manhattan,Private room,2,162.0
Manhattan,Private room,1,201.0
Manhattan,Private room,1,163.0
Brooklyn,Entire home/apt,1,244.0
Manhattan,Entire home/apt,30,252.0
Manhattan,Entire home/apt,90,155.0
Manhattan,Entire home/apt,30,232.0
Brooklyn,Private room,30,56.0
Brooklyn,Private room,30,62.0
Brooklyn,Private room,30,72.0
Manhattan,Private room,30,57.0
Queens,Private room,3,55.0
Manhattan,Private room,30,120.0
Manhattan,Private room,1,180.0
Manhattan,Private room,1,246.0
Manhattan,Entire home/apt,3,300.0
Brooklyn,Private room,30,55.0
Manhattan,Entire home/apt,180,580.0
Queens,Private room,1,140.0
Brooklyn,Entire home/apt,30,119.0
Brooklyn,Entire home/apt,30,159.0
Manhattan,Private room,30,63.0
Manhattan,Entire home/apt,30,245.0
Manhattan,Entire home/apt,30,140.0
Manhattan,Private room,59,63.0
Manhattan,Entire home/apt,30,140.0
Manhattan,Entire home/apt,30,273.0
Manhattan,Private room,30,63.0
Manhattan,Private room,30,63.0
Manhattan,Private room,30,63.0
Manhattan,Private room,30,63.0
Manhattan,Entire home/apt,30,140.0
Brooklyn,Entire home/apt,30,156.0
Manhattan,Entire home/apt,30,140.0
Manhattan,Entire home/apt,30,140.0
Queens,Entire home/apt,1,124.0
Manhattan,Entire home/apt,30,194.0
Manhattan,Entire home/apt,30,142.0
Manhattan,Entire home/apt,3,207.0
Manhattan,Entire home/apt,30,57.0
Manhattan,Entire home/apt,30,67.0
Manhattan,Entire home/apt,30,57.0
Manhattan,Private room,1,79.0
Brooklyn,Private room,30,58.0
Brooklyn,Private room,30,58.0
Manhattan,Private room,1,376.0
Manhattan,Private room,1,441.0
Manhattan,Private room,1,701.0
Staten Island,Private room,1,68.0
Manhattan,Private room,1,416.0
Manhattan,Private room,1,601.0
Manhattan,Entire home/apt,30,165.0
Manhattan,Private room,1,226.0
Manhattan,Entire home/apt,30,140.0
Manhattan,Entire home/apt,30,271.0
Manhattan,Entire home/apt,30,172.0
Staten Island,Private room,30,86.0
Manhattan,Entire home/apt,30,170.0
Queens,Private room,30,50.0
Brooklyn,Private room,30,93.0
Manhattan,Hotel room,1,134.0
Manhattan,Hotel room,1,134.0
Manhattan,Private room,30,57.0
Brooklyn,Private room,30,58.0
Manhattan,Entire home/apt,30,53.0
Manhattan,Entire home/apt,30,53.0
Manhattan,Entire home/apt,30,53.0
Manhattan,Entire home/apt,30,262.0
Manhattan,Entire home/apt,30,127.0
Manhattan,Entire home/apt,30,61.0
Queens,Private room,30,60.0
Brooklyn,Private room,30,53.0
Brooklyn,Private room,30,53.0
Manhattan,Private room,2,88.0
Bronx,Entire home/apt,30,119.0
Queens,Private room,30,53.0
Brooklyn,Entire home/apt,2,182.0
Brooklyn,Private room,30,150.0
Manhattan,Private room,31,84.0
Queens,Private room,2,107.0
Manhattan,Entire home/apt,31,527.0
Manhattan,Entire home/apt,31,473.0
Brooklyn,Entire home/apt,30,180.0
Brooklyn,Entire home/apt,3,147.0
Manhattan,Entire home/apt,30,89.0
Manhattan,Entire home/apt,30,134.0
Queens,Private room,30,50.0
Manhattan,Entire home/apt,30,135.0
Manhattan,Private room,30,84.0
Manhattan,Entire home/apt,30,121.0
Manhattan,Entire home/apt,30,121.0
Brooklyn,Private room,30,96.0
Brooklyn,Entire home/apt,1,203.0
Brooklyn,Private room,30,75.0
Manhattan,Entire home/apt,1,467.0
Brooklyn,Private room,30,79.0
Queens,Entire home/apt,30,98.0
Brooklyn,Private room,30,94.0
Brooklyn,Private room,30,85.0
Brooklyn,Entire home/apt,5,373.0
Brooklyn,Entire home/apt,30,110.0
Queens,Entire home/apt,2,511.0
Brooklyn,Private room,60,150.0
Manhattan,Entire home/apt,4,407.0
Bronx,Private room,30,81.0
Staten Island,Entire home/apt,2,123.0
Manhattan,Entire home/apt,30,140.0
Manhattan,Entire home/apt,31,267.0
Brooklyn,Entire home/apt,30,176.0
Manhattan,Private room,1,189.0
Manhattan,Private room,1,179.0
Manhattan,Private room,1,170.0
Manhattan,Private room,1,217.0
Manhattan,Private room,1,242.0
Manhattan,Entire home/apt,30,279.0
Manhattan,Entire home/apt,1,221.0
Brooklyn,Entire home/apt,30,59.0
Manhattan,Entire home/apt,31,502.0
Brooklyn,Private room,30,79.0
Manhattan,Entire home/apt,30,108.0
Brooklyn,Private room,30,65.0
Manhattan,Private room,1,131.0
Brooklyn,Entire home/apt,30,125.0
Manhattan,Entire home/apt,30,172.0
Brooklyn,Private room,30,53.0
Brooklyn,Entire home/apt,1,221.0
Brooklyn,Entire home/apt,30,104.0
Brooklyn,Private room,30,68.0
Bronx,Entire home/apt,3,170.0
Bronx,Entire home/apt,30,240.0
Queens,Entire home/apt,30,114.0
Queens,Entire home/apt,30,300.0
Queens,Entire home/apt,30,139.0
Brooklyn,Entire home/apt,30,310.0
Manhattan,Entire home/apt,2,270.0
Manhattan,Entire home/apt,30,189.0
Manhattan,Entire home/apt,30,181.0
Brooklyn,Entire home/apt,30,189.0
Brooklyn,Private room,30,120.0
Manhattan,Private room,1,146.0
Manhattan,Private room,1,174.0
Manhattan,Private room,1,159.0
Brooklyn,Entire home/apt,30,273.0
Manhattan,Entire home/apt,2,417.0
Manhattan,Entire home/apt,30,217.0
Queens,Private room,1,112.0
Manhattan,Entire home/apt,30,64.0
Brooklyn,Entire home/apt,30,119.0
Manhattan,Entire home/apt,2,492.0
Bronx,Entire home/apt,30,100.0
Manhattan,Entire home/apt,3,255.0
Queens,Entire home/apt,30,234.0
Manhattan,Entire home/apt,30,176.0
Queens,Private room,30,180.0
Brooklyn,Entire home/apt,30,96.0
Brooklyn,Entire home/apt,30,104.0
Manhattan,Entire home/apt,2,535.0
Brooklyn,Entire home/apt,30,94.0
Manhattan,Entire home/apt,30,179.0
Queens,Entire home/apt,30,92.0
Brooklyn,Private room,30,57.0
Brooklyn,Private room,30,59.0
Brooklyn,Private room,30,61.0
Brooklyn,Private room,30,59.0
Queens,Entire home/apt,30,122.0
Manhattan,Entire home/apt,30,53.0
Queens,Private room,30,59.0
Manhattan,Entire home/apt,31,355.0
Manhattan,Entire home/apt,31,355.0
Manhattan,Entire home/apt,31,391.0
Manhattan,Entire home/apt,30,64.0
Manhattan,Entire home/apt,30,57.0
Brooklyn,Private room,30,104.0
Brooklyn,Entire home/apt,30,205.0
Brooklyn,Entire home/apt,30,180.0
Manhattan,Private room,30,182.0
Brooklyn,Entire home/apt,30,184.0
Manhattan,Private room,30,182.0
Brooklyn,Entire home/apt,30,105.0
Brooklyn,Private room,30,213.0
Manhattan,Entire home/apt,30,799.0
Brooklyn,Private room,30,65.0
Brooklyn,Entire home/apt,3,231.0
Brooklyn,Private room,30,63.0
Queens,Entire home/apt,30,200.0
Brooklyn,Entire home/apt,30,115.0
Manhattan,Entire home/apt,3,753.0
Manhattan,Entire home/apt,4,321.0
Manhattan,Private room,1,204.0
Manhattan,Entire home/apt,30,155.0
Manhattan,Entire home/apt,4,347.0
Manhattan,Entire home/apt,4,302.0
Manhattan,Entire home/apt,30,201.0
Manhattan,Private room,30,93.0
Manhattan,Private room,1,204.0
Queens,Private room,2,110.0
Manhattan,Entire home/apt,31,495.0
Queens,Entire home/apt,2,203.0
Brooklyn,Private room,30,120.0
Manhattan,Private room,1,140.0
Brooklyn,Private room,30,50.0
Manhattan,Private room,1,175.0
Manhattan,Private room,1,179.0
Manhattan,Private room,30,100.0
Queens,Private room,1,95.0
Manhattan,Entire home/apt,3,289.0
Queens,Private room,30,203.0
Manhattan,Private room,150,630.0
Brooklyn,Entire home/apt,30,680.0
Manhattan,Entire home/apt,4,189.0
Queens,Private room,31,56.0
Manhattan,Entire home/apt,3,266.0
Manhattan,Entire home/apt,30,151.0
Brooklyn,Private room,30,99.0
Manhattan,Entire home/apt,31,516.0
Brooklyn,Entire home/apt,31,407.0
Queens,Entire home/apt,1,155.0
Manhattan,Entire home/apt,30,181.0
Manhattan,Entire home/apt,30,175.0
Manhattan,Entire home/apt,3,197.0
Brooklyn,Entire home/apt,1,312.0
Manhattan,Entire home/apt,3,193.0
Manhattan,Entire home/apt,3,207.0
Manhattan,Entire home/apt,3,183.0
Manhattan,Entire home/apt,3,272.0
Brooklyn,Entire home/apt,30,135.0
Brooklyn,Entire home/apt,30,240.0
Manhattan,Private room,30,100.0
Manhattan,Entire home/apt,30,160.0
Manhattan,Entire home/apt,7,302.0
Brooklyn,Private room,30,56.0
Brooklyn,Entire home/apt,2,261.0
Brooklyn,Entire home/apt,30,91.0
Bronx,Entire home/apt,30,81.0
Queens,Private room,30,60.0
Brooklyn,Entire home/apt,30,155.0
Manhattan,Entire home/apt,30,53.0
Manhattan,Entire home/apt,30,66.0
Manhattan,Private room,30,500.0
Manhattan,Entire home/apt,10,150.0
Queens,Entire home/apt,30,200.0
Manhattan,Private room,1,308.0
Manhattan,Private room,1,402.0
Manhattan,Entire home/apt,30,261.0
Manhattan,Entire home/apt,30,506.0
Brooklyn,Entire home/apt,30,306.0
Manhattan,Private room,1,201.0
Brooklyn,Entire home/apt,2,181.0
Brooklyn,Private room,2,115.0
Manhattan,Entire home/apt,30,130.0
Manhattan,Private room,30,53.0
Manhattan,Private room,30,51.0
Manhattan,Entire home/apt,1,297.0
Brooklyn,Private room,2,89.0
Manhattan,Entire home/apt,1,406.0
Manhattan,Entire home/apt,30,350.0
Manhattan,Entire home/apt,1,437.0
Queens,Private room,2,302.0
Manhattan,Private room,1,675.0
Manhattan,Entire home/apt,1,270.0
Brooklyn,Private room,30,75.0
Brooklyn,Entire home/apt,30,82.0
Brooklyn,Entire home/apt,30,550.0
Manhattan,Private room,1,206.0
Manhattan,Private room,1,207.0
Manhattan,Private room,1,182.0
Manhattan,Private room,1,265.0
Manhattan,Private room,1,359.0
Manhattan,Private room,30,120.0
Queens,Private room,30,64.0
Manhattan,Entire home/apt,30,221.0
Brooklyn,Entire home/apt,2,156.0
Queens,Private room,2,289.0
Bronx,Entire home/apt,30,110.0
Manhattan,Private room,1,177.0
Manhattan,Private room,1,187.0
Manhattan,Entire home/apt,30,181.0
Manhattan,Entire home/apt,3,345.0
Manhattan,Private room,1,282.0
Manhattan,Private room,1,404.0
Manhattan,Private room,1,320.0
Manhattan,Private room,30,65.0
Manhattan,Private room,30,65.0
Manhattan,Private room,30,70.0
Manhattan,Entire home/apt,30,97.0
Manhattan,Entire home/apt,59,93.0
Manhattan,Entire home/apt,3,931.0
Queens,Private room,30,60.0
Queens,Private room,30,76.0
Manhattan,Entire home/apt,30,250.0
Manhattan,Entire home/apt,31,310.0
Manhattan,Entire home/apt,31,306.0
Manhattan,Entire home/apt,31,391.0
Manhattan,Entire home/apt,31,389.0
Manhattan,Private room,1,79.0
Manhattan,Entire home/apt,3,290.0
Manhattan,Entire home/apt,3,282.0
Manhattan,Entire home/apt,30,218.0
Manhattan,Entire home/apt,30,352.0
Manhattan,Entire home/apt,30,376.0
Manhattan,Entire home/apt,30,127.0
Manhattan,Entire home/apt,30,376.0
Manhattan,Entire home/apt,30,127.0
Manhattan,Entire home/apt,30,127.0
Manhattan,Entire home/apt,30,127.0
Manhattan,Entire home/apt,30,127.0
Manhattan,Entire home/apt,31,292.0
Manhattan,Entire home/apt,31,616.0
Manhattan,Private room,1,190.0
Manhattan,Private room,1,199.0
Manhattan,Private room,1,199.0
Manhattan,Private room,1,199.0
Queens,Private room,2,77.0
Brooklyn,Private room,1,139.0
Brooklyn,Entire home/apt,30,275.0
Manhattan,Entire home/apt,6,243.0
Bronx,Private room,2,82.0
Brooklyn,Private room,3,90.0
Manhattan,Entire home/apt,30,150.0
Queens,Entire home/apt,45,122.0
Brooklyn,Entire home/apt,30,450.0
Manhattan,Private room,1,181.0
Manhattan,Private room,1,220.0
Manhattan,Private room,1,297.0
Manhattan,Private room,1,207.0
Manhattan,Private room,1,234.0
Manhattan,Private room,3,93.0
Manhattan,Entire home/apt,30,112.0
Manhattan,Entire home/apt,30,355.0
Brooklyn,Private room,1,196.0
Brooklyn,Private room,30,80.0
Bronx,Entire home/apt,30,98.0
Queens,Private room,3,89.0
Manhattan,Private room,30,87.0
Queens,Private room,30,54.0
Queens,Private room,30,52.0
Brooklyn,Private room,2,228.0
Brooklyn,Private room,2,228.0
Queens,Private room,30,54.0
Manhattan,Entire home/apt,30,155.0
Brooklyn,Private room,30,105.0
Brooklyn,Private room,30,70.0
Queens,Private room,30,54.0
Brooklyn,Entire home/apt,31,334.0
Brooklyn,Private room,4,270.0
Brooklyn,Private room,30,65.0
Brooklyn,Entire home/apt,30,179.0
Queens,Entire home/apt,30,72.0
Manhattan,Private room,1,727.0
Brooklyn,Private room,30,65.0
Bronx,Private room,3,183.0
Brooklyn,Entire home/apt,30,259.0
Staten Island,Private room,30,50.0
Queens,Entire home/apt,30,189.0
Queens,Private room,2,137.0
Manhattan,Entire home/apt,4,519.0
Manhattan,Entire home/apt,4,501.0
Manhattan,Entire home/apt,4,339.0
Manhattan,Entire home/apt,4,366.0
Manhattan,Private room,1,87.0
Manhattan,Entire home/apt,30,120.0
Manhattan,Entire home/apt,30,105.0
Manhattan,Entire home/apt,4,254.0
Manhattan,Private room,1,82.0
Brooklyn,Entire home/apt,3,263.0
Manhattan,Private room,1,101.0
Manhattan,Entire home/apt,30,120.0
Manhattan,Hotel room,1,100.0
Manhattan,Hotel room,1,217.0
Brooklyn,Entire home/apt,30,153.0
Bronx,Entire home/apt,30,135.0
Manhattan,Entire home/apt,30,271.0
Manhattan,Entire home/apt,30,149.0
Manhattan,Entire home/apt,30,180.0
Brooklyn,Private room,30,59.0
Brooklyn,Private room,30,59.0
Brooklyn,Private room,3,110.0
Manhattan,Private room,1,241.0
Queens,Entire home/apt,30,160.0
Manhattan,Entire home/apt,31,454.0
Manhattan,Entire home/apt,30,192.0
Queens,Entire home/apt,1,189.0
Manhattan,Private room,1,257.0
Brooklyn,Entire home/apt,30,125.0
Manhattan,Private room,30,107.0
Manhattan,Private room,1,74.0
Manhattan,Private room,30,223.0
Manhattan,Entire home/apt,30,121.0
Manhattan,Entire home/apt,30,61.0
Manhattan,Entire home/apt,30,170.0
Manhattan,Entire home/apt,30,104.0
Manhattan,Entire home/apt,28,219.0
Manhattan,Entire home/apt,30,164.0
Manhattan,Entire home/apt,30,64.0
Manhattan,Entire home/apt,30,150.0
Queens,Entire home/apt,1,103.0
Manhattan,Private room,1,192.0
Manhattan,Private room,1,217.0
Manhattan,Entire home/apt,5,353.0
Manhattan,Entire home/apt,30,196.0
Brooklyn,Private room,30,59.0
Manhattan,Entire home/apt,30,331.0
Manhattan,Entire home/apt,30,196.0
Manhattan,Entire home/apt,30,268.0
Manhattan,Entire home/apt,30,245.0
Manhattan,Entire home/apt,30,281.0
Manhattan,Hotel room,1,799.0
Queens,Private room,2,58.0
Brooklyn,Private room,2,157.0
Brooklyn,Private room,3,119.0
Manhattan,Entire home/apt,30,145.0
Staten Island,Private room,30,148.0
Manhattan,Private room,1,140.0
Manhattan,Private room,1,93.0
Manhattan,Entire home/apt,30,340.0
Manhattan,Entire home/apt,30,225.0
Brooklyn,Private room,30,55.0
Brooklyn,Entire home/apt,30,75.0
Brooklyn,Private room,30,53.0
Manhattan,Entire home/apt,30,235.0
Manhattan,Entire home/apt,30,99.0
Manhattan,Private room,30,176.0
Brooklyn,Private room,2,144.0
Manhattan,Private room,30,165.0
Manhattan,Private room,2,350.0
Brooklyn,Private room,30,50.0
Bronx,Entire home/apt,1,194.0
Bronx,Entire home/apt,1,174.0
Brooklyn,Private room,30,70.0
Manhattan,Private room,1,253.0
Manhattan,Entire home/apt,30,213.0
Manhattan,Entire home/apt,30,545.0
Brooklyn,Entire home/apt,30,235.0
Brooklyn,Private room,30,60.0
Queens,Private room,1,68.0
Brooklyn,Private room,30,50.0
Queens,Entire home/apt,3,236.0
Brooklyn,Private room,30,95.0
Manhattan,Private room,1,143.0
Brooklyn,Private room,30,56.0
Brooklyn,Private room,30,60.0
Manhattan,Private room,1,124.0
Brooklyn,Private room,30,60.0
Manhattan,Entire home/apt,30,166.0
Queens,Entire home/apt,1,114.0
Brooklyn,Private room,30,135.0
Manhattan,Entire home/apt,31,456.0
Manhattan,Entire home/apt,30,129.0
Manhattan,Entire home/apt,30,149.0
Manhattan,Entire home/apt,90,105.0
Manhattan,Entire home/apt,30,92.0
Manhattan,Entire home/apt,30,149.0
Manhattan,Entire home/apt,30,126.0
Queens,Private room,2,143.0
Manhattan,Private room,30,205.0
Manhattan,Private room,30,138.0
Manhattan,Entire home/apt,30,212.0
Brooklyn,Private room,5,88.0
Manhattan,Entire home/apt,3,471.0
Brooklyn,Private room,5,92.0
Manhattan,Private room,30,169.0
Queens,Entire home/apt,30,75.0
Brooklyn,Entire home/apt,30,250.0
Manhattan,Entire home/apt,30,109.0
Manhattan,Private room,1,81.0
Brooklyn,Entire home/apt,5,277.0
Manhattan,Entire home/apt,30,160.0
Manhattan,Entire home/apt,30,64.0
Brooklyn,Entire home/apt,30,300.0
Manhattan,Entire home/apt,30,172.0
Manhattan,Entire home/apt,30,288.0
Brooklyn,Entire home/apt,3,178.0
Manhattan,Entire home/apt,30,321.0
Brooklyn,Private room,30,85.0
Queens,Private room,30,54.0
Manhattan,Entire home/apt,30,99.0
Brooklyn,Entire home/apt,30,145.0
Manhattan,Entire home/apt,30,150.0
Manhattan,Private room,30,55.0
Queens,Private room,30,50.0
Manhattan,Private room,30,73.0
Manhattan,Entire home/apt,30,64.0
Manhattan,Entire home/apt,31,465.0
Manhattan,Entire home/apt,31,477.0
Manhattan,Entire home/apt,31,305.0
Manhattan,Entire home/apt,31,305.0
Manhattan,Entire home/apt,30,376.0
Brooklyn,Entire home/apt,30,135.0
Manhattan,Private room,1,522.0
Manhattan,Private room,1,761.0
Manhattan,Private room,1,913.0
Queens,Private room,30,54.0
Manhattan,Private room,1,93.0
Manhattan,Entire home/apt,30,125.0
Manhattan,Private room,30,131.0
Manhattan,Private room,1,105.0
Manhattan,Private room,30,195.0
Queens,Private room,30,60.0
Queens,Private room,30,50.0
Manhattan,Entire home/apt,30,181.0
Manhattan,Entire home/apt,31,153.0
Manhattan,Entire home/apt,30,363.0
Brooklyn,Entire home/apt,30,185.0
Brooklyn,Private room,3,252.0
Manhattan,Entire home/apt,1,318.0
Brooklyn,Private room,30,65.0
Brooklyn,Private room,30,50.0
Brooklyn,Private room,30,77.0
Manhattan,Entire home/apt,2,828.0
Brooklyn,Private room,30,50.0
Brooklyn,Entire home/apt,3,338.0
Brooklyn,Entire home/apt,3,354.0
Queens,Entire home/apt,30,150.0
Brooklyn,Private room,3,251.0
Brooklyn,Private room,1,100.0
Manhattan,Entire home/apt,30,120.0
Manhattan,Entire home/apt,30,159.0
Manhattan,Entire home/apt,30,115.0
Queens,Entire home/apt,30,210.0
Brooklyn,Private room,5,99.0
Manhattan,Entire home/apt,31,254.0
Brooklyn,Entire home/apt,3,331.0
Manhattan,Private room,30,164.0
Manhattan,Private room,30,194.0
Manhattan,Private room,30,197.0
Manhattan,Private room,30,161.0
Staten Island,Private room,2,200.0
Queens,Private room,2,250.0
Brooklyn,Private room,30,53.0
Brooklyn,Entire home/apt,30,650.0
Brooklyn,Private room,30,65.0
Manhattan,Private room,30,51.0
Manhattan,Entire home/apt,3,445.0
Manhattan,Entire home/apt,2,480.0
Manhattan,Entire home/apt,30,275.0
Brooklyn,Private room,30,50.0
Brooklyn,Private room,30,55.0
Manhattan,Entire home/apt,30,400.0
Staten Island,Entire home/apt,30,125.0
Manhattan,Entire home/apt,30,175.0
Manhattan,Private room,30,63.0
Brooklyn,Private room,30,105.0
Manhattan,Entire home/apt,30,217.0
Manhattan,Entire home/apt,30,181.0
Manhattan,Entire home/apt,30,175.0
Manhattan,Private room,1,300.0
Brooklyn,Private room,1,200.0
Manhattan,Entire home/apt,30,150.0
Queens,Entire home/apt,31,180.0
Queens,Entire home/apt,30,73.0
Manhattan,Hotel room,1,463.0
Manhattan,Hotel room,1,408.0
Manhattan,Hotel room,1,434.0
Manhattan,Hotel room,1,665.0
Manhattan,Hotel room,1,369.0
Brooklyn,Entire home/apt,31,371.0
Brooklyn,Entire home/apt,3,90.0
Manhattan,Entire home/apt,30,125.0
Manhattan,Entire home/apt,30,386.0
Brooklyn,Private room,5,89.0
Brooklyn,Private room,5,78.0
Brooklyn,Private room,5,92.0
Brooklyn,Private room,5,74.0
Brooklyn,Private room,5,99.0
Manhattan,Entire home/apt,30,53.0
Manhattan,Private room,1,603.0
Manhattan,Hotel room,1,365.0
Bronx,Private room,30,109.0
Manhattan,Entire home/apt,3,395.0
Manhattan,Private room,30,62.0
Manhattan,Private room,30,62.0
Manhattan,Private room,30,62.0
Manhattan,Private room,30,78.0
Manhattan,Private room,30,62.0
Manhattan,Entire home/apt,30,128.0
Brooklyn,Private room,30,59.0
Manhattan,Entire home/apt,30,171.0
Manhattan,Entire home/apt,1,214.0
Manhattan,Entire home/apt,30,329.0
Brooklyn,Private room,4,98.0
Manhattan,Entire home/apt,30,122.0
Brooklyn,Private room,30,62.0
Manhattan,Entire home/apt,30,117.0
Brooklyn,Private room,30,57.0
Manhattan,Entire home/apt,30,300.0
Manhattan,Entire home/apt,2,811.0
Brooklyn,Private room,2,99.0
Brooklyn,Private room,4,90.0
Manhattan,Entire home/apt,3,546.0
Manhattan,Entire home/apt,30,200.0
Manhattan,Entire home/apt,30,379.0
Manhattan,Entire home/apt,30,349.0
Staten Island,Private room,3,66.0
Staten Island,Private room,2,81.0
Bronx,Entire home/apt,30,98.0
Brooklyn,Entire home/apt,30,227.0
Brooklyn,Private room,2,211.0
Manhattan,Entire home/apt,30,201.0
Manhattan,Private room,1,117.0
Queens,Private room,3,160.0
Manhattan,Private room,1,343.0
Manhattan,Private room,30,288.0
Manhattan,Private room,30,160.0
Manhattan,Private room,30,252.0
Manhattan,Private room,30,160.0
Manhattan,Entire home/apt,30,145.0
Manhattan,Private room,30,62.0
Bronx,Private room,2,93.0
Manhattan,Private room,1,189.0
Manhattan,Private room,1,150.0
Manhattan,Entire home/apt,30,133.0
Manhattan,Private room,1,80.0
Manhattan,Private room,1,98.0
Manhattan,Entire home/apt,30,135.0
Manhattan,Private room,30,70.0
Brooklyn,Entire home/apt,60,297.0
Brooklyn,Entire home/apt,30,160.0
Manhattan,Entire home/apt,30,224.0
Manhattan,Entire home/apt,30,97.0
Queens,Private room,2,85.0
Manhattan,Entire home/apt,30,156.0
Brooklyn,Entire home/apt,30,163.0
Brooklyn,Private room,3,90.0
Queens,Entire home/apt,30,92.0
Brooklyn,Entire home/apt,3,365.0
Brooklyn,Entire home/apt,3,289.0
Manhattan,Entire home/apt,30,122.0
Manhattan,Entire home/apt,4,489.0
Manhattan,Entire home/apt,30,277.0
Staten Island,Entire home/apt,1,104.0
Queens,Private room,30,85.0
Brooklyn,Entire home/apt,30,219.0
Manhattan,Private room,1,231.0
Brooklyn,Private room,30,225.0
Brooklyn,Entire home/apt,30,140.0
Manhattan,Private room,30,449.0
Manhattan,Private room,30,108.0
Manhattan,Entire home/apt,30,78.0
Manhattan,Private room,3,191.0
Brooklyn,Entire home/apt,30,120.0
Queens,Entire home/apt,1,97.0
Manhattan,Private room,30,78.0
Bronx,Entire home/apt,30,104.0
Brooklyn,Entire home/apt,30,140.0
Manhattan,Entire home/apt,30,268.0
Queens,Private room,30,78.0
Manhattan,Entire home/apt,30,243.0
Brooklyn,Entire home/apt,30,168.0
Brooklyn,Entire home/apt,2,716.0
Staten Island,Entire home/apt,30,131.0
Queens,Entire home/apt,30,366.0
Queens,Private room,2,135.0
Manhattan,Private room,30,68.0
Brooklyn,Private room,2,148.0
Manhattan,Entire home/apt,30,267.0
Manhattan,Entire home/apt,30,290.0
Queens,Entire home/apt,30,120.0
Manhattan,Entire home/apt,1,111.0
Manhattan,Hotel room,1,517.0
Manhattan,Hotel room,1,320.0
Manhattan,Hotel room,1,246.0
Manhattan,Hotel room,1,193.0
Manhattan,Hotel room,1,237.0
Staten Island,Private room,30,200.0
Manhattan,Private room,30,151.0
Manhattan,Entire home/apt,30,297.0
Manhattan,Entire home/apt,3,521.0
Manhattan,Entire home/apt,30,238.0
Manhattan,Private room,1,299.0
Manhattan,Private room,1,314.0
Manhattan,Private room,1,393.0
Manhattan,Private room,1,425.0
Brooklyn,Private room,30,53.0
Brooklyn,Private room,30,76.0
Manhattan,Private room,7,149.0
Brooklyn,Private room,30,79.0
Brooklyn,Private room,6,127.0
Queens,Private room,30,68.0
Manhattan,Private room,30,63.0
Manhattan,Private room,30,63.0
Manhattan,Private room,1,125.0
Manhattan,Private room,1,133.0
Manhattan,Private room,30,63.0
Manhattan,Entire home/apt,31,130.0
Manhattan,Entire home/apt,30,155.0
Manhattan,Private room,1,486.0
Manhattan,Private room,1,687.0
Manhattan,Entire home/apt,30,155.0
Brooklyn,Private room,30,76.0
Manhattan,Private room,30,176.0
Queens,Entire home/apt,30,170.0
Brooklyn,Private room,30,79.0
Manhattan,Entire home/apt,30,279.0
Brooklyn,Entire home/apt,30,704.0
Queens,Entire home/apt,30,394.0
Manhattan,Entire home/apt,31,247.0
Manhattan,Entire home/apt,31,331.0
Manhattan,Entire home/apt,31,298.0
Manhattan,Entire home/apt,31,458.0
Brooklyn,Private room,5,90.0
Brooklyn,Private room,5,85.0
Brooklyn,Private room,1,111.0
Brooklyn,Private room,5,116.0
Manhattan,Entire home/apt,30,99.0
Manhattan,Entire home/apt,30,309.0
Manhattan,Hotel room,1,100.0
Brooklyn,Private room,30,56.0
Brooklyn,Private room,5,93.0
Brooklyn,Entire home/apt,3,230.0
Manhattan,Entire home/apt,30,264.0
Manhattan,Entire home/apt,4,214.0
Manhattan,Entire home/apt,30,181.0
Manhattan,Entire home/apt,30,129.0
Queens,Entire home/apt,30,175.0
Brooklyn,Private room,30,78.0
Brooklyn,Private room,30,70.0
Brooklyn,Entire home/apt,2,165.0
Manhattan,Entire home/apt,3,240.0
Brooklyn,Private room,1,142.0
Manhattan,Private room,30,93.0
Brooklyn,Entire home/apt,1,281.0
Brooklyn,Entire home/apt,30,360.0
Queens,Entire home/apt,2,298.0
Queens,Entire home/apt,2,249.0
Manhattan,Entire home/apt,3,294.0
Manhattan,Entire home/apt,30,89.0
Manhattan,Private room,1,162.0
Manhattan,Entire home/apt,30,225.0
Brooklyn,Entire home/apt,1,195.0
Manhattan,Entire home/apt,6,294.0
Manhattan,Entire home/apt,30,265.0
Brooklyn,Entire home/apt,2,694.0
Queens,Entire home/apt,1,161.0
Brooklyn,Entire home/apt,30,74.0
Queens,Entire home/apt,30,202.0
Queens,Entire home/apt,1,199.0
Queens,Entire home/apt,30,119.0
Manhattan,Entire home/apt,30,84.0
Manhattan,Entire home/apt,30,124.0
Brooklyn,Private room,1,148.0
Manhattan,Entire home/apt,30,64.0
Brooklyn,Entire home/apt,30,246.0
Manhattan,Entire home/apt,30,145.0
Manhattan,Entire home/apt,4,290.0
Manhattan,Entire home/apt,1,100.0
Manhattan,Private room,6,160.0
Manhattan,Entire home/apt,30,200.0
Manhattan,Entire home/apt,30,178.0
Manhattan,Entire home/apt,30,158.0
Brooklyn,Private room,1,90.0
Queens,Entire home/apt,1,203.0
Brooklyn,Private room,30,61.0
Brooklyn,Private room,30,57.0
Queens,Entire home/apt,1,241.0
Queens,Entire home/apt,1,247.0
Brooklyn,Private room,30,57.0
Brooklyn,Private room,5,82.0
Brooklyn,Private room,30,68.0
Manhattan,Entire home/apt,2,113.0
Manhattan,Entire home/apt,30,220.0
Brooklyn,Private room,30,167.0
Manhattan,Entire home/apt,30,132.0
Brooklyn,Entire home/apt,30,333.0
Queens,Private room,3,55.0
Brooklyn,Entire home/apt,30,105.0
Brooklyn,Private room,30,56.0
Queens,Private room,30,68.0
Brooklyn,Entire home/apt,30,306.0
Manhattan,Entire home/apt,30,450.0
Brooklyn,Entire home/apt,30,224.0
Brooklyn,Private room,30,198.0
Manhattan,Entire home/apt,30,74.0
Manhattan,Entire home/apt,30,135.0
Brooklyn,Entire home/apt,30,150.0
Manhattan,Entire home/apt,3,192.0
Brooklyn,Entire home/apt,30,170.0
Manhattan,Private room,30,140.0
Brooklyn,Private room,30,59.0
Brooklyn,Private room,30,76.0
Brooklyn,Private room,30,53.0
Manhattan,Private room,2,97.0
Manhattan,Entire home/apt,30,149.0
Manhattan,Entire home/apt,30,180.0
Brooklyn,Private room,30,84.0
Queens,Private room,30,60.0
Manhattan,Entire home/apt,30,566.0
Manhattan,Entire home/apt,30,327.0
Manhattan,Entire home/apt,30,598.0
Manhattan,Entire home/apt,30,436.0
Manhattan,Entire home/apt,30,294.0
Manhattan,Entire home/apt,30,322.0
Manhattan,Entire home/apt,30,295.0
Manhattan,Entire home/apt,30,335.0
Manhattan,Entire home/apt,30,295.0
Manhattan,Entire home/apt,30,367.0
Manhattan,Entire home/apt,30,569.0
Manhattan,Entire home/apt,30,255.0
Manhattan,Entire home/apt,30,961.0
Manhattan,Entire home/apt,30,322.0
Manhattan,Entire home/apt,30,366.0
Manhattan,Entire home/apt,30,376.0
Manhattan,Entire home/apt,30,383.0
Manhattan,Entire home/apt,30,380.0
Manhattan,Entire home/apt,30,315.0
Manhattan,Entire home/apt,30,442.0
Manhattan,Entire home/apt,30,442.0
Manhattan,Entire home/apt,30,426.0
Manhattan,Entire home/apt,30,352.0
Manhattan,Entire home/apt,30,426.0
Manhattan,Entire home/apt,30,352.0
Manhattan,Entire home/apt,30,352.0
Manhattan,Entire home/apt,30,641.0
Manhattan,Entire home/apt,30,274.0
Manhattan,Entire home/apt,30,668.0
Manhattan,Entire home/apt,30,290.0
Manhattan,Entire home/apt,30,396.0
Brooklyn,Entire home/apt,3,167.0
Manhattan,Entire home/apt,30,190.0
Manhattan,Hotel room,1,308.0
Manhattan,Hotel room,1,303.0
Manhattan,Hotel room,1,179.0
Manhattan,Hotel room,1,845.0
Manhattan,Private room,30,99.0
Manhattan,Private room,30,78.0
Manhattan,Private room,30,78.0
Brooklyn,Private room,2,173.0
Manhattan,Private room,30,75.0
Brooklyn,Entire home/apt,30,178.0
Manhattan,Entire home/apt,30,125.0
Brooklyn,Private room,30,57.0
Queens,Entire home/apt,30,110.0
Queens,Private room,30,55.0
Brooklyn,Private room,30,58.0
Manhattan,Entire home/apt,30,284.0
Brooklyn,Private room,30,50.0
Brooklyn,Private room,30,79.0
Manhattan,Private room,30,104.0
Manhattan,Entire home/apt,31,110.0
Brooklyn,Entire home/apt,3,156.0
Manhattan,Entire home/apt,5,203.0
Manhattan,Hotel room,1,486.0
Queens,Private room,30,160.0
Brooklyn,Private room,3,234.0
Queens,Entire home/apt,30,100.0
Brooklyn,Private room,30,57.0
Manhattan,Private room,30,80.0
Manhattan,Entire home/apt,31,581.0
Brooklyn,Private room,30,57.0
Brooklyn,Private room,30,58.0
Manhattan,Entire home/apt,30,364.0
Manhattan,Entire home/apt,30,226.0
Manhattan,Entire home/apt,30,387.0
Manhattan,Entire home/apt,30,443.0
Manhattan,Entire home/apt,30,333.0
Manhattan,Entire home/apt,30,546.0
Manhattan,Entire home/apt,30,564.0
Manhattan,Entire home/apt,30,292.0
Manhattan,Entire home/apt,30,307.0
Manhattan,Entire home/apt,30,271.0
Manhattan,Entire home/apt,30,183.0
Brooklyn,Private room,30,55.0
Manhattan,Entire home/apt,30,465.0
Manhattan,Entire home/apt,30,274.0
Manhattan,Entire home/apt,30,374.0
Manhattan,Entire home/apt,30,534.0
Manhattan,Entire home/apt,30,252.0
Manhattan,Entire home/apt,30,394.0
Brooklyn,Private room,30,67.0
Manhattan,Entire home/apt,30,478.0
Manhattan,Entire home/apt,30,673.0
Manhattan,Entire home/apt,30,177.0
Manhattan,Private room,30,215.0
Manhattan,Entire home/apt,30,217.0
Manhattan,Entire home/apt,30,315.0
Manhattan,Entire home/apt,30,375.0
Manhattan,Entire home/apt,30,933.0
Manhattan,Entire home/apt,30,398.0
Manhattan,Entire home/apt,30,144.0
Manhattan,Entire home/apt,30,335.0
Manhattan,Entire home/apt,30,597.0
Manhattan,Entire home/apt,30,501.0
Manhattan,Entire home/apt,30,298.0
Manhattan,Entire home/apt,30,492.0
Manhattan,Entire home/apt,30,412.0
Manhattan,Entire home/apt,30,335.0
Manhattan,Entire home/apt,30,466.0
Manhattan,Entire home/apt,30,554.0
Manhattan,Entire home/apt,30,321.0
Manhattan,Entire home/apt,30,358.0
Manhattan,Entire home/apt,30,490.0
Manhattan,Entire home/apt,30,342.0
Manhattan,Entire home/apt,30,460.0
Manhattan,Entire home/apt,30,378.0
Manhattan,Entire home/apt,30,758.0
Manhattan,Entire home/apt,30,758.0
Manhattan,Entire home/apt,30,446.0
Manhattan,Entire home/apt,30,446.0
Manhattan,Entire home/apt,30,500.0
Manhattan,Entire home/apt,30,635.0
Manhattan,Entire home/apt,30,223.0
Manhattan,Entire home/apt,30,237.0
Manhattan,Entire home/apt,30,334.0
Manhattan,Entire home/apt,30,355.0
Manhattan,Entire home/apt,30,420.0
Queens,Entire home/apt,2,144.0
Queens,Private room,7,95.0
Manhattan,Entire home/apt,30,185.0
Manhattan,Entire home/apt,30,397.0
Brooklyn,Private room,30,77.0
Brooklyn,Private room,5,68.0
Queens,Entire home/apt,1,336.0
Brooklyn,Entire home/apt,3,252.0
Manhattan,Private room,1,97.0
Manhattan,Private room,1,77.0
Manhattan,Private room,1,77.0
Manhattan,Entire home/apt,2,135.0
Manhattan,Entire home/apt,31,577.0
Manhattan,Entire home/apt,3,407.0
Brooklyn,Entire home/apt,30,105.0
Manhattan,Entire home/apt,4,412.0
Manhattan,Entire home/apt,30,499.0
Manhattan,Entire home/apt,30,97.0
Manhattan,Private room,30,63.0
Manhattan,Entire home/apt,3,307.0
Queens,Entire home/apt,30,120.0
Brooklyn,Private room,4,102.0
Brooklyn,Private room,4,89.0
Brooklyn,Private room,30,59.0
Manhattan,Private room,1,74.0
Manhattan,Entire home/apt,30,574.0
Manhattan,Private room,3,105.0
Brooklyn,Private room,2,79.0
Manhattan,Entire home/apt,30,283.0
Manhattan,Private room,3,126.0
Brooklyn,Private room,30,119.0
Queens,Private room,30,52.0
Manhattan,Private room,30,104.0
Manhattan,Entire home/apt,30,170.0
Queens,Entire home/apt,30,81.0
Manhattan,Private room,30,86.0
Manhattan,Entire home/apt,30,349.0
Queens,Entire home/apt,30,125.0
Brooklyn,Entire home/apt,3,337.0
Manhattan,Entire home/apt,30,130.0
Manhattan,Entire home/apt,30,260.0
Brooklyn,Entire home/apt,30,125.0
Queens,Entire home/apt,5,119.0
Manhattan,Private room,30,800.0
Manhattan,Entire home/apt,30,53.0
Brooklyn,Entire home/apt,3,257.0
Queens,Entire home/apt,1,115.0
Manhattan,Entire home/apt,30,747.0
Manhattan,Entire home/apt,30,494.0
Manhattan,Entire home/apt,30,342.0
Manhattan,Entire home/apt,30,666.0
Manhattan,Entire home/apt,30,526.0
Manhattan,Entire home/apt,30,238.0
Manhattan,Entire home/apt,30,237.0
Manhattan,Entire home/apt,30,562.0
Manhattan,Entire home/apt,30,398.0
Manhattan,Entire home/apt,30,338.0
Manhattan,Entire home/apt,30,299.0
Manhattan,Entire home/apt,30,366.0
Manhattan,Entire home/apt,30,266.0
Manhattan,Entire home/apt,30,947.0
Manhattan,Entire home/apt,30,346.0
Manhattan,Entire home/apt,30,774.0
Manhattan,Entire home/apt,30,299.0
Manhattan,Entire home/apt,30,424.0
Manhattan,Entire home/apt,30,639.0
Manhattan,Entire home/apt,30,354.0
Manhattan,Entire home/apt,30,354.0
Manhattan,Entire home/apt,30,323.0
Manhattan,Entire home/apt,30,312.0
Manhattan,Entire home/apt,30,630.0
Manhattan,Entire home/apt,30,233.0
Manhattan,Entire home/apt,30,120.0
Manhattan,Private room,1,71.0
Manhattan,Entire home/apt,30,370.0
Brooklyn,Private room,30,165.0
Queens,Entire home/apt,30,108.0
Brooklyn,Private room,30,68.0
Brooklyn,Private room,3,154.0
Manhattan,Private room,4,206.0
Queens,Private room,30,56.0
Brooklyn,Entire home/apt,30,170.0
Brooklyn,Private room,30,53.0
Brooklyn,Private room,30,53.0
Manhattan,Entire home/apt,31,485.0
Manhattan,Entire home/apt,31,411.0
Manhattan,Entire home/apt,31,314.0
Manhattan,Entire home/apt,31,467.0
Manhattan,Entire home/apt,30,270.0
Manhattan,Entire home/apt,30,200.0
Queens,Private room,1,89.0
Manhattan,Entire home/apt,30,175.0
Brooklyn,Private room,30,80.0
Brooklyn,Private room,30,72.0
Manhattan,Entire home/apt,30,495.0
Manhattan,Entire home/apt,31,315.0
Manhattan,Entire home/apt,30,406.0
Manhattan,Entire home/apt,30,478.0
Manhattan,Entire home/apt,30,384.0
Manhattan,Entire home/apt,30,484.0
Brooklyn,Private room,30,60.0
Manhattan,Entire home/apt,30,144.0
Brooklyn,Private room,30,60.0
Brooklyn,Private room,30,57.0
Manhattan,Entire home/apt,30,110.0
Brooklyn,Entire home/apt,30,145.0
Manhattan,Private room,30,55.0
Queens,Entire home/apt,30,78.0
Manhattan,Private room,1,291.0
Manhattan,Private room,1,512.0
Manhattan,Private room,1,314.0
Manhattan,Private room,1,393.0
Manhattan,Private room,1,359.0
Manhattan,Private room,1,360.0
Manhattan,Private room,1,195.0
Manhattan,Private room,1,345.0
Manhattan,Private room,2,114.0
Manhattan,Entire home/apt,30,309.0
Manhattan,Entire home/apt,30,575.0
Manhattan,Entire home/apt,30,259.0
Manhattan,Entire home/apt,30,809.0
Manhattan,Entire home/apt,30,298.0
Manhattan,Entire home/apt,30,923.0
Manhattan,Entire home/apt,30,413.0
Manhattan,Entire home/apt,30,519.0
Manhattan,Entire home/apt,30,369.0
Manhattan,Entire home/apt,30,256.0
Manhattan,Entire home/apt,30,262.0
Manhattan,Entire home/apt,30,286.0
Manhattan,Entire home/apt,30,490.0
Manhattan,Entire home/apt,30,871.0
Manhattan,Entire home/apt,30,346.0
Manhattan,Entire home/apt,30,669.0
Manhattan,Entire home/apt,30,782.0
Manhattan,Entire home/apt,30,269.0
Manhattan,Entire home/apt,30,651.0
Manhattan,Entire home/apt,30,954.0
Manhattan,Private room,30,154.0
Brooklyn,Private room,30,62.0
Brooklyn,Private room,30,52.0
Manhattan,Entire home/apt,31,336.0
Manhattan,Entire home/apt,30,99.0
Manhattan,Entire home/apt,30,783.0
Queens,Private room,30,144.0
Manhattan,Entire home/apt,30,170.0
Manhattan,Entire home/apt,30,217.0
Manhattan,Entire home/apt,30,640.0
Manhattan,Private room,30,143.0
Manhattan,Entire home/apt,30,462.0
Manhattan,Entire home/apt,30,950.0
Manhattan,Entire home/apt,30,289.0
Queens,Entire home/apt,30,55.0
Queens,Private room,30,86.0
Manhattan,Entire home/apt,31,262.0
Brooklyn,Entire home/apt,1,104.0
Brooklyn,Private room,2,71.0
Queens,Entire home/apt,1,171.0
Brooklyn,Entire home/apt,30,170.0
Manhattan,Private room,1,443.0
Manhattan,Private room,1,393.0
Manhattan,Private room,1,343.0
Manhattan,Private room,1,643.0
Manhattan,Private room,1,264.0
Manhattan,Private room,1,284.0
Queens,Entire home/apt,30,100.0
Brooklyn,Entire home/apt,30,228.0
Manhattan,Entire home/apt,30,450.0
Manhattan,Entire home/apt,30,495.0
Manhattan,Entire home/apt,30,495.0
Manhattan,Private room,1,279.0
Manhattan,Entire home/apt,30,103.0
Brooklyn,Private room,30,55.0
Manhattan,Entire home/apt,30,103.0
Queens,Entire home/apt,30,88.0
Queens,Private room,2,110.0
Brooklyn,Entire home/apt,30,120.0
Brooklyn,Entire home/apt,30,179.0
Brooklyn,Entire home/apt,30,177.0
Manhattan,Entire home/apt,30,182.0
Manhattan,Entire home/apt,30,180.0
Manhattan,Entire home/apt,30,262.0
Manhattan,Entire home/apt,30,205.0
Manhattan,Entire home/apt,30,262.0
Manhattan,Entire home/apt,30,282.0
Manhattan,Entire home/apt,30,181.0
Bronx,Entire home/apt,30,92.0
Manhattan,Entire home/apt,30,81.0
Manhattan,Entire home/apt,30,230.0
Manhattan,Entire home/apt,30,299.0
Manhattan,Entire home/apt,30,279.0
Manhattan,Entire home/apt,30,446.0
Brooklyn,Private room,30,50.0
Manhattan,Entire home/apt,30,524.0
Manhattan,Entire home/apt,30,456.0
Manhattan,Entire home/apt,30,136.0
Manhattan,Entire home/apt,30,330.0
Brooklyn,Private room,7,81.0
Manhattan,Entire home/apt,30,283.0
Manhattan,Entire home/apt,30,577.0
Manhattan,Entire home/apt,30,982.0
Manhattan,Entire home/apt,30,481.0
Manhattan,Entire home/apt,30,474.0
Manhattan,Entire home/apt,30,367.0
Manhattan,Entire home/apt,30,367.0
Queens,Private room,4,180.0
Manhattan,Entire home/apt,30,398.0
Manhattan,Entire home/apt,30,344.0
Manhattan,Entire home/apt,30,367.0
Manhattan,Entire home/apt,30,498.0
Manhattan,Entire home/apt,30,246.0
Manhattan,Entire home/apt,30,275.0
Manhattan,Entire home/apt,30,301.0
Manhattan,Entire home/apt,30,354.0
Manhattan,Entire home/apt,30,352.0
Manhattan,Entire home/apt,30,384.0
Manhattan,Entire home/apt,30,379.0
Manhattan,Entire home/apt,30,291.0
Manhattan,Entire home/apt,30,338.0
Manhattan,Entire home/apt,30,313.0
Manhattan,Entire home/apt,30,278.0
Manhattan,Entire home/apt,30,262.0
Manhattan,Entire home/apt,30,350.0
Brooklyn,Entire home/apt,30,117.0
Brooklyn,Entire home/apt,2,117.0
Manhattan,Entire home/apt,30,191.0
Manhattan,Entire home/apt,30,176.0
Brooklyn,Entire home/apt,2,286.0
Manhattan,Entire home/apt,1,482.0
Brooklyn,Private room,30,150.0
Brooklyn,Entire home/apt,3,203.0
Staten Island,Entire home/apt,30,100.0
Staten Island,Entire home/apt,30,136.0
Brooklyn,Private room,30,57.0
Manhattan,Entire home/apt,30,151.0
Brooklyn,Entire home/apt,30,360.0
Manhattan,Entire home/apt,30,170.0
Brooklyn,Entire home/apt,30,159.0
Brooklyn,Entire home/apt,30,115.0
Manhattan,Private room,30,135.0
Manhattan,Private room,30,75.0
Queens,Entire home/apt,3,225.0
Brooklyn,Private room,30,88.0
Bronx,Entire home/apt,30,116.0
Bronx,Entire home/apt,30,127.0
Manhattan,Entire home/apt,31,380.0
Manhattan,Entire home/apt,31,306.0
Brooklyn,Private room,30,70.0
Brooklyn,Private room,1,81.0
Bronx,Entire home/apt,30,105.0
Manhattan,Entire home/apt,30,126.0
Brooklyn,Private room,30,51.0
Manhattan,Private room,1,290.0
Brooklyn,Private room,30,63.0
Manhattan,Private room,30,53.0
Brooklyn,Private room,30,50.0
Brooklyn,Private room,2,208.0
Manhattan,Entire home/apt,3,272.0
Brooklyn,Private room,1,94.0
Brooklyn,Entire home/apt,1,130.0
Brooklyn,Entire home/apt,1,111.0
Brooklyn,Entire home/apt,1,88.0
Brooklyn,Entire home/apt,1,80.0
Brooklyn,Entire home/apt,1,80.0
Brooklyn,Entire home/apt,30,550.0
Brooklyn,Entire home/apt,1,111.0
Brooklyn,Entire home/apt,1,111.0
Brooklyn,Entire home/apt,1,111.0
Brooklyn,Entire home/apt,1,88.0
Brooklyn,Entire home/apt,1,111.0
Brooklyn,Entire home/apt,1,88.0
Brooklyn,Entire home/apt,1,88.0
Manhattan,Private room,30,75.0
Manhattan,Private room,30,81.0
Brooklyn,Entire home/apt,1,88.0
Brooklyn,Entire home/apt,1,104.0
Brooklyn,Entire home/apt,1,95.0
Brooklyn,Entire home/apt,1,80.0
Brooklyn,Entire home/apt,1,92.0
Brooklyn,Entire home/apt,1,88.0
Brooklyn,Entire home/apt,1,96.0
Brooklyn,Entire home/apt,1,99.0
Manhattan,Entire home/apt,30,438.0
Manhattan,Entire home/apt,30,306.0
Manhattan,Entire home/apt,30,306.0
Manhattan,Entire home/apt,30,332.0
Manhattan,Entire home/apt,30,302.0
Manhattan,Entire home/apt,30,360.0
Brooklyn,Entire home/apt,30,360.0
Manhattan,Entire home/apt,30,258.0
Manhattan,Entire home/apt,30,608.0
Manhattan,Entire home/apt,30,325.0
Manhattan,Entire home/apt,30,273.0
Manhattan,Entire home/apt,30,314.0
Brooklyn,Entire home/apt,30,450.0
Brooklyn,Entire home/apt,30,130.0
Brooklyn,Entire home/apt,30,275.0
Brooklyn,Private room,30,55.0
Brooklyn,Entire home/apt,30,120.0
Manhattan,Entire home/apt,30,305.0
Manhattan,Entire home/apt,30,242.0
Manhattan,Entire home/apt,30,258.0
Manhattan,Entire home/apt,30,320.0
Manhattan,Entire home/apt,30,422.0
Manhattan,Entire home/apt,30,386.0
Manhattan,Entire home/apt,30,418.0
Manhattan,Entire home/apt,30,392.0
Brooklyn,Entire home/apt,30,159.0
Manhattan,Entire home/apt,30,266.0
Manhattan,Entire home/apt,30,267.0
Manhattan,Entire home/apt,30,237.0
Manhattan,Entire home/apt,30,181.0
Brooklyn,Entire home/apt,1,120.0
Brooklyn,Private room,30,77.0
Queens,Entire home/apt,2,119.0
Brooklyn,Entire home/apt,1,114.0
Brooklyn,Entire home/apt,1,99.0
Brooklyn,Entire home/apt,1,111.0
Brooklyn,Entire home/apt,1,111.0
Brooklyn,Entire home/apt,1,111.0
Brooklyn,Entire home/apt,1,111.0
Brooklyn,Entire home/apt,1,106.0
Brooklyn,Entire home/apt,1,124.0
Brooklyn,Entire home/apt,1,76.0
Brooklyn,Entire home/apt,1,106.0
Brooklyn,Entire home/apt,1,76.0
Manhattan,Entire home/apt,30,94.0
Brooklyn,Entire home/apt,1,99.0
Manhattan,Entire home/apt,30,753.0
Manhattan,Entire home/apt,30,474.0
Manhattan,Entire home/apt,30,474.0
Manhattan,Entire home/apt,30,410.0
Manhattan,Entire home/apt,30,53.0
Manhattan,Entire home/apt,30,72.0
Manhattan,Entire home/apt,30,67.0
Manhattan,Entire home/apt,30,436.0
Manhattan,Entire home/apt,30,596.0
Brooklyn,Entire home/apt,30,150.0
Bronx,Private room,1,140.0
Bronx,Private room,1,160.0
Manhattan,Entire home/apt,30,829.0
Manhattan,Entire home/apt,30,596.0
Manhattan,Entire home/apt,30,225.0
Manhattan,Entire home/apt,30,456.0
Manhattan,Entire home/apt,30,552.0
Manhattan,Entire home/apt,30,67.0
Queens,Private room,1,89.0
Queens,Entire home/apt,5,117.0
Brooklyn,Entire home/apt,30,200.0
Manhattan,Entire home/apt,1,212.0
Bronx,Private room,2,81.0
Queens,Entire home/apt,30,100.0
Manhattan,Entire home/apt,1,197.0
Manhattan,Entire home/apt,30,412.0
Manhattan,Entire home/apt,30,353.0
Manhattan,Entire home/apt,30,406.0
Queens,Entire home/apt,30,148.0
Manhattan,Entire home/apt,30,532.0
Manhattan,Entire home/apt,30,391.0
Brooklyn,Private room,1,71.0
Manhattan,Entire home/apt,30,550.0
Brooklyn,Entire home/apt,30,308.0
Manhattan,Private room,1,93.0
Manhattan,Entire home/apt,30,271.0
Bronx,Private room,30,51.0
Manhattan,Entire home/apt,30,94.0
Manhattan,Private room,1,100.0
Brooklyn,Private room,1,100.0
Brooklyn,Private room,1,466.0
Brooklyn,Private room,30,59.0
Manhattan,Private room,30,562.0
Brooklyn,Private room,1,314.0
Brooklyn,Private room,1,224.0
Brooklyn,Private room,1,344.0
Queens,Entire home/apt,30,459.0
Manhattan,Entire home/apt,30,187.0
Manhattan,Entire home/apt,30,306.0
Manhattan,Entire home/apt,30,301.0
Manhattan,Entire home/apt,30,217.0
Manhattan,Entire home/apt,30,277.0
Manhattan,Entire home/apt,30,353.0
Manhattan,Entire home/apt,30,242.0
Queens,Entire home/apt,2,245.0
Queens,Private room,2,105.0
Brooklyn,Entire home/apt,30,69.0
Brooklyn,Entire home/apt,30,105.0
Manhattan,Entire home/apt,30,136.0
Brooklyn,Entire home/apt,1,104.0
Queens,Entire home/apt,30,147.0
Brooklyn,Entire home/apt,1,80.0
Brooklyn,Private room,1,80.0
Brooklyn,Private room,1,111.0
Bronx,Private room,30,67.0
Brooklyn,Entire home/apt,1,103.0
Brooklyn,Entire home/apt,1,91.0
Brooklyn,Entire home/apt,1,80.0
Brooklyn,Private room,30,61.0
Manhattan,Private room,30,79.0
Queens,Private room,30,88.0
Brooklyn,Private room,6,126.0
Manhattan,Entire home/apt,30,53.0
Manhattan,Entire home/apt,31,450.0
Manhattan,Private room,30,95.0
Brooklyn,Entire home/apt,30,185.0
Manhattan,Entire home/apt,365,122.0
Manhattan,Entire home/apt,30,300.0
Manhattan,Entire home/apt,30,600.0
Brooklyn,Entire home/apt,4,239.0
Brooklyn,Entire home/apt,30,800.0
Brooklyn,Entire home/apt,30,131.0
Bronx,Entire home/apt,30,125.0
Queens,Private room,30,100.0
Manhattan,Private room,30,70.0
Manhattan,Entire home/apt,30,230.0
Queens,Entire home/apt,30,280.0
Bronx,Private room,30,164.0
Manhattan,Entire home/apt,30,189.0
Brooklyn,Private room,30,60.0
Manhattan,Private room,1,186.0
Manhattan,Entire home/apt,2,458.0
Manhattan,Entire home/apt,30,362.0
Manhattan,Entire home/apt,30,300.0
Manhattan,Entire home/apt,30,590.0
Manhattan,Entire home/apt,30,430.0
Brooklyn,Private room,30,65.0
Manhattan,Private room,1,130.0
Brooklyn,Private room,4,181.0
Manhattan,Private room,30,120.0
Bronx,Private room,30,63.0
Brooklyn,Private room,30,59.0
Queens,Private room,30,80.0
Brooklyn,Private room,30,54.0
Brooklyn,Private room,2,100.0
Manhattan,Entire home/apt,30,325.0
Manhattan,Entire home/apt,30,394.0
Manhattan,Entire home/apt,30,334.0
Brooklyn,Entire home/apt,30,195.0
Manhattan,Entire home/apt,30,334.0
Manhattan,Entire home/apt,30,334.0
Manhattan,Entire home/apt,30,334.0
Manhattan,Entire home/apt,30,334.0
Manhattan,Entire home/apt,30,334.0
Manhattan,Entire home/apt,30,162.0
Brooklyn,Private room,30,59.0
Brooklyn,Private room,30,59.0
Brooklyn,Private room,30,59.0
Brooklyn,Private room,30,59.0
Manhattan,Entire home/apt,30,662.0
Manhattan,Entire home/apt,30,388.0
Manhattan,Entire home/apt,30,334.0
Manhattan,Entire home/apt,30,334.0
Manhattan,Entire home/apt,30,334.0
Manhattan,Entire home/apt,30,468.0
Manhattan,Entire home/apt,30,334.0
Brooklyn,Private room,30,65.0
Brooklyn,Entire home/apt,30,192.0
Manhattan,Private room,30,93.0
Manhattan,Private room,30,125.0
Queens,Entire home/apt,31,99.0
Manhattan,Entire home/apt,30,334.0
Manhattan,Entire home/apt,30,334.0
Manhattan,Entire home/apt,30,534.0
Manhattan,Entire home/apt,30,334.0
Manhattan,Entire home/apt,30,157.0
Manhattan,Entire home/apt,30,206.0
Manhattan,Entire home/apt,30,313.0
Manhattan,Private room,1,381.0
Manhattan,Private room,30,52.0
Bronx,Entire home/apt,30,357.0
Brooklyn,Entire home/apt,2,132.0
Manhattan,Entire home/apt,30,303.0
Brooklyn,Private room,2,215.0
Manhattan,Entire home/apt,30,590.0
Manhattan,Entire home/apt,30,299.0
Manhattan,Entire home/apt,30,346.0
Manhattan,Entire home/apt,30,378.0
Brooklyn,Private room,32,315.0
Brooklyn,Entire home/apt,30,400.0
Queens,Entire home/apt,30,160.0
Brooklyn,Entire home/apt,30,155.0
Bronx,Private room,2,124.0
Manhattan,Entire home/apt,30,822.0
Manhattan,Entire home/apt,30,176.0
Manhattan,Entire home/apt,29,169.0
Queens,Entire home/apt,30,84.0
Manhattan,Entire home/apt,30,119.0
Manhattan,Entire home/apt,30,131.0
Manhattan,Entire home/apt,1,177.0
Queens,Private room,30,55.0
Manhattan,Entire home/apt,1,177.0
Manhattan,Entire home/apt,180,829.0
Manhattan,Entire home/apt,3,194.0
Manhattan,Entire home/apt,30,210.0
Manhattan,Entire home/apt,30,197.0
Manhattan,Entire home/apt,30,286.0
Brooklyn,Entire home/apt,2,289.0
Brooklyn,Private room,30,82.0
Brooklyn,Private room,30,80.0
Queens,Private room,3,98.0
Manhattan,Entire home/apt,31,180.0
Queens,Private room,30,129.0
Brooklyn,Private room,30,52.0
Brooklyn,Entire home/apt,30,294.0
Manhattan,Entire home/apt,30,79.0
Queens,Private room,1,99.0
Manhattan,Entire home/apt,1,226.0
Manhattan,Entire home/apt,1,211.0
Brooklyn,Private room,30,78.0
Brooklyn,Entire home/apt,30,90.0
Brooklyn,Private room,30,108.0
Queens,Entire home/apt,30,80.0
Queens,Entire home/apt,1,218.0
Bronx,Entire home/apt,31,204.0
Queens,Entire home/apt,30,450.0
Brooklyn,Private room,2,104.0
Queens,Entire home/apt,30,107.0
Manhattan,Entire home/apt,30,362.0
Manhattan,Entire home/apt,30,283.0
Brooklyn,Private room,30,120.0
Brooklyn,Entire home/apt,30,505.0
Manhattan,Entire home/apt,30,227.0
Manhattan,Entire home/apt,30,128.0
Brooklyn,Entire home/apt,30,144.0
Brooklyn,Private room,30,62.0
Brooklyn,Entire home/apt,2,275.0
Manhattan,Private room,1,476.0
Manhattan,Entire home/apt,30,120.0
Brooklyn,Private room,30,67.0
Manhattan,Private room,30,160.0
Brooklyn,Private room,30,52.0
Manhattan,Entire home/apt,30,150.0
Brooklyn,Private room,30,53.0
Brooklyn,Private room,30,69.0
Brooklyn,Entire home/apt,30,122.0
Brooklyn,Entire home/apt,30,229.0
Bronx,Private room,4,135.0
Manhattan,Entire home/apt,30,360.0
Manhattan,Entire home/apt,30,100.0
Manhattan,Entire home/apt,30,600.0
Brooklyn,Entire home/apt,30,88.0
Manhattan,Entire home/apt,30,462.0
Manhattan,Entire home/apt,30,340.0
Manhattan,Entire home/apt,30,365.0
Manhattan,Entire home/apt,30,198.0
Manhattan,Entire home/apt,30,414.0
Manhattan,Entire home/apt,30,334.0
Manhattan,Entire home/apt,30,254.0
Brooklyn,Entire home/apt,30,167.0
Manhattan,Entire home/apt,30,226.0
Manhattan,Entire home/apt,30,484.0
Manhattan,Entire home/apt,30,342.0
Manhattan,Entire home/apt,30,317.0
Manhattan,Entire home/apt,30,289.0
Brooklyn,Private room,2,94.0
Manhattan,Entire home/apt,30,239.0
Manhattan,Entire home/apt,30,249.0
Manhattan,Entire home/apt,30,378.0
Manhattan,Entire home/apt,30,334.0
Manhattan,Entire home/apt,30,406.0
Manhattan,Entire home/apt,30,272.0
Manhattan,Entire home/apt,30,180.0
Manhattan,Entire home/apt,30,334.0
Manhattan,Entire home/apt,30,334.0
Manhattan,Entire home/apt,30,334.0
Manhattan,Entire home/apt,30,334.0
Manhattan,Entire home/apt,30,334.0
Manhattan,Entire home/apt,30,334.0
Manhattan,Entire home/apt,30,334.0
Manhattan,Entire home/apt,30,334.0
Manhattan,Entire home/apt,30,334.0
Manhattan,Entire home/apt,30,334.0
Manhattan,Entire home/apt,30,345.0
Manhattan,Entire home/apt,30,550.0
Queens,Private room,30,640.0
Manhattan,Entire home/apt,30,125.0
Manhattan,Entire home/apt,30,180.0
Bronx,Private room,30,87.0
Manhattan,Private room,30,85.0
Manhattan,Entire home/apt,30,120.0
Brooklyn,Private room,2,217.0
Manhattan,Entire home/apt,30,440.0
Manhattan,Entire home/apt,30,246.0
Manhattan,Entire home/apt,30,403.0
Manhattan,Entire home/apt,30,534.0
Manhattan,Entire home/apt,30,334.0
Manhattan,Entire home/apt,30,239.0
Manhattan,Entire home/apt,30,644.0
Manhattan,Entire home/apt,30,707.0
Queens,Entire home/apt,30,88.0
Queens,Private room,30,77.0
Manhattan,Private room,30,184.0
Manhattan,Entire home/apt,30,796.0
Manhattan,Entire home/apt,30,969.0
Manhattan,Entire home/apt,30,397.0
Manhattan,Entire home/apt,30,284.0
Manhattan,Entire home/apt,30,651.0
Manhattan,Entire home/apt,30,651.0
Staten Island,Entire home/apt,30,145.0
Manhattan,Entire home/apt,30,348.0
Manhattan,Entire home/apt,30,211.0
Manhattan,Entire home/apt,30,334.0
Manhattan,Entire home/apt,30,334.0
Manhattan,Entire home/apt,30,334.0
Brooklyn,Entire home/apt,30,111.0
Brooklyn,Entire home/apt,2,276.0
Brooklyn,Private room,31,60.0
Brooklyn,Entire home/apt,30,145.0
Manhattan,Entire home/apt,30,381.0
Manhattan,Private room,1,412.0
Manhattan,Private room,1,162.0
Brooklyn,Entire home/apt,30,262.0
Brooklyn,Private room,30,68.0
Manhattan,Entire home/apt,30,534.0
Manhattan,Entire home/apt,30,212.0
Manhattan,Private room,30,76.0
Manhattan,Entire home/apt,30,334.0
Manhattan,Entire home/apt,30,334.0
Brooklyn,Private room,30,59.0
Manhattan,Entire home/apt,30,157.0
Manhattan,Entire home/apt,31,145.0
Manhattan,Entire home/apt,30,99.0
Bronx,Entire home/apt,30,90.0
Queens,Private room,30,77.0
Brooklyn,Private room,30,101.0
Manhattan,Entire home/apt,30,334.0
Manhattan,Entire home/apt,30,334.0
Manhattan,Entire home/apt,30,334.0
Manhattan,Entire home/apt,30,334.0
Queens,Private room,1,89.0
Staten Island,Entire home/apt,4,120.0
Brooklyn,Private room,2,119.0
Queens,Private room,1,124.0
Brooklyn,Private room,30,165.0
Manhattan,Entire home/apt,30,500.0
Brooklyn,Private room,30,60.0
Manhattan,Entire home/apt,30,334.0
Manhattan,Entire home/apt,30,668.0
Manhattan,Entire home/apt,30,210.0
Manhattan,Entire home/apt,30,258.0
Manhattan,Entire home/apt,30,336.0
Queens,Private room,30,60.0
Queens,Private room,30,65.0
Manhattan,Entire home/apt,180,408.0
Manhattan,Entire home/apt,30,240.0
Manhattan,Entire home/apt,30,674.0
Manhattan,Entire home/apt,30,650.0
Manhattan,Entire home/apt,2,717.0
Manhattan,Entire home/apt,30,79.0
Queens,Entire home/apt,30,120.0
Brooklyn,Private room,30,140.0
Brooklyn,Private room,30,70.0
Manhattan,Entire home/apt,31,222.0
Manhattan,Entire home/apt,30,54.0
Queens,Private room,30,79.0
Queens,Private room,30,80.0
Queens,Private room,30,69.0
Brooklyn,Entire home/apt,30,151.0
Brooklyn,Entire home/apt,30,203.0
Brooklyn,Private room,30,64.0
Queens,Private room,2,93.0
Manhattan,Entire home/apt,30,63.0
Manhattan,Entire home/apt,30,61.0
Brooklyn,Entire home/apt,30,122.0
Bronx,Private room,30,104.0
Queens,Entire home/apt,30,85.0
Manhattan,Entire home/apt,30,285.0
Manhattan,Entire home/apt,30,100.0
Manhattan,Entire home/apt,30,149.0
Queens,Private room,1,150.0
Brooklyn,Private room,30,56.0
Brooklyn,Entire home/apt,30,319.0
Manhattan,Private room,30,63.0
Staten Island,Entire home/apt,30,1000.0
Manhattan,Private room,30,90.0
Brooklyn,Private room,30,136.0
Manhattan,Entire home/apt,30,151.0
Manhattan,Entire home/apt,30,250.0
Manhattan,Entire home/apt,30,61.0
Brooklyn,Entire home/apt,30,160.0
Queens,Private room,2,90.0
Manhattan,Entire home/apt,30,325.0
Manhattan,Entire home/apt,30,436.0
Queens,Entire home/apt,30,298.0
Manhattan,Entire home/apt,30,350.0
Manhattan,Entire home/apt,30,572.0
Brooklyn,Entire home/apt,30,71.0
Manhattan,Entire home/apt,30,335.0
Brooklyn,Private room,30,84.0
Manhattan,Entire home/apt,1,93.0
Brooklyn,Private room,30,240.0
Manhattan,Entire home/apt,30,100.0
Manhattan,Entire home/apt,2,165.0
Brooklyn,Private room,30,66.0
Brooklyn,Entire home/apt,30,144.0
Queens,Private room,3,99.0
Brooklyn,Entire home/apt,30,152.0
Brooklyn,Entire home/apt,90,321.0
Manhattan,Entire home/apt,30,144.0
Brooklyn,Private room,30,270.0
Manhattan,Entire home/apt,3,159.0
Manhattan,Private room,30,58.0
Queens,Entire home/apt,30,95.0
Manhattan,Entire home/apt,1,85.0
Manhattan,Entire home/apt,4,478.0
Manhattan,Entire home/apt,30,381.0
Manhattan,Entire home/apt,30,430.0
Manhattan,Entire home/apt,30,423.0
Manhattan,Entire home/apt,30,420.0
Manhattan,Entire home/apt,30,400.0
Manhattan,Entire home/apt,30,423.0
Manhattan,Entire home/apt,30,421.0
Manhattan,Entire home/apt,30,408.0
Manhattan,Entire home/apt,30,422.0
Manhattan,Entire home/apt,30,289.0
Manhattan,Entire home/apt,30,324.0
Manhattan,Entire home/apt,30,293.0
Manhattan,Entire home/apt,30,293.0
Manhattan,Entire home/apt,30,291.0
Manhattan,Entire home/apt,30,291.0
Manhattan,Entire home/apt,30,57.0
Manhattan,Entire home/apt,30,154.0
Manhattan,Entire home/apt,364,141.0
Manhattan,Entire home/apt,30,81.0
Brooklyn,Entire home/apt,30,90.0
Brooklyn,Private room,30,252.0
Brooklyn,Entire home/apt,30,148.0
Staten Island,Entire home/apt,30,224.0
Brooklyn,Private room,30,152.0
Manhattan,Private room,30,85.0
Brooklyn,Private room,31,72.0
Brooklyn,Entire home/apt,30,100.0
Queens,Private room,31,144.0
Manhattan,Private room,30,126.0
Manhattan,Entire home/apt,80,165.0
Queens,Private room,3,59.0
Manhattan,Entire home/apt,30,299.0
Brooklyn,Private room,30,136.0
Brooklyn,Entire home/apt,30,400.0
Queens,Private room,30,80.0
Brooklyn,Entire home/apt,30,169.0
Queens,Entire home/apt,30,199.0
Brooklyn,Entire home/apt,30,198.0
Brooklyn,Entire home/apt,30,600.0
Brooklyn,Entire home/apt,30,180.0
Brooklyn,Private room,30,75.0
Manhattan,Entire home/apt,1,177.0
Manhattan,Entire home/apt,1,235.0
Queens,Entire home/apt,30,88.0
Brooklyn,Entire home/apt,1,225.0
Manhattan,Entire home/apt,30,241.0
Brooklyn,Private room,30,51.0
Brooklyn,Private room,30,62.0
Brooklyn,Private room,30,59.0
Brooklyn,Private room,30,52.0
Bronx,Private room,30,79.0
Brooklyn,Entire home/apt,30,50.0
Manhattan,Entire home/apt,30,155.0
Manhattan,Private room,90,120.0
Brooklyn,Entire home/apt,30,96.0
Brooklyn,Private room,30,180.0
Brooklyn,Entire home/apt,30,77.0
Manhattan,Entire home/apt,30,432.0
Brooklyn,Entire home/apt,30,95.0
Queens,Private room,1,76.0
Queens,Private room,2,92.0
Manhattan,Entire home/apt,30,306.0
Queens,Entire home/apt,30,650.0
Queens,Private room,2,94.0
Queens,Private room,2,92.0
Queens,Entire home/apt,30,250.0
Manhattan,Private room,30,115.0
Bronx,Entire home/apt,30,95.0
Queens,Private room,30,150.0
Manhattan,Private room,30,200.0
Queens,Entire home/apt,30,108.0
Manhattan,Private room,30,129.0
Manhattan,Entire home/apt,30,177.0
Manhattan,Private room,30,183.0
Manhattan,Entire home/apt,30,180.0
Manhattan,Entire home/apt,30,209.0
Brooklyn,Private room,30,104.0
Manhattan,Entire home/apt,30,160.0
Manhattan,Entire home/apt,2,203.0
Brooklyn,Entire home/apt,30,90.0
Brooklyn,Entire home/apt,1,317.0
Brooklyn,Private room,30,79.0
Manhattan,Entire home/apt,30,181.0
Manhattan,Private room,30,88.0
Brooklyn,Private room,30,50.0
Manhattan,Entire home/apt,30,294.0
Manhattan,Private room,1,64.0
Brooklyn,Entire home/apt,1,229.0
Manhattan,Private room,30,126.0
Brooklyn,Private room,4,131.0
Brooklyn,Entire home/apt,30,62.0
Queens,Private room,1,74.0
Queens,Private room,1,73.0
Manhattan,Entire home/apt,30,140.0
Queens,Private room,30,60.0
Manhattan,Private room,30,233.0
Manhattan,Entire home/apt,1,898.0
Brooklyn,Private room,31,55.0
Manhattan,Hotel room,1,480.0
Manhattan,Hotel room,1,480.0
Manhattan,Hotel room,1,400.0
Manhattan,Hotel room,1,400.0
Brooklyn,Entire home/apt,30,99.0
Manhattan,Entire home/apt,30,200.0
Queens,Private room,3,128.0
Manhattan,Private room,5,114.0
Queens,Entire home/apt,30,99.0
Staten Island,Private room,2,113.0
Brooklyn,Entire home/apt,2,137.0
Brooklyn,Entire home/apt,30,408.0
Manhattan,Entire home/apt,30,77.0
Manhattan,Entire home/apt,30,72.0
Manhattan,Entire home/apt,30,72.0
Manhattan,Entire home/apt,30,170.0
Manhattan,Entire home/apt,30,53.0
Manhattan,Entire home/apt,30,53.0
Manhattan,Private room,1,432.0
Manhattan,Private room,1,488.0
Manhattan,Private room,1,360.0
Manhattan,Private room,1,536.0
Queens,Entire home/apt,30,80.0
Manhattan,Entire home/apt,30,300.0
Manhattan,Entire home/apt,30,376.0
Manhattan,Private room,30,125.0
Bronx,Entire home/apt,2,150.0
Manhattan,Entire home/apt,30,196.0
Brooklyn,Entire home/apt,30,315.0
Manhattan,Entire home/apt,30,219.0
Manhattan,Entire home/apt,30,170.0
Manhattan,Entire home/apt,30,300.0
Manhattan,Entire home/apt,2,176.0
Brooklyn,Entire home/apt,30,155.0
Brooklyn,Entire home/apt,30,314.0
Manhattan,Entire home/apt,30,477.0
Queens,Entire home/apt,30,100.0
Manhattan,Private room,30,400.0
Brooklyn,Private room,2,199.0
Queens,Private room,30,105.0
Staten Island,Private room,2,201.0
Brooklyn,Private room,30,200.0
Manhattan,Private room,30,152.0
Brooklyn,Entire home/apt,30,246.0
Manhattan,Entire home/apt,31,999.0
Staten Island,Private room,2,113.0
Staten Island,Private room,2,104.0
Manhattan,Private room,4,119.0
Queens,Private room,30,55.0
Queens,Private room,30,88.0
Queens,Entire home/apt,30,115.0
Brooklyn,Private room,3,200.0
Brooklyn,Private room,1,99.0
Brooklyn,Private room,30,98.0
Manhattan,Entire home/apt,30,381.0
Brooklyn,Entire home/apt,30,430.0
Manhattan,Entire home/apt,30,150.0
Manhattan,Entire home/apt,30,120.0
Queens,Entire home/apt,1,120.0
Brooklyn,Entire home/apt,30,120.0
Manhattan,Entire home/apt,30,145.0
Queens,Private room,2,91.0
Manhattan,Private room,30,555.0
Brooklyn,Entire home/apt,1,275.0
Queens,Private room,2,158.0
Brooklyn,Entire home/apt,2,302.0
Brooklyn,Private room,30,60.0
Brooklyn,Private room,30,280.0
Brooklyn,Private room,30,93.0
Queens,Entire home/apt,30,100.0
Manhattan,Entire home/apt,30,351.0
Manhattan,Entire home/apt,30,267.0
Brooklyn,Entire home/apt,30,178.0
Queens,Private room,1,94.0
Manhattan,Private room,30,85.0
Brooklyn,Entire home/apt,30,312.0
Manhattan,Entire home/apt,1,88.0
Brooklyn,Entire home/apt,30,187.0
Manhattan,Entire home/apt,30,297.0
Manhattan,Entire home/apt,30,135.0
Manhattan,Entire home/apt,30,237.0
Brooklyn,Private room,30,104.0
Brooklyn,Entire home/apt,31,150.0
Brooklyn,Entire home/apt,2,165.0
Brooklyn,Entire home/apt,30,742.0
Brooklyn,Shared room,3,240.0
Brooklyn,Entire home/apt,30,451.0
Brooklyn,Entire home/apt,30,114.0
Manhattan,Private room,1,156.0
Manhattan,Private room,1,133.0
Manhattan,Private room,1,143.0
Manhattan,Private room,1,148.0
Queens,Entire home/apt,30,98.0
Brooklyn,Private room,30,107.0
Brooklyn,Entire home/apt,30,108.0
Brooklyn,Entire home/apt,30,300.0
Manhattan,Entire home/apt,30,352.0
Manhattan,Hotel room,1,480.0
Manhattan,Hotel room,1,480.0
Brooklyn,Entire home/apt,30,139.0
Manhattan,Entire home/apt,30,203.0
Queens,Private room,1,64.0
Queens,Private room,2,85.0
Queens,Private room,30,54.0
Brooklyn,Private room,10,170.0
Brooklyn,Private room,10,126.0
Brooklyn,Private room,1,84.0
Manhattan,Entire home/apt,30,181.0
Manhattan,Entire home/apt,30,181.0
Manhattan,Private room,30,86.0
Manhattan,Entire home/apt,30,520.0
Queens,Entire home/apt,30,135.0
Brooklyn,Private room,31,85.0
Queens,Entire home/apt,30,120.0
Bronx,Entire home/apt,30,104.0
Brooklyn,Entire home/apt,30,81.0
Queens,Private room,30,399.0
Brooklyn,Private room,30,50.0
Bronx,Private room,30,112.0
Bronx,Entire home/apt,30,104.0
Manhattan,Entire home/apt,30,261.0
Brooklyn,Entire home/apt,30,220.0
Brooklyn,Private room,30,150.0
Brooklyn,Private room,30,50.0
Manhattan,Entire home/apt,30,211.0
Brooklyn,Private room,30,56.0
Queens,Private room,30,152.0
Manhattan,Entire home/apt,30,430.0
Brooklyn,Entire home/apt,30,310.0
Brooklyn,Entire home/apt,3,257.0
Manhattan,Entire home/apt,30,349.0
Manhattan,Entire home/apt,30,349.0
Manhattan,Entire home/apt,30,249.0
Manhattan,Entire home/apt,30,188.0
Manhattan,Entire home/apt,30,188.0
Queens,Entire home/apt,30,133.0
Brooklyn,Private room,30,52.0
Queens,Private room,2,145.0
Brooklyn,Private room,30,78.0
Brooklyn,Private room,30,58.0
Manhattan,Entire home/apt,30,251.0
Brooklyn,Private room,30,91.0
Brooklyn,Private room,30,50.0
Brooklyn,Private room,30,50.0
Queens,Private room,30,74.0
Queens,Private room,30,80.0
Manhattan,Private room,1,182.0
Manhattan,Private room,1,273.0
Brooklyn,Private room,2,165.0
Manhattan,Entire home/apt,30,452.0
Brooklyn,Entire home/apt,3,183.0
Manhattan,Entire home/apt,30,206.0
Manhattan,Entire home/apt,90,131.0
Manhattan,Private room,1,200.0
Brooklyn,Private room,30,95.0
Manhattan,Entire home/apt,30,296.0
Manhattan,Entire home/apt,2,224.0
Manhattan,Entire home/apt,30,80.0
Queens,Private room,30,67.0
Manhattan,Entire home/apt,30,55.0
Manhattan,Entire home/apt,30,55.0
Manhattan,Entire home/apt,30,55.0
Brooklyn,Shared room,2,308.0
Brooklyn,Private room,30,240.0
Manhattan,Entire home/apt,30,181.0
Manhattan,Private room,1,381.0
Staten Island,Private room,1,99.0
Manhattan,Entire home/apt,30,159.0
Queens,Entire home/apt,30,149.0
Manhattan,Entire home/apt,30,257.0
Brooklyn,Entire home/apt,30,146.0
Queens,Private room,30,112.0
Queens,Private room,30,88.0
Brooklyn,Entire home/apt,2,263.0
Brooklyn,Shared room,1,96.0
Bronx,Private room,30,70.0
Brooklyn,Private room,1,103.0
Brooklyn,Entire home/apt,30,451.0
Manhattan,Entire home/apt,30,128.0
Queens,Entire home/apt,1,248.0
Brooklyn,Entire home/apt,30,104.0
Brooklyn,Private room,30,76.0
Brooklyn,Private room,30,50.0
Manhattan,Entire home/apt,30,208.0
Manhattan,Entire home/apt,30,190.0
Manhattan,Entire home/apt,30,773.0
Brooklyn,Private room,2,86.0
Brooklyn,Private room,30,88.0
Brooklyn,Private room,30,51.0
Brooklyn,Private room,30,51.0
Queens,Entire home/apt,90,210.0
Brooklyn,Private room,30,51.0
Brooklyn,Private room,30,51.0
Manhattan,Entire home/apt,30,232.0
Manhattan,Entire home/apt,1,341.0
Brooklyn,Private room,30,72.0
Queens,Private room,30,55.0
Brooklyn,Entire home/apt,180,325.0
Manhattan,Private room,1,98.0
Manhattan,Private room,1,106.0
Manhattan,Private room,1,121.0
Manhattan,Private room,1,145.0
Manhattan,Private room,1,137.0
Manhattan,Private room,1,121.0
Manhattan,Private room,1,121.0
Manhattan,Entire home/apt,30,175.0
Brooklyn,Private room,30,60.0
Manhattan,Entire home/apt,30,250.0
Manhattan,Entire home/apt,30,53.0
Manhattan,Entire home/apt,30,183.0
Manhattan,Entire home/apt,30,195.0
Manhattan,Entire home/apt,30,249.0
Queens,Private room,1,165.0
Bronx,Private room,2,85.0
Manhattan,Entire home/apt,30,325.0
Manhattan,Entire home/apt,30,53.0
Manhattan,Private room,1,125.0
Manhattan,Private room,30,200.0
Manhattan,Private room,30,96.0
Manhattan,Entire home/apt,30,132.0
Brooklyn,Private room,2,78.0
Manhattan,Entire home/apt,30,250.0
Manhattan,Entire home/apt,30,261.0
Brooklyn,Entire home/apt,30,742.0
Queens,Entire home/apt,3,233.0
Manhattan,Private room,2,154.0
Manhattan,Private room,1,262.0
Manhattan,Private room,1,325.0
Queens,Private room,30,92.0
Queens,Private room,1,124.0
Brooklyn,Private room,2,97.0
Brooklyn,Entire home/apt,30,241.0
Manhattan,Private room,1,381.0
Brooklyn,Private room,2,514.0
Queens,Private room,30,96.0
Brooklyn,Private room,30,52.0
Queens,Entire home/apt,1,200.0
Brooklyn,Entire home/apt,3,309.0
Manhattan,Entire home/apt,30,130.0
Manhattan,Entire home/apt,30,574.0
Manhattan,Entire home/apt,30,574.0
Manhattan,Entire home/apt,30,574.0
Manhattan,Entire home/apt,30,140.0
Manhattan,Private room,1,381.0
Manhattan,Entire home/apt,30,99.0
Manhattan,Entire home/apt,30,175.0
Brooklyn,Private room,30,51.0
Manhattan,Private room,1,494.0
Queens,Entire home/apt,30,113.0
Manhattan,Entire home/apt,30,140.0
Brooklyn,Private room,5,82.0
Brooklyn,Entire home/apt,30,364.0
Manhattan,Private room,30,55.0
Brooklyn,Entire home/apt,30,139.0
Brooklyn,Private room,1,116.0
Brooklyn,Private room,1,178.0
Brooklyn,Entire home/apt,2,184.0
Brooklyn,Private room,30,101.0
Brooklyn,Entire home/apt,30,300.0
Manhattan,Hotel room,1,407.0
Manhattan,Hotel room,1,509.0
Manhattan,Hotel room,1,407.0
Manhattan,Hotel room,1,431.0
Manhattan,Hotel room,1,539.0
Manhattan,Hotel room,1,431.0
Manhattan,Hotel room,1,431.0
Queens,Private room,2,94.0
Manhattan,Private room,1,160.0
Manhattan,Entire home/apt,30,232.0
Manhattan,Entire home/apt,1,195.0
Staten Island,Private room,30,140.0
Manhattan,Entire home/apt,1,231.0
Manhattan,Entire home/apt,30,218.0
Manhattan,Entire home/apt,1,277.0
Queens,Private room,1,93.0
Brooklyn,Entire home/apt,30,220.0
Brooklyn,Entire home/apt,30,97.0
Brooklyn,Private room,30,65.0
Manhattan,Private room,1,193.0
Manhattan,Entire home/apt,30,800.0
Queens,Private room,1,59.0
Manhattan,Entire home/apt,30,125.0
Manhattan,Entire home/apt,30,609.0
Brooklyn,Entire home/apt,31,383.0
Manhattan,Entire home/apt,31,265.0
Bronx,Private room,1,70.0
Queens,Private room,2,79.0
Brooklyn,Private room,30,60.0
Brooklyn,Private room,30,55.0
Manhattan,Entire home/apt,30,325.0
Queens,Entire home/apt,30,204.0
Bronx,Private room,30,54.0
Manhattan,Entire home/apt,3,225.0
Queens,Private room,30,54.0
Brooklyn,Private room,1,799.0
Manhattan,Entire home/apt,30,496.0
Brooklyn,Private room,1,799.0
Brooklyn,Private room,3,71.0
Queens,Private room,30,72.0
Manhattan,Entire home/apt,30,187.0
Manhattan,Entire home/apt,30,289.0
Manhattan,Entire home/apt,30,136.0
Queens,Private room,30,108.0
Manhattan,Private room,30,72.0
Manhattan,Entire home/apt,30,123.0
Brooklyn,Private room,30,58.0
Brooklyn,Private room,1,72.0
Manhattan,Entire home/apt,30,112.0
Brooklyn,Private room,30,55.0
Brooklyn,Private room,30,55.0
Brooklyn,Private room,30,55.0
Bronx,Private room,30,64.0
Brooklyn,Entire home/apt,30,123.0
Manhattan,Entire home/apt,30,175.0
Manhattan,Private room,1,114.0
Manhattan,Entire home/apt,30,127.0
Brooklyn,Private room,1,94.0
Manhattan,Entire home/apt,30,142.0
Manhattan,Entire home/apt,30,250.0
Brooklyn,Private room,30,68.0
Manhattan,Private room,30,359.0
Manhattan,Private room,30,359.0
Manhattan,Private room,30,539.0
Manhattan,Private room,30,359.0
Manhattan,Entire home/apt,31,333.0
Manhattan,Entire home/apt,31,308.0
Brooklyn,Private room,1,113.0
Manhattan,Private room,1,138.0
Manhattan,Private room,1,126.0
Brooklyn,Entire home/apt,3,302.0
Manhattan,Entire home/apt,80,112.0
Brooklyn,Entire home/apt,30,133.0
Manhattan,Private room,30,98.0
Manhattan,Private room,1,130.0
Manhattan,Private room,1,151.0
Manhattan,Private room,1,151.0
Manhattan,Entire home/apt,31,422.0
Manhattan,Entire home/apt,30,115.0
Manhattan,Entire home/apt,30,210.0
Manhattan,Entire home/apt,30,191.0
Manhattan,Private room,30,154.0
Manhattan,Entire home/apt,30,334.0
Staten Island,Entire home/apt,30,140.0
Brooklyn,Entire home/apt,30,225.0
Brooklyn,Private room,30,79.0
Manhattan,Entire home/apt,1,332.0
Bronx,Entire home/apt,1,126.0
Queens,Entire home/apt,1,208.0
Queens,Private room,2,119.0
Manhattan,Entire home/apt,30,133.0
Manhattan,Entire home/apt,30,475.0
Manhattan,Private room,30,93.0
Brooklyn,Private room,1,139.0
Brooklyn,Entire home/apt,3,205.0
Brooklyn,Entire home/apt,30,102.0
Queens,Private room,30,77.0
Manhattan,Private room,30,87.0
Brooklyn,Private room,3,108.0
Manhattan,Private room,1,131.0
Manhattan,Private room,1,124.0
Manhattan,Entire home/apt,30,180.0
Manhattan,Entire home/apt,30,155.0
Brooklyn,Private room,30,76.0
Manhattan,Private room,30,180.0
Manhattan,Private room,30,180.0
Queens,Private room,2,328.0
Brooklyn,Private room,30,98.0
Manhattan,Private room,1,185.0
Manhattan,Private room,1,171.0
Manhattan,Entire home/apt,31,375.0
Manhattan,Entire home/apt,31,516.0
Manhattan,Entire home/apt,31,379.0
Manhattan,Entire home/apt,30,201.0
Manhattan,Entire home/apt,31,545.0
Manhattan,Entire home/apt,30,165.0
Manhattan,Private room,30,76.0
Queens,Entire home/apt,30,59.0
Manhattan,Private room,1,77.0
Manhattan,Private room,1,66.0
Manhattan,Entire home/apt,30,237.0
Manhattan,Entire home/apt,30,130.0
Queens,Private room,30,96.0
Manhattan,Private room,30,149.0
Manhattan,Entire home/apt,30,64.0
Manhattan,Entire home/apt,30,64.0
Manhattan,Entire home/apt,30,272.0
Manhattan,Entire home/apt,30,280.0
Manhattan,Entire home/apt,30,154.0
Manhattan,Entire home/apt,30,285.0
Manhattan,Entire home/apt,30,280.0
Brooklyn,Private room,30,77.0
Manhattan,Entire home/apt,30,599.0
Queens,Entire home/apt,30,88.0
Brooklyn,Private room,30,226.0
Manhattan,Entire home/apt,30,285.0
Manhattan,Entire home/apt,30,240.0
Manhattan,Entire home/apt,30,235.0
Brooklyn,Entire home/apt,30,266.0
Queens,Private room,1,135.0
Manhattan,Entire home/apt,30,130.0
Manhattan,Entire home/apt,30,250.0
Queens,Private room,30,82.0
Queens,Entire home/apt,30,70.0
Manhattan,Private room,30,110.0
Brooklyn,Private room,30,240.0
Queens,Entire home/apt,30,66.0
Manhattan,Entire home/apt,30,352.0
Manhattan,Entire home/apt,30,325.0
Manhattan,Entire home/apt,30,325.0
Brooklyn,Private room,30,64.0
Manhattan,Entire home/apt,30,240.0
Brooklyn,Private room,30,64.0
Manhattan,Entire home/apt,30,215.0
Manhattan,Private room,30,69.0
Manhattan,Private room,30,149.0
Manhattan,Entire home/apt,30,273.0
Bronx,Entire home/apt,30,280.0
Manhattan,Private room,30,86.0
Manhattan,Private room,30,89.0
Brooklyn,Private room,30,58.0
Queens,Entire home/apt,30,152.0
Manhattan,Private room,30,100.0
Manhattan,Private room,30,225.0
Manhattan,Private room,30,123.0
Manhattan,Private room,30,64.0
Brooklyn,Entire home/apt,1,392.0
Manhattan,Entire home/apt,30,235.0
Bronx,Entire home/apt,30,83.0
Manhattan,Entire home/apt,30,198.0
Queens,Entire home/apt,30,174.0
Manhattan,Private room,1,239.0
Manhattan,Private room,1,211.0
Manhattan,Private room,1,156.0
Manhattan,Private room,1,223.0
Manhattan,Entire home/apt,3,379.0
Queens,Entire home/apt,2,631.0
Manhattan,Entire home/apt,30,150.0
Brooklyn,Private room,1,257.0
Queens,Entire home/apt,2,585.0
Brooklyn,Private room,1,136.0
Brooklyn,Private room,1,266.0
Brooklyn,Entire home/apt,30,230.0
Manhattan,Entire home/apt,30,65.0
Brooklyn,Entire home/apt,30,260.0
Queens,Private room,2,74.0
Brooklyn,Private room,30,59.0
Manhattan,Entire home/apt,30,599.0
Manhattan,Private room,1,240.0
Manhattan,Private room,1,68.0
Queens,Entire home/apt,30,157.0
Manhattan,Private room,30,72.0
Manhattan,Entire home/apt,30,94.0
Brooklyn,Entire home/apt,30,165.0
Manhattan,Entire home/apt,30,219.0
Queens,Private room,30,132.0
Brooklyn,Entire home/apt,30,135.0
Manhattan,Entire home/apt,30,420.0
Manhattan,Entire home/apt,30,214.0
Bronx,Entire home/apt,30,109.0
Manhattan,Entire home/apt,30,149.0
Brooklyn,Private room,30,70.0
Manhattan,Entire home/apt,30,270.0
Manhattan,Entire home/apt,30,170.0
Brooklyn,Private room,2,179.0
Brooklyn,Entire home/apt,30,316.0
Queens,Entire home/apt,2,270.0
Queens,Private room,1,120.0
Queens,Private room,1,100.0
Queens,Private room,1,100.0
Brooklyn,Private room,30,56.0
Bronx,Entire home/apt,30,275.0
Bronx,Entire home/apt,1,178.0
Manhattan,Entire home/apt,30,85.0
Brooklyn,Private room,30,65.0
Brooklyn,Entire home/apt,30,273.0
Brooklyn,Entire home/apt,30,148.0
Manhattan,Private room,30,200.0
Manhattan,Entire home/apt,1,100.0
Manhattan,Entire home/apt,1,98.0
Queens,Private room,2,225.0
Manhattan,Entire home/apt,31,250.0
Manhattan,Entire home/apt,30,210.0
Manhattan,Entire home/apt,30,78.0
Brooklyn,Private room,2,135.0
Manhattan,Entire home/apt,1,238.0
Queens,Shared room,30,234.0
Manhattan,Entire home/apt,1,487.0
Manhattan,Entire home/apt,41,150.0
Queens,Entire home/apt,30,78.0
Queens,Private room,30,120.0
Manhattan,Entire home/apt,30,185.0
Manhattan,Entire home/apt,30,176.0
Brooklyn,Private room,1,106.0
Manhattan,Entire home/apt,180,127.0
Queens,Private room,30,50.0
Queens,Private room,1,113.0
Staten Island,Entire home/apt,30,87.0
Brooklyn,Entire home/apt,30,115.0
Brooklyn,Private room,2,158.0
Manhattan,Entire home/apt,30,225.0
Brooklyn,Private room,30,60.0
Brooklyn,Entire home/apt,30,171.0
Manhattan,Entire home/apt,5,285.0
Manhattan,Private room,30,199.0
Brooklyn,Private room,2,138.0
Manhattan,Entire home/apt,30,180.0
Manhattan,Entire home/apt,30,126.0
Manhattan,Entire home/apt,3,299.0
Manhattan,Entire home/apt,30,191.0
Manhattan,Entire home/apt,30,198.0
Manhattan,Private room,30,99.0
Manhattan,Private room,30,62.0
Manhattan,Private room,30,73.0
Manhattan,Private room,30,69.0
Manhattan,Private room,30,92.0
Manhattan,Private room,30,90.0
Manhattan,Private room,30,72.0
Manhattan,Entire home/apt,30,180.0
Queens,Entire home/apt,2,333.0
Manhattan,Entire home/apt,2,442.0
Manhattan,Entire home/apt,31,432.0
Manhattan,Entire home/apt,30,110.0
Manhattan,Entire home/apt,30,53.0
Manhattan,Private room,30,126.0
Manhattan,Entire home/apt,30,89.0
Manhattan,Private room,30,131.0
Manhattan,Private room,30,68.0
Manhattan,Private room,30,85.0
Manhattan,Entire home/apt,30,391.0
Manhattan,Entire home/apt,30,190.0
Manhattan,Entire home/apt,30,165.0
Manhattan,Entire home/apt,30,57.0
Brooklyn,Entire home/apt,30,359.0
Manhattan,Entire home/apt,30,108.0
Manhattan,Entire home/apt,30,249.0
Manhattan,Entire home/apt,30,53.0
Manhattan,Entire home/apt,30,80.0
Brooklyn,Entire home/apt,30,250.0
Brooklyn,Private room,1,81.0
Manhattan,Private room,30,132.0
Manhattan,Entire home/apt,30,180.0
Manhattan,Entire home/apt,30,185.0
Manhattan,Entire home/apt,30,262.0
Brooklyn,Entire home/apt,30,95.0
Manhattan,Private room,30,59.0
Brooklyn,Entire home/apt,30,279.0
Brooklyn,Entire home/apt,2,213.0
Brooklyn,Private room,30,55.0
Queens,Private room,30,64.0
Manhattan,Entire home/apt,30,75.0
Manhattan,Entire home/apt,30,143.0
Manhattan,Entire home/apt,30,173.0
Manhattan,Entire home/apt,30,920.0
Manhattan,Entire home/apt,30,272.0
Manhattan,Private room,30,200.0
Queens,Entire home/apt,1,289.0
Manhattan,Entire home/apt,30,210.0
Manhattan,Entire home/apt,30,114.0
Manhattan,Entire home/apt,30,200.0
Manhattan,Entire home/apt,30,96.0
Manhattan,Entire home/apt,30,125.0
Manhattan,Entire home/apt,30,214.0
Manhattan,Entire home/apt,30,139.0
Queens,Private room,30,90.0
Manhattan,Entire home/apt,30,271.0
Brooklyn,Private room,3,176.0
Brooklyn,Private room,1,75.0
Manhattan,Private room,30,68.0
Manhattan,Private room,30,87.0
Manhattan,Entire home/apt,30,120.0
Manhattan,Entire home/apt,30,378.0
Bronx,Entire home/apt,30,163.0
Manhattan,Entire home/apt,30,700.0
Manhattan,Entire home/apt,30,80.0
Queens,Entire home/apt,30,104.0
Manhattan,Entire home/apt,30,207.0
Manhattan,Private room,31,70.0
Manhattan,Entire home/apt,30,212.0
Brooklyn,Private room,1,219.0
Manhattan,Entire home/apt,1,85.0
Brooklyn,Private room,2,110.0
Queens,Entire home/apt,30,402.0
Queens,Private room,5,144.0
Manhattan,Entire home/apt,30,164.0
Manhattan,Private room,30,170.0
Manhattan,Entire home/apt,30,120.0
Queens,Entire home/apt,30,400.0
Brooklyn,Entire home/apt,30,80.0
Queens,Private room,30,50.0
Brooklyn,Private room,2,130.0
Brooklyn,Entire home/apt,2,539.0
Brooklyn,Private room,30,57.0
Manhattan,Entire home/apt,30,147.0
Brooklyn,Private room,30,68.0
Brooklyn,Private room,30,56.0
Brooklyn,Private room,3,175.0
Manhattan,Private room,1,190.0
Brooklyn,Shared room,2,106.0
Brooklyn,Private room,30,170.0
Manhattan,Entire home/apt,30,599.0
Brooklyn,Private room,30,52.0
Brooklyn,Private room,1,146.0
Manhattan,Entire home/apt,80,298.0
Manhattan,Entire home/apt,30,250.0
Brooklyn,Private room,30,54.0
Manhattan,Entire home/apt,30,220.0
Manhattan,Entire home/apt,30,236.0
Manhattan,Entire home/apt,3,200.0
Queens,Private room,30,132.0
Manhattan,Private room,30,94.0
Brooklyn,Entire home/apt,30,169.0
Brooklyn,Private room,2,104.0
Brooklyn,Entire home/apt,30,261.0
Brooklyn,Private room,30,80.0
Manhattan,Private room,30,80.0
Brooklyn,Entire home/apt,30,221.0
Manhattan,Entire home/apt,30,208.0
Manhattan,Entire home/apt,30,225.0
Queens,Private room,30,70.0
Manhattan,Private room,30,342.0
Manhattan,Entire home/apt,30,200.0
Manhattan,Entire home/apt,30,211.0
Queens,Private room,30,120.0
Manhattan,Entire home/apt,30,91.0
Staten Island,Entire home/apt,30,77.0
Manhattan,Private room,1,202.0
Brooklyn,Private room,30,78.0
Brooklyn,Entire home/apt,30,275.0
Manhattan,Entire home/apt,3,829.0
Manhattan,Private room,30,65.0
Manhattan,Private room,30,70.0
Manhattan,Private room,30,80.0
Staten Island,Entire home/apt,1,226.0
Manhattan,Entire home/apt,31,608.0
Manhattan,Entire home/apt,31,502.0
Manhattan,Entire home/apt,31,507.0
Brooklyn,Entire home/apt,1,144.0
Brooklyn,Private room,30,56.0
Bronx,Entire home/apt,30,91.0
Queens,Entire home/apt,30,74.0
Manhattan,Entire home/apt,30,130.0
Brooklyn,Entire home/apt,30,110.0
Manhattan,Entire home/apt,30,140.0
Queens,Private room,1,122.0
Brooklyn,Entire home/apt,30,165.0
Queens,Entire home/apt,30,113.0
Manhattan,Private room,30,90.0
Manhattan,Entire home/apt,30,108.0
Brooklyn,Entire home/apt,30,160.0
Manhattan,Private room,1,215.0
Manhattan,Entire home/apt,30,59.0
Brooklyn,Entire home/apt,30,190.0
Manhattan,Entire home/apt,30,170.0
Manhattan,Entire home/apt,30,250.0
Manhattan,Entire home/apt,30,250.0
Queens,Entire home/apt,1,278.0
Queens,Entire home/apt,30,70.0
Manhattan,Entire home/apt,30,750.0
Manhattan,Entire home/apt,30,195.0
Brooklyn,Private room,30,399.0
Brooklyn,Private room,30,81.0
Brooklyn,Private room,30,455.0
Manhattan,Entire home/apt,31,428.0
Manhattan,Entire home/apt,4,600.0
Manhattan,Entire home/apt,31,323.0
Brooklyn,Entire home/apt,30,200.0
Manhattan,Entire home/apt,30,343.0
Queens,Entire home/apt,30,165.0
Brooklyn,Entire home/apt,30,128.0
Queens,Private room,30,86.0
Brooklyn,Entire home/apt,3,125.0
Brooklyn,Entire home/apt,30,122.0
Queens,Entire home/apt,30,250.0
Queens,Private room,30,75.0
Brooklyn,Private room,30,480.0
Manhattan,Entire home/apt,30,92.0
Brooklyn,Private room,30,87.0
Manhattan,Entire home/apt,30,261.0
Queens,Entire home/apt,30,97.0
Brooklyn,Private room,30,66.0
Brooklyn,Entire home/apt,30,100.0
Manhattan,Entire home/apt,30,225.0
Manhattan,Entire home/apt,30,135.0
Manhattan,Entire home/apt,30,130.0
Manhattan,Entire home/apt,30,96.0
Bronx,Private room,30,60.0
Manhattan,Private room,30,74.0
Manhattan,Entire home/apt,30,79.0
Manhattan,Entire home/apt,30,960.0
Staten Island,Entire home/apt,30,103.0
Brooklyn,Private room,1,87.0
Brooklyn,Private room,1,86.0
Brooklyn,Entire home/apt,30,130.0
Manhattan,Entire home/apt,1,90.0
Queens,Private room,1,84.0
Queens,Entire home/apt,30,160.0
Queens,Private room,30,60.0
Manhattan,Entire home/apt,3,318.0
Brooklyn,Entire home/apt,30,96.0
Manhattan,Private room,30,50.0
Bronx,Private room,30,50.0
Manhattan,Entire home/apt,30,220.0
Manhattan,Entire home/apt,30,125.0
Queens,Private room,1,100.0
Brooklyn,Private room,30,72.0
Manhattan,Private room,1,130.0
Brooklyn,Entire home/apt,30,374.0
Brooklyn,Entire home/apt,30,108.0
Brooklyn,Entire home/apt,30,113.0
Brooklyn,Entire home/apt,30,107.0
Brooklyn,Entire home/apt,30,99.0
Brooklyn,Entire home/apt,30,211.0
Manhattan,Entire home/apt,30,53.0
Brooklyn,Private room,4,72.0
Manhattan,Entire home/apt,30,170.0
Manhattan,Entire home/apt,30,170.0
Manhattan,Entire home/apt,30,168.0
Manhattan,Entire home/apt,30,170.0
Manhattan,Entire home/apt,30,170.0
Manhattan,Entire home/apt,30,162.0
Manhattan,Entire home/apt,30,170.0
Manhattan,Entire home/apt,30,170.0
Manhattan,Entire home/apt,30,140.0
Manhattan,Private room,31,110.0
Brooklyn,Entire home/apt,30,216.0
Manhattan,Private room,5,221.0
Manhattan,Entire home/apt,31,669.0
Manhattan,Entire home/apt,31,446.0
Queens,Private room,30,90.0
Manhattan,Entire home/apt,31,346.0
Manhattan,Entire home/apt,31,310.0
Manhattan,Entire home/apt,31,305.0
Manhattan,Entire home/apt,31,317.0
Manhattan,Private room,1,999.0
Manhattan,Private room,1,999.0
Manhattan,Private room,1,313.0
Manhattan,Private room,1,999.0
Manhattan,Private room,1,999.0
Manhattan,Private room,1,999.0
Manhattan,Private room,1,999.0
Manhattan,Private room,30,50.0
Brooklyn,Private room,30,320.0
Queens,Entire home/apt,2,142.0
Queens,Private room,2,94.0
Manhattan,Private room,1,164.0
Bronx,Entire home/apt,1,124.0
Bronx,Entire home/apt,1,124.0
Brooklyn,Entire home/apt,30,450.0
Brooklyn,Private room,30,54.0
Brooklyn,Private room,30,60.0
Brooklyn,Private room,30,62.0
Brooklyn,Entire home/apt,30,123.0
Queens,Private room,30,116.0
Brooklyn,Private room,30,85.0
Brooklyn,Entire home/apt,30,88.0
Manhattan,Entire home/apt,30,175.0
Manhattan,Entire home/apt,30,53.0
Brooklyn,Entire home/apt,30,140.0
Manhattan,Entire home/apt,30,240.0
Brooklyn,Private room,1,187.0
Manhattan,Entire home/apt,30,72.0
Queens,Private room,31,68.0
Queens,Private room,30,87.0
Queens,Entire home/apt,1,252.0
Queens,Private room,30,75.0
Brooklyn,Entire home/apt,30,510.0
Brooklyn,Entire home/apt,30,519.0
Bronx,Private room,30,60.0
Manhattan,Entire home/apt,30,64.0
Staten Island,Entire home/apt,31,130.0
Brooklyn,Private room,1,298.0
Manhattan,Entire home/apt,30,304.0
Manhattan,Entire home/apt,30,520.0
Brooklyn,Entire home/apt,30,151.0
Manhattan,Entire home/apt,60,110.0
Bronx,Private room,30,52.0
Bronx,Private room,30,52.0
Brooklyn,Entire home/apt,30,436.0
Brooklyn,Entire home/apt,30,77.0
Queens,Entire home/apt,30,96.0
Bronx,Entire home/apt,30,65.0
Brooklyn,Private room,30,116.0
Manhattan,Entire home/apt,30,130.0
Brooklyn,Private room,30,51.0
Brooklyn,Entire home/apt,30,188.0
Brooklyn,Entire home/apt,30,185.0
Manhattan,Entire home/apt,30,170.0
Manhattan,Private room,30,94.0
Manhattan,Entire home/apt,30,117.0
Manhattan,Entire home/apt,30,349.0
Manhattan,Entire home/apt,30,61.0
Manhattan,Entire home/apt,30,297.0
Queens,Private room,3,62.0
Manhattan,Entire home/apt,30,194.0
Queens,Private room,30,85.0
Manhattan,Entire home/apt,1,209.0
Manhattan,Entire home/apt,31,251.0
Manhattan,Entire home/apt,31,545.0
Manhattan,Private room,30,90.0
Queens,Entire home/apt,2,119.0
Manhattan,Entire home/apt,30,214.0
Manhattan,Private room,30,60.0
Manhattan,Private room,31,66.0
Manhattan,Private room,30,77.0
Manhattan,Entire home/apt,30,250.0
Manhattan,Entire home/apt,31,418.0
Manhattan,Entire home/apt,30,105.0
Manhattan,Entire home/apt,30,160.0
Manhattan,Entire home/apt,30,360.0
Queens,Entire home/apt,30,148.0
Brooklyn,Private room,30,56.0
Manhattan,Entire home/apt,30,141.0
Brooklyn,Private room,30,108.0
Brooklyn,Entire home/apt,30,175.0
Manhattan,Entire home/apt,31,263.0
Brooklyn,Entire home/apt,30,143.0
Bronx,Private room,30,60.0
Brooklyn,Entire home/apt,30,260.0
Brooklyn,Entire home/apt,30,257.0
Brooklyn,Entire home/apt,30,396.0
Brooklyn,Entire home/apt,30,130.0
Bronx,Entire home/apt,30,225.0
Bronx,Private room,30,52.0
Brooklyn,Entire home/apt,30,96.0
Manhattan,Entire home/apt,31,163.0
Bronx,Entire home/apt,2,89.0
Queens,Private room,31,74.0
Manhattan,Private room,31,91.0
Manhattan,Private room,31,110.0
Manhattan,Entire home/apt,30,53.0
Manhattan,Private room,1,227.0
Manhattan,Private room,1,208.0
Manhattan,Private room,1,259.0
Queens,Entire home/apt,30,180.0
Manhattan,Entire home/apt,30,181.0
Manhattan,Entire home/apt,30,615.0
Manhattan,Entire home/apt,1,418.0
Brooklyn,Entire home/apt,30,235.0
Manhattan,Entire home/apt,30,125.0
Manhattan,Private room,30,50.0
Manhattan,Private room,30,75.0
Manhattan,Private room,30,57.0
Manhattan,Entire home/apt,30,220.0
Manhattan,Private room,30,50.0
Manhattan,Entire home/apt,31,322.0
Manhattan,Entire home/apt,31,321.0
Manhattan,Entire home/apt,31,397.0
Manhattan,Entire home/apt,31,297.0
Manhattan,Private room,30,90.0
Brooklyn,Entire home/apt,30,270.0
Manhattan,Entire home/apt,30,90.0
Brooklyn,Private room,30,91.0
Brooklyn,Private room,30,90.0
Brooklyn,Private room,30,87.0
Brooklyn,Private room,30,95.0
Brooklyn,Entire home/apt,30,125.0
Manhattan,Entire home/apt,31,428.0
Brooklyn,Entire home/apt,30,79.0
Manhattan,Entire home/apt,30,342.0
Staten Island,Private room,2,75.0
Brooklyn,Private room,30,80.0
Staten Island,Entire home/apt,30,109.0
Manhattan,Entire home/apt,30,312.0
Queens,Entire home/apt,30,72.0
Manhattan,Entire home/apt,30,180.0
Brooklyn,Entire home/apt,30,142.0
Manhattan,Entire home/apt,30,343.0
Brooklyn,Private room,30,50.0
Bronx,Private room,30,138.0
Brooklyn,Entire home/apt,30,85.0
Brooklyn,Entire home/apt,30,269.0
Manhattan,Entire home/apt,30,110.0
Manhattan,Entire home/apt,30,288.0
Brooklyn,Entire home/apt,30,130.0
Manhattan,Entire home/apt,30,201.0
Manhattan,Entire home/apt,30,65.0
Brooklyn,Entire home/apt,30,139.0
Queens,Private room,30,54.0
Bronx,Entire home/apt,30,80.0
Brooklyn,Entire home/apt,30,280.0
Brooklyn,Entire home/apt,30,153.0
Manhattan,Entire home/apt,30,400.0
Brooklyn,Entire home/apt,30,108.0
Queens,Private room,31,129.0
Brooklyn,Private room,30,73.0
Manhattan,Entire home/apt,30,53.0
Manhattan,Private room,1,197.0
Manhattan,Private room,1,80.0
Manhattan,Private room,30,90.0
Queens,Private room,30,64.0
Queens,Private room,3,62.0
Bronx,Private room,30,84.0
Brooklyn,Private room,2,238.0
Queens,Entire home/apt,1,365.0
Queens,Private room,30,64.0
Manhattan,Entire home/apt,30,232.0
Manhattan,Entire home/apt,30,197.0
Manhattan,Entire home/apt,31,155.0
Manhattan,Entire home/apt,30,203.0
Brooklyn,Private room,30,119.0
Queens,Private room,30,60.0
Brooklyn,Private room,30,157.0
Manhattan,Entire home/apt,30,140.0
Manhattan,Entire home/apt,30,165.0
Manhattan,Entire home/apt,30,153.0
Manhattan,Entire home/apt,30,150.0
Manhattan,Entire home/apt,30,170.0
Manhattan,Entire home/apt,30,170.0
Brooklyn,Private room,1,170.0
Manhattan,Entire home/apt,30,100.0
Brooklyn,Entire home/apt,1,123.0
Manhattan,Entire home/apt,30,205.0
Manhattan,Entire home/apt,30,230.0
Brooklyn,Entire home/apt,30,120.0
Queens,Private room,30,79.0
Manhattan,Entire home/apt,30,184.0
Manhattan,Entire home/apt,30,235.0
Manhattan,Private room,2,100.0
Manhattan,Entire home/apt,30,200.0
Manhattan,Entire home/apt,30,110.0
Brooklyn,Entire home/apt,30,186.0
Manhattan,Entire home/apt,45,180.0
Bronx,Private room,31,80.0
Brooklyn,Private room,30,63.0
Manhattan,Entire home/apt,30,255.0
Queens,Private room,30,50.0
Queens,Entire home/apt,30,105.0
Queens,Private room,30,50.0
Queens,Private room,30,50.0
Queens,Private room,30,61.0
Brooklyn,Private room,30,79.0
Queens,Private room,30,300.0
Manhattan,Entire home/apt,30,131.0
Queens,Entire home/apt,30,95.0
Manhattan,Entire home/apt,30,135.0
Brooklyn,Entire home/apt,30,117.0
Manhattan,Entire home/apt,30,214.0
Brooklyn,Private room,1,153.0
Manhattan,Entire home/apt,30,239.0
Queens,Entire home/apt,30,142.0
Manhattan,Entire home/apt,30,249.0
Brooklyn,Entire home/apt,1,196.0
Queens,Private room,1,96.0
Queens,Private room,30,60.0
Brooklyn,Private room,30,105.0
Manhattan,Private room,30,70.0
Manhattan,Entire home/apt,30,96.0
Manhattan,Private room,30,69.0
Manhattan,Entire home/apt,30,278.0
Manhattan,Private room,30,95.0
Manhattan,Entire home/apt,30,100.0
Manhattan,Private room,30,67.0
Manhattan,Entire home/apt,30,500.0
Manhattan,Entire home/apt,30,99.0
Brooklyn,Private room,30,71.0
Manhattan,Entire home/apt,30,222.0
Brooklyn,Entire home/apt,30,148.0
Brooklyn,Entire home/apt,30,186.0
Manhattan,Entire home/apt,30,640.0
Brooklyn,Entire home/apt,30,160.0
Manhattan,Entire home/apt,30,180.0
Queens,Private room,30,92.0
Manhattan,Private room,30,71.0
Manhattan,Entire home/apt,30,260.0
Brooklyn,Entire home/apt,30,119.0
Queens,Private room,2,100.0
Bronx,Entire home/apt,30,86.0
Bronx,Entire home/apt,30,85.0
Manhattan,Entire home/apt,30,233.0
Manhattan,Entire home/apt,31,505.0
Manhattan,Entire home/apt,31,371.0
Manhattan,Entire home/apt,30,168.0
Manhattan,Shared room,30,114.0
Manhattan,Entire home/apt,31,165.0
Brooklyn,Private room,30,136.0
Queens,Private room,30,125.0
Brooklyn,Entire home/apt,30,156.0
Brooklyn,Entire home/apt,30,103.0
Manhattan,Entire home/apt,3,862.0
Manhattan,Entire home/apt,1,307.0
Brooklyn,Private room,2,284.0
Manhattan,Entire home/apt,31,353.0
Manhattan,Entire home/apt,31,442.0
Brooklyn,Entire home/apt,31,366.0
Manhattan,Entire home/apt,31,356.0
Manhattan,Entire home/apt,31,327.0
Manhattan,Entire home/apt,31,263.0
Manhattan,Entire home/apt,31,369.0
Brooklyn,Entire home/apt,30,238.0
Manhattan,Entire home/apt,30,200.0
Manhattan,Entire home/apt,30,142.0
Queens,Entire home/apt,30,96.0
Queens,Shared room,30,245.0
Manhattan,Private room,30,79.0
Manhattan,Private room,30,77.0
Staten Island,Private room,7,260.0
Manhattan,Private room,30,77.0
Manhattan,Private room,30,77.0
Brooklyn,Private room,30,96.0
Manhattan,Private room,30,200.0
Brooklyn,Private room,1,111.0
Brooklyn,Entire home/apt,30,275.0
Manhattan,Entire home/apt,3,416.0
Brooklyn,Private room,30,95.0
Queens,Entire home/apt,1,325.0
Manhattan,Entire home/apt,30,270.0
Manhattan,Entire home/apt,30,298.0
Manhattan,Private room,30,120.0
Manhattan,Private room,30,110.0
Manhattan,Entire home/apt,30,53.0
Queens,Entire home/apt,30,120.0
Brooklyn,Entire home/apt,30,144.0
Queens,Private room,1,67.0
Brooklyn,Entire home/apt,30,150.0
Manhattan,Entire home/apt,2,518.0
Queens,Entire home/apt,4,223.0
Queens,Private room,30,77.0
Brooklyn,Private room,30,136.0
Bronx,Private room,30,70.0
Brooklyn,Entire home/apt,30,300.0
Brooklyn,Private room,30,89.0
Manhattan,Entire home/apt,31,397.0
Manhattan,Entire home/apt,31,481.0
Manhattan,Entire home/apt,31,426.0
Manhattan,Entire home/apt,31,415.0
Manhattan,Entire home/apt,31,321.0
Brooklyn,Entire home/apt,31,272.0
Brooklyn,Entire home/apt,31,336.0
Manhattan,Entire home/apt,30,238.0
Brooklyn,Entire home/apt,31,335.0
Brooklyn,Entire home/apt,31,334.0
Queens,Private room,30,113.0
Manhattan,Entire home/apt,3,797.0
Manhattan,Private room,30,100.0
Brooklyn,Private room,30,56.0
Brooklyn,Private room,30,55.0
Brooklyn,Private room,30,59.0
Manhattan,Private room,30,56.0
Brooklyn,Entire home/apt,30,143.0
Brooklyn,Private room,30,83.0
Manhattan,Private room,31,160.0
Brooklyn,Private room,30,80.0
Brooklyn,Entire home/apt,2,134.0
Manhattan,Private room,30,66.0
Manhattan,Entire home/apt,30,249.0
Manhattan,Entire home/apt,1,420.0
Manhattan,Entire home/apt,1,443.0
Manhattan,Entire home/apt,1,420.0
Manhattan,Entire home/apt,1,318.0
Manhattan,Entire home/apt,1,336.0
Manhattan,Entire home/apt,1,336.0
Manhattan,Entire home/apt,1,276.0
Manhattan,Entire home/apt,1,291.0
Manhattan,Entire home/apt,1,276.0
Manhattan,Private room,31,64.0
Manhattan,Entire home/apt,31,480.0
Queens,Entire home/apt,31,417.0
Manhattan,Entire home/apt,31,350.0
Manhattan,Entire home/apt,31,309.0
Manhattan,Entire home/apt,31,251.0
Manhattan,Entire home/apt,31,344.0
Brooklyn,Private room,30,165.0
Manhattan,Private room,31,59.0
Manhattan,Private room,31,65.0
Manhattan,Private room,31,54.0
Manhattan,Entire home/apt,30,70.0
Manhattan,Entire home/apt,30,200.0
Manhattan,Entire home/apt,1,284.0
Manhattan,Private room,30,56.0
Manhattan,Entire home/apt,31,150.0
Manhattan,Entire home/apt,30,270.0
Brooklyn,Entire home/apt,31,220.0
Manhattan,Entire home/apt,31,411.0
Manhattan,Entire home/apt,31,260.0
Brooklyn,Entire home/apt,31,330.0
Brooklyn,Entire home/apt,3,365.0
Manhattan,Entire home/apt,30,299.0
Manhattan,Entire home/apt,30,70.0
Brooklyn,Private room,1,108.0
Manhattan,Private room,30,200.0
Manhattan,Entire home/apt,30,90.0
Queens,Entire home/apt,30,99.0
Manhattan,Entire home/apt,30,105.0
Brooklyn,Entire home/apt,30,300.0
Manhattan,Private room,30,125.0
Manhattan,Entire home/apt,31,346.0
Manhattan,Entire home/apt,31,321.0
Manhattan,Entire home/apt,31,417.0
Manhattan,Entire home/apt,31,417.0
Manhattan,Entire home/apt,31,352.0
Manhattan,Entire home/apt,31,352.0
Manhattan,Entire home/apt,31,570.0
Manhattan,Entire home/apt,31,570.0
Manhattan,Entire home/apt,31,327.0
Manhattan,Entire home/apt,31,327.0
Manhattan,Entire home/apt,31,344.0
Brooklyn,Entire home/apt,31,339.0
Brooklyn,Entire home/apt,31,371.0
Manhattan,Private room,30,109.0
Manhattan,Entire home/apt,1,84.0
Manhattan,Private room,30,99.0
Manhattan,Entire home/apt,30,53.0
Brooklyn,Entire home/apt,30,416.0
Manhattan,Entire home/apt,31,304.0
Manhattan,Entire home/apt,30,53.0
Manhattan,Entire home/apt,30,53.0
Brooklyn,Private room,30,200.0
Queens,Private room,1,122.0
Queens,Private room,2,94.0
Manhattan,Entire home/apt,30,100.0
Brooklyn,Entire home/apt,30,171.0
Manhattan,Entire home/apt,90,400.0
Manhattan,Entire home/apt,30,285.0
Queens,Private room,2,313.0
Manhattan,Entire home/apt,30,115.0
Brooklyn,Entire home/apt,30,154.0
Queens,Private room,30,81.0
Manhattan,Entire home/apt,30,405.0
Manhattan,Private room,30,143.0
Manhattan,Private room,30,183.0
Brooklyn,Private room,30,180.0
Brooklyn,Entire home/apt,30,100.0
Brooklyn,Private room,30,135.0
Manhattan,Entire home/apt,30,158.0
Brooklyn,Private room,30,150.0
Queens,Entire home/apt,30,135.0
Manhattan,Entire home/apt,30,290.0
Brooklyn,Entire home/apt,30,142.0
Manhattan,Private room,30,499.0
Brooklyn,Private room,30,68.0
Manhattan,Entire home/apt,30,318.0
Brooklyn,Private room,30,128.0
Manhattan,Entire home/apt,31,582.0
Manhattan,Entire home/apt,31,436.0
Manhattan,Entire home/apt,31,359.0
Brooklyn,Private room,30,63.0
Bronx,Entire home/apt,30,238.0
Manhattan,Entire home/apt,30,300.0
Brooklyn,Entire home/apt,30,232.0
Bronx,Entire home/apt,30,70.0
Manhattan,Private room,30,101.0
Manhattan,Private room,30,51.0
Manhattan,Entire home/apt,30,170.0
Brooklyn,Entire home/apt,30,125.0
Queens,Entire home/apt,30,170.0
Manhattan,Entire home/apt,30,125.0
Manhattan,Entire home/apt,30,115.0
Manhattan,Entire home/apt,30,170.0
Manhattan,Private room,1,207.0
Manhattan,Private room,1,207.0
Manhattan,Entire home/apt,1,208.0
Manhattan,Entire home/apt,1,216.0
Manhattan,Entire home/apt,1,179.0
Manhattan,Entire home/apt,1,179.0
Manhattan,Entire home/apt,1,200.0
Manhattan,Entire home/apt,1,181.0
Manhattan,Entire home/apt,1,166.0
Manhattan,Entire home/apt,1,191.0
Manhattan,Entire home/apt,1,243.0
Manhattan,Entire home/apt,1,176.0
Manhattan,Entire home/apt,30,178.0
Brooklyn,Private room,2,73.0
Manhattan,Entire home/apt,30,135.0
Manhattan,Entire home/apt,30,178.0
Manhattan,Entire home/apt,30,222.0
Manhattan,Entire home/apt,30,207.0
Manhattan,Entire home/apt,30,550.0
Manhattan,Entire home/apt,3,129.0
Brooklyn,Entire home/apt,30,112.0
Manhattan,Entire home/apt,30,427.0
Queens,Private room,1,150.0
Brooklyn,Private room,30,80.0
Brooklyn,Private room,30,64.0
Brooklyn,Entire home/apt,30,65.0
Manhattan,Entire home/apt,30,114.0
Manhattan,Private room,30,81.0
Manhattan,Private room,30,80.0
Manhattan,Private room,30,62.0
Manhattan,Entire home/apt,30,186.0
Manhattan,Entire home/apt,30,142.0
Manhattan,Entire home/apt,30,557.0
Queens,Private room,30,85.0
Queens,Private room,30,86.0
Queens,Entire home/apt,30,162.0
Bronx,Entire home/apt,30,88.0
Brooklyn,Private room,30,52.0
Queens,Entire home/apt,30,120.0
Queens,Private room,30,76.0
Brooklyn,Entire home/apt,30,99.0
Brooklyn,Private room,30,64.0
Queens,Entire home/apt,31,318.0
Brooklyn,Entire home/apt,31,330.0
Manhattan,Entire home/apt,31,275.0
Manhattan,Entire home/apt,31,314.0
Manhattan,Entire home/apt,31,352.0
Manhattan,Private room,30,63.0
Manhattan,Private room,1,212.0
Brooklyn,Entire home/apt,30,171.0
Brooklyn,Entire home/apt,30,212.0
Brooklyn,Entire home/apt,30,198.0
Brooklyn,Entire home/apt,30,212.0
Brooklyn,Entire home/apt,30,162.0
Brooklyn,Entire home/apt,30,163.0
Brooklyn,Private room,30,60.0
Brooklyn,Private room,30,144.0
Brooklyn,Entire home/apt,30,104.0
Brooklyn,Private room,1,79.0
Brooklyn,Private room,30,78.0
Brooklyn,Entire home/apt,30,106.0
Queens,Entire home/apt,30,89.0
Queens,Private room,30,65.0
Brooklyn,Entire home/apt,30,206.0
Manhattan,Entire home/apt,30,216.0
Brooklyn,Private room,30,359.0
Bronx,Private room,30,220.0
Queens,Entire home/apt,30,105.0
Brooklyn,Private room,30,64.0
Brooklyn,Private room,30,160.0
Queens,Entire home/apt,30,130.0
Manhattan,Entire home/apt,30,125.0
Manhattan,Entire home/apt,30,150.0
Manhattan,Private room,31,59.0
Manhattan,Entire home/apt,30,80.0
Staten Island,Entire home/apt,1,66.0
Brooklyn,Entire home/apt,30,200.0
Manhattan,Entire home/apt,30,100.0
Manhattan,Entire home/apt,30,170.0
Manhattan,Entire home/apt,30,155.0
Manhattan,Entire home/apt,30,139.0
Manhattan,Entire home/apt,30,120.0
Queens,Private room,7,125.0
Brooklyn,Entire home/apt,31,299.0
Queens,Entire home/apt,30,120.0
Manhattan,Entire home/apt,30,120.0
Queens,Private room,30,80.0
Queens,Private room,30,84.0
Manhattan,Entire home/apt,30,280.0
Manhattan,Entire home/apt,31,483.0
Manhattan,Private room,31,84.0
Queens,Private room,3,86.0
Queens,Private room,3,86.0
Brooklyn,Private room,30,61.0
Manhattan,Entire home/apt,30,160.0
Brooklyn,Entire home/apt,30,184.0
Manhattan,Entire home/apt,31,276.0
Manhattan,Private room,30,117.0
Brooklyn,Private room,30,50.0
Brooklyn,Entire home/apt,31,307.0
Brooklyn,Shared room,30,499.0
Manhattan,Entire home/apt,3,225.0
Brooklyn,Entire home/apt,30,127.0
Manhattan,Entire home/apt,3,169.0
Brooklyn,Private room,5,78.0
Brooklyn,Entire home/apt,30,134.0
Manhattan,Entire home/apt,3,151.0
Brooklyn,Entire home/apt,30,180.0
Manhattan,Entire home/apt,30,148.0
Queens,Entire home/apt,30,98.0
Manhattan,Entire home/apt,30,459.0
Manhattan,Entire home/apt,30,108.0
Manhattan,Private room,31,125.0
Brooklyn,Private room,30,202.0
Manhattan,Private room,30,56.0
Brooklyn,Entire home/apt,30,132.0
Manhattan,Private room,30,53.0
Queens,Private room,30,65.0
Manhattan,Private room,30,53.0
Manhattan,Private room,30,53.0
Manhattan,Entire home/apt,30,92.0
Manhattan,Private room,1,243.0
Brooklyn,Entire home/apt,30,158.0
Queens,Private room,1,63.0
Brooklyn,Entire home/apt,30,135.0
Brooklyn,Entire home/apt,31,342.0
Manhattan,Entire home/apt,30,600.0
Manhattan,Entire home/apt,30,71.0
Manhattan,Entire home/apt,30,450.0
Manhattan,Entire home/apt,30,158.0
Brooklyn,Entire home/apt,30,70.0
Manhattan,Entire home/apt,30,120.0
Manhattan,Entire home/apt,30,135.0
Manhattan,Entire home/apt,2,521.0
Manhattan,Entire home/apt,30,105.0
Brooklyn,Entire home/apt,30,177.0
Manhattan,Private room,1,143.0
Manhattan,Entire home/apt,30,171.0
Brooklyn,Private room,30,64.0
Bronx,Private room,1,74.0
Brooklyn,Private room,30,62.0
Brooklyn,Private room,30,60.0
Manhattan,Entire home/apt,31,461.0
Manhattan,Entire home/apt,30,108.0
Manhattan,Private room,30,77.0
Manhattan,Private room,30,100.0
Queens,Private room,2,109.0
Brooklyn,Private room,30,57.0
Manhattan,Entire home/apt,31,499.0
Manhattan,Entire home/apt,31,320.0
Manhattan,Entire home/apt,31,320.0
Queens,Hotel room,1,135.0
Queens,Hotel room,1,149.0
Manhattan,Entire home/apt,30,230.0
Brooklyn,Private room,30,52.0
Manhattan,Private room,30,120.0
Manhattan,Entire home/apt,30,120.0
Queens,Entire home/apt,2,223.0
Brooklyn,Private room,30,199.0
Manhattan,Entire home/apt,30,145.0
Manhattan,Entire home/apt,30,128.0
Manhattan,Private room,30,800.0
Brooklyn,Private room,30,56.0
Brooklyn,Entire home/apt,30,165.0
Queens,Private room,30,143.0
Manhattan,Private room,30,56.0
Brooklyn,Entire home/apt,31,183.0
Queens,Entire home/apt,31,220.0
Brooklyn,Entire home/apt,30,215.0
Manhattan,Entire home/apt,30,109.0
Brooklyn,Private room,3,157.0
Brooklyn,Entire home/apt,30,82.0
Manhattan,Entire home/apt,30,92.0
Bronx,Entire home/apt,30,107.0
Manhattan,Entire home/apt,30,346.0
Manhattan,Entire home/apt,30,291.0
Brooklyn,Entire home/apt,30,98.0
Brooklyn,Entire home/apt,31,295.0
Brooklyn,Entire home/apt,31,280.0
Manhattan,Entire home/apt,31,361.0
Brooklyn,Entire home/apt,31,286.0
Brooklyn,Entire home/apt,31,354.0
Brooklyn,Entire home/apt,30,600.0
Brooklyn,Entire home/apt,31,557.0
Manhattan,Entire home/apt,31,131.0
Brooklyn,Entire home/apt,3,490.0
Manhattan,Entire home/apt,30,72.0
Brooklyn,Entire home/apt,30,368.0
Manhattan,Private room,31,64.0
Queens,Private room,30,80.0
Brooklyn,Private room,30,85.0
Brooklyn,Private room,30,51.0
Brooklyn,Private room,30,51.0
Brooklyn,Private room,30,51.0
Brooklyn,Entire home/apt,30,270.0
Brooklyn,Entire home/apt,30,80.0
Manhattan,Entire home/apt,30,100.0
Manhattan,Private room,30,685.0
Queens,Private room,1,99.0
Brooklyn,Entire home/apt,30,76.0
Queens,Private room,1,99.0
Queens,Private room,30,130.0
Brooklyn,Private room,30,87.0
Queens,Private room,30,165.0
Manhattan,Entire home/apt,30,100.0
Brooklyn,Entire home/apt,31,283.0
Manhattan,Entire home/apt,31,658.0
Manhattan,Private room,30,80.0
Brooklyn,Private room,1,94.0
Staten Island,Entire home/apt,30,84.0
Manhattan,Private room,30,155.0
Manhattan,Private room,30,121.0
Manhattan,Entire home/apt,30,194.0
Manhattan,Entire home/apt,31,146.0
Manhattan,Entire home/apt,30,165.0
Brooklyn,Private room,2,150.0
Manhattan,Entire home/apt,30,207.0
Queens,Private room,30,445.0
Manhattan,Private room,30,52.0
Brooklyn,Private room,30,58.0
Manhattan,Private room,30,127.0
Brooklyn,Private room,30,50.0
Manhattan,Entire home/apt,30,429.0
Manhattan,Private room,3,238.0
Brooklyn,Entire home/apt,30,130.0
Manhattan,Entire home/apt,30,207.0
Queens,Entire home/apt,30,180.0
Manhattan,Entire home/apt,30,289.0
Manhattan,Entire home/apt,30,400.0
Manhattan,Entire home/apt,100,229.0
Manhattan,Private room,30,56.0
Manhattan,Private room,30,51.0
Manhattan,Private room,30,77.0
Queens,Entire home/apt,30,80.0
Queens,Private room,30,70.0
Brooklyn,Private room,30,115.0
Manhattan,Private room,30,75.0
Brooklyn,Entire home/apt,30,140.0
Manhattan,Entire home/apt,31,516.0
Manhattan,Entire home/apt,31,397.0
Manhattan,Entire home/apt,31,326.0
Manhattan,Entire home/apt,31,742.0
Manhattan,Entire home/apt,31,420.0
Manhattan,Entire home/apt,31,283.0
Manhattan,Entire home/apt,31,299.0
Manhattan,Entire home/apt,31,300.0
Manhattan,Entire home/apt,31,596.0
Manhattan,Entire home/apt,31,459.0
Manhattan,Entire home/apt,31,669.0
Manhattan,Entire home/apt,31,308.0
Manhattan,Entire home/apt,31,421.0
Manhattan,Entire home/apt,31,616.0
Queens,Entire home/apt,31,298.0
Manhattan,Entire home/apt,31,308.0
Manhattan,Entire home/apt,31,540.0
Manhattan,Entire home/apt,31,381.0
Manhattan,Entire home/apt,31,414.0
Manhattan,Entire home/apt,31,554.0
Manhattan,Entire home/apt,31,577.0
Manhattan,Entire home/apt,31,397.0
Manhattan,Entire home/apt,31,505.0
Manhattan,Entire home/apt,31,378.0
Manhattan,Entire home/apt,31,708.0
Manhattan,Entire home/apt,31,649.0
Manhattan,Entire home/apt,31,540.0
Manhattan,Entire home/apt,31,271.0
Manhattan,Entire home/apt,30,92.0
Manhattan,Entire home/apt,30,150.0
Brooklyn,Entire home/apt,30,144.0
Brooklyn,Private room,30,52.0
Manhattan,Entire home/apt,30,333.0
Queens,Entire home/apt,30,105.0
Manhattan,Private room,30,70.0
Brooklyn,Entire home/apt,30,275.0
Manhattan,Entire home/apt,30,287.0
Manhattan,Private room,60,96.0
Manhattan,Entire home/apt,30,233.0
Brooklyn,Entire home/apt,30,151.0
Manhattan,Private room,30,83.0
Manhattan,Entire home/apt,31,385.0
Manhattan,Entire home/apt,31,257.0
Bronx,Entire home/apt,30,63.0
Manhattan,Entire home/apt,30,298.0
Queens,Private room,30,150.0
Manhattan,Entire home/apt,30,226.0
Manhattan,Private room,30,99.0
Brooklyn,Entire home/apt,30,157.0
Brooklyn,Entire home/apt,30,176.0
Manhattan,Entire home/apt,30,145.0
Manhattan,Private room,31,88.0
Brooklyn,Private room,30,50.0
Manhattan,Entire home/apt,30,650.0
Queens,Private room,30,135.0
Brooklyn,Shared room,30,135.0
Queens,Private room,30,71.0
Manhattan,Entire home/apt,30,115.0
Manhattan,Entire home/apt,31,326.0
Queens,Entire home/apt,30,208.0
Brooklyn,Private room,30,250.0
Brooklyn,Entire home/apt,3,899.0
Manhattan,Private room,30,233.0
Manhattan,Entire home/apt,30,177.0
Brooklyn,Private room,30,107.0
Manhattan,Entire home/apt,30,110.0
Queens,Private room,30,80.0
Brooklyn,Private room,31,51.0
Manhattan,Entire home/apt,30,111.0
Manhattan,Entire home/apt,31,338.0
Manhattan,Entire home/apt,31,321.0
Manhattan,Entire home/apt,31,330.0
Manhattan,Entire home/apt,31,285.0
Manhattan,Entire home/apt,31,299.0
Manhattan,Entire home/apt,31,341.0
Manhattan,Entire home/apt,31,440.0
Manhattan,Entire home/apt,31,336.0
Manhattan,Entire home/apt,31,440.0
Manhattan,Entire home/apt,31,459.0
Manhattan,Entire home/apt,31,414.0
Manhattan,Entire home/apt,31,343.0
Manhattan,Entire home/apt,31,422.0
Manhattan,Entire home/apt,31,355.0
Manhattan,Entire home/apt,31,414.0
Manhattan,Entire home/apt,31,306.0
Manhattan,Entire home/apt,31,367.0
Manhattan,Entire home/apt,31,387.0
Manhattan,Entire home/apt,31,502.0
Manhattan,Entire home/apt,31,436.0
Manhattan,Entire home/apt,31,420.0
Manhattan,Entire home/apt,31,425.0
Manhattan,Entire home/apt,31,425.0
Manhattan,Entire home/apt,31,440.0
Brooklyn,Entire home/apt,31,366.0
Manhattan,Entire home/apt,31,359.0
Manhattan,Entire home/apt,31,548.0
Manhattan,Entire home/apt,31,440.0
Manhattan,Entire home/apt,31,347.0
Manhattan,Entire home/apt,31,653.0
Manhattan,Entire home/apt,31,459.0
Manhattan,Entire home/apt,31,414.0
Manhattan,Entire home/apt,31,299.0
Manhattan,Entire home/apt,31,420.0
Manhattan,Entire home/apt,31,408.0
Queens,Entire home/apt,60,381.0
Manhattan,Entire home/apt,31,432.0
Manhattan,Entire home/apt,31,308.0
Brooklyn,Entire home/apt,31,327.0
Manhattan,Entire home/apt,31,341.0
Manhattan,Entire home/apt,31,599.0
Brooklyn,Entire home/apt,31,413.0
Manhattan,Entire home/apt,31,371.0
Manhattan,Entire home/apt,31,317.0
Manhattan,Entire home/apt,31,274.0
Manhattan,Entire home/apt,31,407.0
Manhattan,Entire home/apt,31,427.0
Manhattan,Entire home/apt,31,653.0
Manhattan,Entire home/apt,31,459.0
Manhattan,Entire home/apt,31,540.0
Manhattan,Entire home/apt,31,341.0
Manhattan,Entire home/apt,31,540.0
Manhattan,Entire home/apt,31,540.0
Manhattan,Entire home/apt,31,352.0
Manhattan,Entire home/apt,31,398.0
Manhattan,Entire home/apt,31,438.0
Manhattan,Entire home/apt,31,324.0
Manhattan,Entire home/apt,31,350.0
Manhattan,Entire home/apt,31,540.0
Manhattan,Entire home/apt,31,458.0
Manhattan,Entire home/apt,31,440.0
Manhattan,Entire home/apt,31,580.0
Manhattan,Entire home/apt,31,448.0
Manhattan,Entire home/apt,31,298.0
Manhattan,Entire home/apt,31,420.0
Brooklyn,Entire home/apt,31,487.0
Brooklyn,Entire home/apt,31,346.0
Manhattan,Entire home/apt,31,332.0
Manhattan,Entire home/apt,31,361.0
Manhattan,Entire home/apt,30,165.0
Brooklyn,Private room,30,50.0
Manhattan,Entire home/apt,60,176.0
Bronx,Private room,30,69.0
Manhattan,Entire home/apt,30,480.0
Manhattan,Entire home/apt,30,220.0
Manhattan,Entire home/apt,30,201.0
Queens,Entire home/apt,30,92.0
Manhattan,Entire home/apt,30,129.0
Bronx,Entire home/apt,31,400.0
Bronx,Private room,30,50.0
Brooklyn,Entire home/apt,30,248.0
Brooklyn,Private room,1,88.0
Bronx,Private room,3,104.0
Manhattan,Private room,30,60.0
Manhattan,Private room,30,111.0
Manhattan,Private room,30,63.0
Bronx,Private room,30,65.0
Manhattan,Entire home/apt,30,195.0
Queens,Private room,30,54.0
Manhattan,Entire home/apt,31,439.0
Brooklyn,Entire home/apt,31,357.0
Brooklyn,Entire home/apt,31,426.0
Manhattan,Entire home/apt,31,340.0
Manhattan,Entire home/apt,30,170.0
Manhattan,Entire home/apt,30,200.0
Manhattan,Entire home/apt,30,200.0
Queens,Private room,30,102.0
Manhattan,Entire home/apt,30,249.0
Queens,Entire home/apt,30,94.0
Brooklyn,Entire home/apt,30,240.0
Manhattan,Private room,30,52.0
Brooklyn,Entire home/apt,31,305.0
Manhattan,Entire home/apt,31,352.0
Queens,Private room,1,86.0
Brooklyn,Entire home/apt,31,385.0
Brooklyn,Entire home/apt,31,431.0
Manhattan,Entire home/apt,31,364.0
Manhattan,Entire home/apt,31,351.0
Manhattan,Entire home/apt,31,362.0
Manhattan,Entire home/apt,31,419.0
Manhattan,Entire home/apt,31,314.0
Manhattan,Entire home/apt,31,440.0
Manhattan,Entire home/apt,31,440.0
Manhattan,Entire home/apt,31,443.0
Manhattan,Entire home/apt,31,440.0
Manhattan,Entire home/apt,31,440.0
Manhattan,Entire home/apt,31,372.0
Manhattan,Entire home/apt,31,350.0
Manhattan,Entire home/apt,31,397.0
Manhattan,Entire home/apt,31,443.0
Manhattan,Entire home/apt,31,440.0
Manhattan,Entire home/apt,31,395.0
Brooklyn,Private room,30,68.0
Queens,Entire home/apt,30,120.0
Queens,Entire home/apt,1,299.0
Manhattan,Entire home/apt,30,400.0
Brooklyn,Entire home/apt,30,112.0
Manhattan,Entire home/apt,30,140.0
Queens,Entire home/apt,30,168.0
Brooklyn,Entire home/apt,30,150.0
Brooklyn,Entire home/apt,30,108.0
Manhattan,Entire home/apt,31,308.0
Manhattan,Entire home/apt,30,72.0
Brooklyn,Private room,30,53.0
Brooklyn,Private room,30,55.0
Brooklyn,Private room,30,54.0
Brooklyn,Private room,30,59.0
Brooklyn,Entire home/apt,3,234.0
Brooklyn,Entire home/apt,30,96.0
Brooklyn,Entire home/apt,30,71.0
Queens,Private room,30,60.0
Brooklyn,Entire home/apt,30,265.0
Bronx,Private room,3,95.0
Queens,Private room,1,99.0
Brooklyn,Entire home/apt,30,72.0
Queens,Private room,1,79.0
Queens,Private room,30,70.0
Manhattan,Private room,30,119.0
Manhattan,Private room,30,52.0
Manhattan,Entire home/apt,30,120.0
Manhattan,Entire home/apt,30,178.0
Manhattan,Entire home/apt,30,180.0
Manhattan,Private room,30,50.0
Brooklyn,Entire home/apt,30,142.0
Queens,Private room,31,55.0
Manhattan,Entire home/apt,30,220.0
Manhattan,Entire home/apt,30,220.0
Brooklyn,Private room,30,93.0
Manhattan,Entire home/apt,30,225.0
Manhattan,Private room,30,80.0
Brooklyn,Entire home/apt,30,127.0
Queens,Entire home/apt,30,160.0
Brooklyn,Private room,30,150.0
Brooklyn,Entire home/apt,30,360.0
Bronx,Entire home/apt,30,243.0
Brooklyn,Private room,30,57.0
Manhattan,Entire home/apt,30,110.0
Brooklyn,Entire home/apt,1,156.0
Brooklyn,Entire home/apt,30,364.0
Brooklyn,Entire home/apt,30,299.0
Brooklyn,Entire home/apt,30,374.0
Brooklyn,Entire home/apt,30,329.0
Queens,Private room,30,300.0
Brooklyn,Entire home/apt,30,199.0
Queens,Entire home/apt,2,241.0
Manhattan,Entire home/apt,30,186.0
Manhattan,Entire home/apt,60,196.0
Manhattan,Entire home/apt,30,78.0
Manhattan,Entire home/apt,31,370.0
Manhattan,Entire home/apt,30,360.0
Brooklyn,Private room,30,58.0
Manhattan,Entire home/apt,30,318.0
Brooklyn,Private room,30,58.0
Brooklyn,Private room,30,58.0
Manhattan,Entire home/apt,30,265.0
Brooklyn,Private room,30,58.0
Brooklyn,Private room,30,65.0
Brooklyn,Private room,30,68.0
Manhattan,Entire home/apt,31,414.0
Manhattan,Entire home/apt,31,523.0
Manhattan,Entire home/apt,31,391.0
Manhattan,Entire home/apt,31,459.0
Manhattan,Entire home/apt,31,341.0
Manhattan,Entire home/apt,31,506.0
Manhattan,Entire home/apt,31,708.0
Manhattan,Entire home/apt,31,560.0
Manhattan,Entire home/apt,31,408.0
Manhattan,Entire home/apt,31,338.0
Manhattan,Entire home/apt,31,289.0
Manhattan,Entire home/apt,31,341.0
Manhattan,Entire home/apt,31,308.0
Manhattan,Entire home/apt,31,332.0
Manhattan,Entire home/apt,30,161.0
Manhattan,Private room,30,50.0
Manhattan,Private room,31,90.0
Manhattan,Entire home/apt,30,159.0
Manhattan,Private room,31,100.0
Manhattan,Private room,31,90.0
Queens,Private room,1,100.0
Brooklyn,Private room,30,119.0
Queens,Private room,30,97.0
Brooklyn,Private room,30,123.0
Manhattan,Entire home/apt,30,204.0
Brooklyn,Entire home/apt,31,286.0
Manhattan,Entire home/apt,31,418.0
Manhattan,Entire home/apt,31,575.0
Brooklyn,Entire home/apt,30,238.0
Manhattan,Entire home/apt,30,105.0
Manhattan,Entire home/apt,30,125.0
Brooklyn,Private room,1,999.0
Brooklyn,Private room,1,999.0
Brooklyn,Private room,1,999.0
Manhattan,Entire home/apt,31,75.0
Bronx,Private room,1,69.0
Queens,Entire home/apt,30,226.0
Manhattan,Private room,30,82.0
Manhattan,Private room,30,160.0
Manhattan,Private room,30,108.0
Brooklyn,Private room,30,105.0
Staten Island,Private room,30,123.0
Brooklyn,Entire home/apt,30,262.0
Manhattan,Entire home/apt,30,580.0
Brooklyn,Entire home/apt,30,147.0
Queens,Private room,30,399.0
Brooklyn,Entire home/apt,30,90.0
Manhattan,Entire home/apt,30,233.0
Queens,Entire home/apt,30,90.0
Staten Island,Entire home/apt,30,200.0
Brooklyn,Entire home/apt,31,176.0
Manhattan,Private room,1,159.0
Brooklyn,Entire home/apt,30,65.0
Brooklyn,Entire home/apt,30,280.0
Queens,Entire home/apt,30,110.0
Queens,Private room,3,74.0
Manhattan,Private room,30,306.0
Manhattan,Entire home/apt,30,73.0
Bronx,Private room,30,102.0
Manhattan,Entire home/apt,30,495.0
Manhattan,Entire home/apt,90,150.0
Brooklyn,Private room,3,136.0
Manhattan,Entire home/apt,31,391.0
Manhattan,Entire home/apt,31,319.0
Manhattan,Entire home/apt,31,328.0
Manhattan,Entire home/apt,30,183.0
Manhattan,Entire home/apt,30,166.0
Brooklyn,Entire home/apt,30,399.0
Manhattan,Entire home/apt,30,117.0
Manhattan,Entire home/apt,30,134.0
Manhattan,Entire home/apt,30,117.0
Queens,Private room,30,77.0
Manhattan,Entire home/apt,30,183.0
Queens,Entire home/apt,90,210.0
Queens,Entire home/apt,30,88.0
Manhattan,Entire home/apt,30,94.0
Brooklyn,Private room,30,58.0
Brooklyn,Private room,30,61.0
Brooklyn,Private room,30,61.0
Brooklyn,Private room,30,61.0
Brooklyn,Private room,30,52.0
Brooklyn,Private room,30,68.0
Brooklyn,Private room,30,68.0
Brooklyn,Private room,30,67.0
Brooklyn,Private room,30,67.0
Brooklyn,Private room,30,64.0
Brooklyn,Private room,30,74.0
Brooklyn,Private room,30,74.0
Manhattan,Entire home/apt,30,199.0
Manhattan,Entire home/apt,30,253.0
Brooklyn,Private room,30,172.0
Manhattan,Entire home/apt,31,374.0
Manhattan,Entire home/apt,31,447.0
Manhattan,Entire home/apt,2,399.0
Manhattan,Entire home/apt,30,135.0
Manhattan,Entire home/apt,30,240.0
Manhattan,Private room,30,53.0
Queens,Private room,30,110.0
Manhattan,Private room,30,71.0
Manhattan,Entire home/apt,31,130.0
Bronx,Private room,30,90.0
Queens,Private room,30,113.0
Manhattan,Entire home/apt,90,345.0
Brooklyn,Private room,30,114.0
Manhattan,Private room,1,430.0
Manhattan,Entire home/apt,30,184.0
Manhattan,Private room,1,600.0
Brooklyn,Entire home/apt,30,116.0
Brooklyn,Entire home/apt,30,130.0
Brooklyn,Private room,30,292.0
Manhattan,Entire home/apt,30,124.0
Brooklyn,Entire home/apt,30,92.0
Brooklyn,Entire home/apt,1,181.0
Brooklyn,Entire home/apt,1,184.0
Manhattan,Private room,30,60.0
Manhattan,Private room,30,71.0
Brooklyn,Entire home/apt,30,302.0
Manhattan,Private room,30,51.0
Manhattan,Entire home/apt,30,270.0
Manhattan,Private room,30,51.0
Queens,Private room,30,112.0
Queens,Private room,31,80.0
Brooklyn,Entire home/apt,30,143.0
Manhattan,Entire home/apt,31,308.0
Manhattan,Private room,30,100.0
Bronx,Entire home/apt,30,80.0
Queens,Private room,30,70.0
Queens,Private room,30,62.0
Queens,Private room,30,55.0
Manhattan,Entire home/apt,31,280.0
Manhattan,Entire home/apt,31,474.0
Brooklyn,Entire home/apt,31,366.0
Brooklyn,Entire home/apt,31,361.0
Brooklyn,Private room,30,77.0
Brooklyn,Entire home/apt,30,294.0
Manhattan,Private room,31,52.0
Manhattan,Private room,31,52.0
Manhattan,Private room,31,52.0
Manhattan,Private room,30,91.0
Brooklyn,Entire home/apt,30,120.0
Manhattan,Entire home/apt,30,100.0
Manhattan,Private room,1,175.0
Staten Island,Entire home/apt,30,83.0
Staten Island,Entire home/apt,30,81.0
Queens,Private room,30,120.0
Brooklyn,Entire home/apt,30,149.0
Brooklyn,Private room,30,62.0
Queens,Entire home/apt,1,88.0
Manhattan,Entire home/apt,30,117.0
Manhattan,Entire home/apt,7,214.0
Manhattan,Entire home/apt,30,233.0
Manhattan,Private room,60,94.0
Brooklyn,Private room,30,66.0
Manhattan,Private room,60,98.0
Manhattan,Entire home/apt,30,410.0
Queens,Entire home/apt,30,151.0
Queens,Entire home/apt,30,81.0
Manhattan,Entire home/apt,2,640.0
Brooklyn,Entire home/apt,2,466.0
Manhattan,Entire home/apt,30,220.0
Brooklyn,Private room,30,90.0
Brooklyn,Entire home/apt,30,62.0
Manhattan,Entire home/apt,30,333.0
Manhattan,Entire home/apt,30,990.0
Brooklyn,Private room,30,82.0
Brooklyn,Entire home/apt,30,155.0
Staten Island,Entire home/apt,30,72.0
Brooklyn,Entire home/apt,30,133.0
Queens,Private room,30,50.0
Queens,Private room,30,79.0
Brooklyn,Entire home/apt,31,160.0
Brooklyn,Private room,30,159.0
Bronx,Private room,30,94.0
Brooklyn,Private room,30,64.0
Brooklyn,Private room,30,72.0
Manhattan,Entire home/apt,30,211.0
Brooklyn,Entire home/apt,30,84.0
Manhattan,Entire home/apt,4,280.0
Manhattan,Private room,30,51.0
Staten Island,Private room,30,122.0
Manhattan,Private room,30,51.0
Manhattan,Entire home/apt,1,272.0
Manhattan,Private room,30,51.0
Brooklyn,Entire home/apt,30,191.0
Manhattan,Private room,30,51.0
Manhattan,Private room,30,51.0
Manhattan,Entire home/apt,30,179.0
Manhattan,Entire home/apt,90,185.0
Brooklyn,Private room,30,57.0
Manhattan,Entire home/apt,30,215.0
Manhattan,Entire home/apt,30,442.0
Manhattan,Entire home/apt,30,410.0
Manhattan,Entire home/apt,30,903.0
Manhattan,Entire home/apt,30,497.0
Manhattan,Entire home/apt,30,587.0
Manhattan,Private room,30,51.0
Manhattan,Private room,30,51.0
Manhattan,Private room,330,51.0
Brooklyn,Entire home/apt,30,140.0
Brooklyn,Private room,30,89.0
Staten Island,Private room,30,90.0
Manhattan,Entire home/apt,30,92.0
Manhattan,Private room,30,55.0
Manhattan,Private room,30,59.0
Manhattan,Entire home/apt,30,320.0
Brooklyn,Entire home/apt,30,200.0
Manhattan,Entire home/apt,30,400.0
Manhattan,Entire home/apt,31,436.0
Manhattan,Entire home/apt,31,297.0
Queens,Entire home/apt,3,197.0
Manhattan,Entire home/apt,30,78.0
Brooklyn,Entire home/apt,30,204.0
Manhattan,Entire home/apt,30,83.0
Manhattan,Entire home/apt,30,155.0
Queens,Entire home/apt,30,80.0
Manhattan,Entire home/apt,30,155.0
Manhattan,Entire home/apt,30,152.0
Manhattan,Entire home/apt,30,155.0
Manhattan,Entire home/apt,30,276.0
Brooklyn,Entire home/apt,1,176.0
Manhattan,Private room,1,543.0
Brooklyn,Entire home/apt,30,210.0
Manhattan,Entire home/apt,30,177.0
Manhattan,Entire home/apt,30,210.0
Manhattan,Entire home/apt,30,181.0
Manhattan,Entire home/apt,30,93.0
Manhattan,Entire home/apt,30,105.0
Manhattan,Entire home/apt,30,116.0
Manhattan,Entire home/apt,30,104.0
Manhattan,Entire home/apt,30,93.0
Manhattan,Entire home/apt,30,376.0
Manhattan,Entire home/apt,30,286.0
Manhattan,Entire home/apt,30,151.0
Manhattan,Entire home/apt,1,198.0
Brooklyn,Private room,30,96.0
Brooklyn,Entire home/apt,30,97.0
Brooklyn,Entire home/apt,30,180.0
Brooklyn,Entire home/apt,30,121.0
Brooklyn,Entire home/apt,31,265.0
Brooklyn,Entire home/apt,31,438.0
Manhattan,Private room,90,97.0
Brooklyn,Private room,90,85.0
Queens,Entire home/apt,30,164.0
Manhattan,Entire home/apt,30,181.0
Brooklyn,Private room,31,55.0
Bronx,Private room,1,160.0
Manhattan,Private room,30,104.0
Brooklyn,Private room,30,100.0
Manhattan,Private room,1,725.0
Manhattan,Entire home/apt,31,592.0
Manhattan,Entire home/apt,31,311.0
Manhattan,Entire home/apt,31,241.0
Manhattan,Entire home/apt,30,214.0
Manhattan,Entire home/apt,30,110.0
Manhattan,Entire home/apt,30,125.0
Manhattan,Entire home/apt,30,240.0
Brooklyn,Private room,30,188.0
Queens,Private room,30,57.0
Queens,Private room,30,116.0
Manhattan,Entire home/apt,30,159.0
Manhattan,Entire home/apt,30,153.0
Manhattan,Entire home/apt,30,233.0
Manhattan,Entire home/apt,30,222.0
Brooklyn,Entire home/apt,30,185.0
Manhattan,Entire home/apt,30,100.0
Queens,Private room,1,250.0
Brooklyn,Entire home/apt,30,245.0
Brooklyn,Private room,2,206.0
Manhattan,Private room,30,75.0
Brooklyn,Entire home/apt,3,240.0
Brooklyn,Entire home/apt,30,79.0
Brooklyn,Private room,1,119.0
Manhattan,Private room,30,54.0
Manhattan,Private room,30,53.0
Brooklyn,Private room,30,374.0
Brooklyn,Entire home/apt,30,240.0
Manhattan,Entire home/apt,30,114.0
Manhattan,Entire home/apt,30,180.0
Queens,Entire home/apt,30,150.0
Manhattan,Entire home/apt,30,190.0
Queens,Private room,60,70.0
Manhattan,Entire home/apt,30,53.0
Manhattan,Entire home/apt,30,68.0
Manhattan,Private room,30,50.0
Manhattan,Entire home/apt,30,129.0
Manhattan,Entire home/apt,30,391.0
Manhattan,Entire home/apt,30,115.0
Manhattan,Private room,30,108.0
Manhattan,Entire home/apt,30,175.0
Brooklyn,Private room,31,90.0
Queens,Entire home/apt,30,113.0
Queens,Private room,30,125.0
Manhattan,Entire home/apt,30,298.0
Manhattan,Entire home/apt,30,116.0
Queens,Entire home/apt,30,102.0
Manhattan,Private room,30,103.0
Queens,Private room,30,60.0
Manhattan,Private room,30,82.0
Manhattan,Private room,30,54.0
Manhattan,Entire home/apt,30,146.0
Manhattan,Entire home/apt,30,131.0
Queens,Entire home/apt,30,286.0
Manhattan,Private room,30,68.0
Manhattan,Entire home/apt,30,125.0
Manhattan,Entire home/apt,30,350.0
Manhattan,Entire home/apt,30,495.0
Manhattan,Entire home/apt,30,150.0
Manhattan,Entire home/apt,3,846.0
Queens,Shared room,31,200.0
Brooklyn,Entire home/apt,30,115.0
Brooklyn,Entire home/apt,1,191.0
Brooklyn,Entire home/apt,1,173.0
Brooklyn,Entire home/apt,1,184.0
Brooklyn,Entire home/apt,30,201.0
Brooklyn,Entire home/apt,30,270.0
Manhattan,Entire home/apt,30,95.0
Manhattan,Entire home/apt,30,129.0
Manhattan,Entire home/apt,30,176.0
Manhattan,Entire home/apt,30,204.0
Queens,Private room,30,146.0
Manhattan,Entire home/apt,30,648.0
Manhattan,Entire home/apt,30,520.0
Manhattan,Entire home/apt,30,448.0
Manhattan,Entire home/apt,30,213.0
Manhattan,Entire home/apt,30,424.0
Manhattan,Entire home/apt,30,125.0
Manhattan,Private room,30,108.0
Manhattan,Private room,30,65.0
Brooklyn,Private room,30,55.0
Brooklyn,Private room,30,55.0
Manhattan,Entire home/apt,30,151.0
Manhattan,Private room,30,64.0
Manhattan,Private room,30,72.0
Manhattan,Entire home/apt,30,128.0
Manhattan,Entire home/apt,30,313.0
Manhattan,Entire home/apt,90,152.0
Manhattan,Private room,30,72.0
Brooklyn,Private room,1,62.0
Brooklyn,Private room,30,73.0
Brooklyn,Private room,30,65.0
Bronx,Entire home/apt,30,100.0
Brooklyn,Entire home/apt,31,321.0
Manhattan,Entire home/apt,31,477.0
Manhattan,Entire home/apt,31,213.0
Manhattan,Entire home/apt,31,221.0
Manhattan,Entire home/apt,31,303.0
Manhattan,Entire home/apt,31,213.0
Manhattan,Entire home/apt,31,221.0
Manhattan,Entire home/apt,31,294.0
Manhattan,Entire home/apt,31,300.0
Manhattan,Entire home/apt,31,221.0
Brooklyn,Entire home/apt,30,194.0
Manhattan,Entire home/apt,30,65.0
Queens,Private room,1,64.0
Manhattan,Entire home/apt,30,179.0
Manhattan,Entire home/apt,30,53.0
Brooklyn,Entire home/apt,30,184.0
Brooklyn,Private room,30,105.0
Brooklyn,Private room,30,100.0
Manhattan,Entire home/apt,2,432.0
Brooklyn,Entire home/apt,30,400.0
Manhattan,Private room,30,214.0
Queens,Private room,30,131.0
Manhattan,Entire home/apt,1,332.0
Manhattan,Entire home/apt,2,330.0
Manhattan,Entire home/apt,2,467.0
Manhattan,Entire home/apt,1,465.0
Manhattan,Entire home/apt,30,150.0
Manhattan,Entire home/apt,31,219.0
Manhattan,Entire home/apt,31,212.0
Manhattan,Entire home/apt,31,215.0
Brooklyn,Entire home/apt,30,302.0
Manhattan,Entire home/apt,30,71.0
Manhattan,Entire home/apt,2,344.0
Manhattan,Entire home/apt,2,266.0
Manhattan,Entire home/apt,4,942.0
Manhattan,Entire home/apt,2,324.0
Manhattan,Entire home/apt,2,295.0
Manhattan,Entire home/apt,30,125.0
Manhattan,Entire home/apt,30,135.0
Manhattan,Entire home/apt,30,200.0
Manhattan,Entire home/apt,30,125.0
Manhattan,Entire home/apt,30,127.0
Brooklyn,Private room,30,61.0
Manhattan,Entire home/apt,30,520.0
Brooklyn,Private room,30,62.0
Manhattan,Entire home/apt,30,69.0
Brooklyn,Entire home/apt,30,472.0
Manhattan,Entire home/apt,30,730.0
Manhattan,Entire home/apt,30,632.0
Manhattan,Entire home/apt,30,648.0
Brooklyn,Entire home/apt,30,409.0
Manhattan,Entire home/apt,30,313.0
Manhattan,Entire home/apt,30,559.0
Manhattan,Entire home/apt,30,359.0
Manhattan,Entire home/apt,30,689.0
Manhattan,Entire home/apt,30,750.0
Manhattan,Entire home/apt,30,743.0
Manhattan,Entire home/apt,30,814.0
Manhattan,Entire home/apt,30,825.0
Manhattan,Entire home/apt,30,583.0
Manhattan,Entire home/apt,30,193.0
Manhattan,Entire home/apt,30,430.0
Manhattan,Entire home/apt,30,346.0
Brooklyn,Entire home/apt,30,440.0
Manhattan,Private room,30,95.0
Manhattan,Entire home/apt,30,954.0
Manhattan,Entire home/apt,30,368.0
Manhattan,Entire home/apt,30,852.0
Manhattan,Entire home/apt,30,872.0
Manhattan,Private room,1,164.0
Manhattan,Entire home/apt,30,891.0
Brooklyn,Private room,30,56.0
Brooklyn,Private room,30,56.0
Manhattan,Entire home/apt,30,165.0
Manhattan,Entire home/apt,30,153.0
Manhattan,Private room,30,176.0
Brooklyn,Private room,30,50.0
Manhattan,Entire home/apt,30,193.0
Manhattan,Private room,30,96.0
Brooklyn,Private room,30,52.0
Manhattan,Entire home/apt,30,150.0
Manhattan,Entire home/apt,1,323.0
Brooklyn,Entire home/apt,30,222.0
Queens,Entire home/apt,30,59.0
Manhattan,Entire home/apt,1,278.0
Brooklyn,Private room,30,64.0
Manhattan,Entire home/apt,30,144.0
Manhattan,Entire home/apt,31,272.0
Manhattan,Private room,30,85.0
Manhattan,Entire home/apt,30,83.0
Manhattan,Entire home/apt,30,100.0
Manhattan,Entire home/apt,30,53.0
Manhattan,Entire home/apt,30,53.0
Bronx,Entire home/apt,30,193.0
Manhattan,Entire home/apt,90,155.0
Manhattan,Private room,30,59.0
Manhattan,Entire home/apt,30,152.0
Queens,Entire home/apt,30,90.0
Queens,Entire home/apt,30,89.0
Manhattan,Entire home/apt,30,130.0
Manhattan,Private room,30,77.0
Manhattan,Private room,30,57.0
Manhattan,Entire home/apt,30,188.0
Manhattan,Entire home/apt,30,152.0
Manhattan,Entire home/apt,30,531.0
Manhattan,Private room,30,85.0
Queens,Entire home/apt,30,400.0
Manhattan,Private room,30,90.0
Manhattan,Entire home/apt,30,202.0
Manhattan,Private room,30,77.0
Manhattan,Private room,30,129.0
Manhattan,Private room,30,72.0
Manhattan,Private room,30,66.0
Manhattan,Private room,30,72.0
Manhattan,Private room,30,72.0
Manhattan,Private room,30,96.0
Brooklyn,Private room,30,63.0
Manhattan,Private room,30,90.0
Manhattan,Private room,30,97.0
Manhattan,Private room,30,89.0
Manhattan,Private room,30,103.0
Manhattan,Private room,30,69.0
Manhattan,Private room,30,66.0
Manhattan,Private room,30,67.0
Queens,Private room,30,59.0
Manhattan,Private room,30,65.0
Manhattan,Private room,30,74.0
Manhattan,Private room,30,70.0
Brooklyn,Private room,30,63.0
Brooklyn,Private room,30,69.0
Brooklyn,Private room,30,93.0
Brooklyn,Private room,30,56.0
Brooklyn,Private room,30,75.0
Brooklyn,Private room,30,75.0
Manhattan,Private room,30,69.0
Manhattan,Private room,30,70.0
Manhattan,Private room,30,83.0
Manhattan,Private room,30,98.0
Manhattan,Private room,30,56.0
Manhattan,Private room,30,65.0
Manhattan,Private room,30,78.0
Manhattan,Private room,30,67.0
Manhattan,Private room,30,66.0
Manhattan,Private room,30,80.0
Manhattan,Private room,30,83.0
Manhattan,Private room,30,67.0
Manhattan,Private room,30,92.0
Manhattan,Private room,30,69.0
Manhattan,Private room,30,66.0
Queens,Private room,30,60.0
Brooklyn,Entire home/apt,30,130.0
Brooklyn,Private room,30,64.0
Brooklyn,Private room,30,79.0
Manhattan,Private room,30,61.0
Queens,Private room,30,60.0
Brooklyn,Private room,30,74.0
Manhattan,Private room,30,63.0
Manhattan,Private room,30,55.0
Manhattan,Private room,30,64.0
Manhattan,Private room,30,101.0
Manhattan,Private room,30,82.0
Manhattan,Private room,30,86.0
Manhattan,Private room,30,71.0
Manhattan,Private room,30,78.0
Manhattan,Private room,30,91.0
Manhattan,Private room,30,72.0
Manhattan,Private room,30,86.0
Manhattan,Private room,30,75.0
Brooklyn,Private room,30,60.0
Manhattan,Private room,30,89.0
Manhattan,Private room,30,108.0
Manhattan,Private room,30,73.0
Manhattan,Private room,30,79.0
Manhattan,Private room,30,69.0
Manhattan,Private room,30,66.0
Brooklyn,Private room,30,71.0
Manhattan,Private room,30,77.0
Manhattan,Private room,30,83.0
Manhattan,Private room,30,86.0
Manhattan,Private room,30,99.0
Manhattan,Entire home/apt,1,345.0
Manhattan,Entire home/apt,30,254.0
Queens,Private room,30,51.0
Queens,Entire home/apt,30,150.0
Manhattan,Entire home/apt,31,266.0
Manhattan,Entire home/apt,30,113.0
Manhattan,Entire home/apt,31,353.0
Manhattan,Entire home/apt,31,432.0
Brooklyn,Entire home/apt,30,168.0
Manhattan,Private room,30,75.0
Manhattan,Private room,30,63.0
Manhattan,Private room,30,106.0
Manhattan,Private room,30,66.0
Manhattan,Private room,30,62.0
Manhattan,Entire home/apt,30,257.0
Queens,Private room,30,87.0
Manhattan,Private room,30,78.0
Manhattan,Private room,30,68.0
Manhattan,Entire home/apt,30,128.0
Manhattan,Private room,30,72.0
Manhattan,Private room,30,84.0
Manhattan,Private room,30,66.0
Manhattan,Private room,30,71.0
Manhattan,Private room,30,91.0
Manhattan,Private room,30,96.0
Manhattan,Private room,30,74.0
Manhattan,Private room,30,103.0
Manhattan,Private room,30,88.0
Manhattan,Private room,30,75.0
Manhattan,Private room,30,73.0
Manhattan,Private room,30,86.0
Manhattan,Private room,30,104.0
Manhattan,Private room,30,90.0
Manhattan,Private room,30,81.0
Manhattan,Private room,30,91.0
Manhattan,Private room,30,97.0
Manhattan,Private room,30,119.0
Manhattan,Private room,30,80.0
Manhattan,Private room,30,129.0
Manhattan,Private room,30,102.0
Manhattan,Private room,30,106.0
Manhattan,Private room,30,66.0
Brooklyn,Private room,30,54.0
Manhattan,Private room,30,66.0
Manhattan,Private room,30,73.0
Manhattan,Private room,30,85.0
Manhattan,Private room,30,95.0
Brooklyn,Private room,30,86.0
Manhattan,Private room,30,77.0
Manhattan,Private room,30,60.0
Manhattan,Private room,30,93.0
Manhattan,Private room,30,103.0
Manhattan,Private room,30,61.0
Queens,Private room,30,62.0
Manhattan,Private room,30,59.0
Manhattan,Private room,30,64.0
Manhattan,Private room,30,89.0
Brooklyn,Private room,30,74.0
Brooklyn,Private room,30,63.0
Brooklyn,Entire home/apt,30,104.0
Manhattan,Entire home/apt,30,176.0
Manhattan,Entire home/apt,30,376.0
Manhattan,Private room,30,430.0
Manhattan,Entire home/apt,31,405.0
Manhattan,Entire home/apt,30,376.0
Manhattan,Entire home/apt,180,240.0
Manhattan,Entire home/apt,30,125.0
Manhattan,Private room,30,75.0
Manhattan,Private room,30,74.0
Manhattan,Private room,30,59.0
Manhattan,Private room,30,97.0
Manhattan,Private room,30,109.0
Manhattan,Private room,30,63.0
Manhattan,Private room,30,85.0
Manhattan,Private room,30,63.0
Manhattan,Private room,30,83.0
Manhattan,Private room,30,85.0
Manhattan,Private room,30,71.0
Manhattan,Private room,30,77.0
Manhattan,Private room,30,60.0
Manhattan,Private room,30,82.0
Manhattan,Private room,30,58.0
Manhattan,Private room,30,84.0
Manhattan,Private room,30,81.0
Manhattan,Private room,30,70.0
Manhattan,Private room,30,69.0
Manhattan,Private room,30,124.0
Manhattan,Private room,30,79.0
Manhattan,Private room,30,79.0
Brooklyn,Private room,30,64.0
Manhattan,Private room,30,72.0
Manhattan,Private room,30,82.0
Manhattan,Private room,30,67.0
Manhattan,Private room,30,85.0
Manhattan,Private room,30,83.0
Manhattan,Private room,30,70.0
Manhattan,Private room,30,81.0
Manhattan,Private room,30,81.0
Manhattan,Private room,30,87.0
Manhattan,Private room,30,105.0
Manhattan,Private room,30,75.0
Manhattan,Private room,30,86.0
Manhattan,Private room,30,70.0
Manhattan,Private room,30,82.0
Manhattan,Private room,30,86.0
Manhattan,Private room,30,92.0
Queens,Private room,30,60.0
Queens,Private room,30,73.0
Manhattan,Private room,30,100.0
Manhattan,Private room,30,96.0
Manhattan,Private room,30,83.0
Manhattan,Private room,30,96.0
Manhattan,Private room,30,66.0
Manhattan,Private room,30,77.0
Manhattan,Private room,30,100.0
Manhattan,Private room,30,90.0
Manhattan,Private room,30,68.0
Manhattan,Private room,30,114.0
Manhattan,Private room,30,87.0
Queens,Private room,30,61.0
Manhattan,Private room,30,59.0
Manhattan,Private room,30,96.0
Manhattan,Private room,30,103.0
Brooklyn,Private room,30,64.0
Brooklyn,Private room,30,63.0
Manhattan,Private room,30,126.0
Manhattan,Private room,30,63.0
Manhattan,Private room,30,67.0
Manhattan,Private room,30,86.0
Manhattan,Private room,30,86.0
Manhattan,Private room,30,65.0
Manhattan,Private room,30,74.0
Manhattan,Private room,30,59.0
Manhattan,Private room,30,99.0
Manhattan,Private room,30,66.0
Brooklyn,Private room,30,76.0
Manhattan,Private room,30,107.0
Brooklyn,Private room,30,73.0
Manhattan,Private room,30,70.0
Manhattan,Private room,30,64.0
Manhattan,Private room,30,106.0
Manhattan,Private room,30,65.0
Manhattan,Private room,30,84.0
Manhattan,Private room,30,81.0
Brooklyn,Private room,60,67.0
Manhattan,Private room,30,69.0
Manhattan,Private room,30,101.0
Manhattan,Private room,30,68.0
Manhattan,Private room,30,83.0
Manhattan,Private room,30,83.0
Manhattan,Private room,30,90.0
Manhattan,Private room,30,67.0
Manhattan,Private room,30,93.0
Manhattan,Private room,30,90.0
Manhattan,Private room,30,79.0
Manhattan,Private room,30,72.0
Manhattan,Private room,30,79.0
Manhattan,Private room,30,78.0
Manhattan,Private room,30,82.0
Brooklyn,Entire home/apt,30,52.0
Brooklyn,Entire home/apt,30,140.0
Manhattan,Private room,1,381.0
Manhattan,Private room,1,381.0
Manhattan,Entire home/apt,30,200.0
Manhattan,Entire home/apt,30,180.0
Manhattan,Hotel room,1,500.0
Manhattan,Entire home/apt,30,704.0
Manhattan,Entire home/apt,30,97.0
Queens,Entire home/apt,30,180.0
Brooklyn,Entire home/apt,30,152.0
Manhattan,Private room,1,714.0
Brooklyn,Entire home/apt,30,108.0
Brooklyn,Entire home/apt,30,144.0
Brooklyn,Entire home/apt,30,196.0
Manhattan,Entire home/apt,5,250.0
Brooklyn,Entire home/apt,1,66.0
Brooklyn,Entire home/apt,30,106.0
Brooklyn,Entire home/apt,30,185.0
Brooklyn,Entire home/apt,30,452.0
Brooklyn,Private room,30,139.0
Manhattan,Entire home/apt,30,133.0
Manhattan,Entire home/apt,30,110.0
Manhattan,Entire home/apt,30,516.0
Brooklyn,Shared room,30,119.0
Brooklyn,Private room,30,55.0
Manhattan,Entire home/apt,30,199.0
Brooklyn,Private room,30,64.0
Brooklyn,Private room,30,64.0
Brooklyn,Entire home/apt,1,111.0
Manhattan,Private room,30,72.0
Brooklyn,Entire home/apt,30,120.0
Manhattan,Entire home/apt,30,175.0
Bronx,Private room,30,100.0
Queens,Entire home/apt,1,219.0
Manhattan,Entire home/apt,30,168.0
Manhattan,Entire home/apt,30,123.0
Manhattan,Entire home/apt,30,108.0
Brooklyn,Private room,30,264.0
Manhattan,Entire home/apt,30,500.0
Manhattan,Private room,30,72.0
Brooklyn,Private room,30,56.0
Manhattan,Private room,30,71.0
Manhattan,Entire home/apt,30,150.0
Manhattan,Entire home/apt,30,325.0
Brooklyn,Private room,30,60.0
Bronx,Entire home/apt,31,120.0
Manhattan,Entire home/apt,30,207.0
Manhattan,Private room,30,100.0
Brooklyn,Entire home/apt,30,120.0
Manhattan,Entire home/apt,30,120.0
Queens,Entire home/apt,3,188.0
Queens,Private room,30,79.0
Brooklyn,Private room,30,58.0
Manhattan,Private room,30,72.0
Manhattan,Private room,30,85.0
Manhattan,Private room,30,61.0
Manhattan,Entire home/apt,30,64.0
Queens,Private room,30,69.0
Queens,Private room,30,60.0
Queens,Private room,30,73.0
Queens,Private room,30,69.0
Manhattan,Private room,30,90.0
Manhattan,Private room,30,102.0
Manhattan,Private room,30,107.0
Manhattan,Private room,30,87.0
Manhattan,Private room,30,82.0
Brooklyn,Private room,30,71.0
Manhattan,Private room,30,65.0
Queens,Private room,30,69.0
Manhattan,Private room,30,74.0
Manhattan,Private room,30,90.0
Brooklyn,Entire home/apt,30,115.0
Manhattan,Private room,30,57.0
Queens,Entire home/apt,60,190.0
Manhattan,Private room,30,85.0
Queens,Private room,30,305.0
Brooklyn,Entire home/apt,31,246.0
Queens,Private room,30,95.0
Manhattan,Entire home/apt,30,251.0
Manhattan,Entire home/apt,90,110.0
Manhattan,Entire home/apt,30,155.0
Manhattan,Entire home/apt,30,155.0
Manhattan,Entire home/apt,30,155.0
Manhattan,Entire home/apt,30,256.0
Brooklyn,Private room,30,55.0
Brooklyn,Entire home/apt,30,102.0
Brooklyn,Entire home/apt,30,66.0
Brooklyn,Entire home/apt,30,66.0
Brooklyn,Private room,30,126.0
Brooklyn,Entire home/apt,30,108.0
Queens,Private room,30,73.0
Queens,Private room,2,266.0
Manhattan,Private room,30,55.0
Brooklyn,Entire home/apt,30,200.0
Manhattan,Private room,1,557.0
Brooklyn,Entire home/apt,30,180.0
Brooklyn,Private room,30,60.0
Brooklyn,Private room,30,289.0
Queens,Entire home/apt,30,250.0
Brooklyn,Entire home/apt,30,121.0
Brooklyn,Entire home/apt,30,129.0
Brooklyn,Private room,30,72.0
Manhattan,Private room,30,57.0
Brooklyn,Entire home/apt,30,103.0
Manhattan,Private room,30,51.0
Manhattan,Private room,30,349.0
Manhattan,Entire home/apt,30,116.0
Manhattan,Private room,30,730.0
Manhattan,Entire home/apt,30,169.0
Queens,Private room,30,67.0
Staten Island,Entire home/apt,30,65.0
Manhattan,Private room,30,59.0
Manhattan,Entire home/apt,30,293.0
Brooklyn,Entire home/apt,30,100.0
Manhattan,Entire home/apt,30,238.0
Manhattan,Entire home/apt,30,816.0
Manhattan,Private room,30,64.0
Brooklyn,Private room,90,109.0
Manhattan,Entire home/apt,30,110.0
Manhattan,Entire home/apt,30,98.0
Queens,Private room,30,150.0
Brooklyn,Entire home/apt,30,106.0
Brooklyn,Entire home/apt,90,82.0
Manhattan,Entire home/apt,30,267.0
Brooklyn,Entire home/apt,30,311.0
Manhattan,Entire home/apt,30,236.0
Queens,Private room,30,54.0
Manhattan,Entire home/apt,30,150.0
Manhattan,Entire home/apt,30,321.0
Manhattan,Entire home/apt,30,200.0
Queens,Private room,30,60.0
Brooklyn,Entire home/apt,30,75.0
Queens,Private room,30,60.0
Manhattan,Private room,30,489.0
Manhattan,Entire home/apt,31,572.0
Manhattan,Entire home/apt,30,134.0
Manhattan,Entire home/apt,30,230.0
Manhattan,Entire home/apt,30,211.0
Manhattan,Private room,30,120.0
Manhattan,Entire home/apt,30,212.0
Manhattan,Private room,31,51.0
Manhattan,Private room,31,54.0
Manhattan,Private room,31,52.0
Brooklyn,Entire home/apt,30,160.0
Brooklyn,Entire home/apt,45,212.0
Queens,Entire home/apt,30,114.0
Manhattan,Private room,30,52.0
Manhattan,Entire home/apt,30,250.0
Manhattan,Private room,60,105.0
Brooklyn,Private room,30,143.0
Brooklyn,Entire home/apt,30,275.0
Brooklyn,Private room,30,62.0
Brooklyn,Private room,30,62.0
Brooklyn,Private room,30,58.0
Brooklyn,Private room,30,58.0
Brooklyn,Private room,30,58.0
Queens,Entire home/apt,30,182.0
Manhattan,Entire home/apt,30,253.0
Manhattan,Entire home/apt,30,173.0
Brooklyn,Entire home/apt,90,70.0
Manhattan,Private room,30,69.0
Manhattan,Private room,30,104.0
Manhattan,Private room,30,81.0
Manhattan,Private room,30,90.0
Brooklyn,Private room,30,91.0
Manhattan,Private room,30,70.0
Manhattan,Private room,30,83.0
Manhattan,Entire home/apt,30,53.0
Brooklyn,Entire home/apt,30,300.0
Manhattan,Entire home/apt,30,220.0
Manhattan,Entire home/apt,30,150.0
Manhattan,Entire home/apt,30,413.0
Manhattan,Entire home/apt,30,413.0
Manhattan,Entire home/apt,30,179.0
Manhattan,Entire home/apt,30,124.0
Brooklyn,Entire home/apt,30,320.0
Manhattan,Entire home/apt,30,220.0
Manhattan,Private room,30,136.0
Brooklyn,Entire home/apt,31,428.0
Brooklyn,Entire home/apt,31,428.0
Manhattan,Entire home/apt,30,200.0
Manhattan,Entire home/apt,30,150.0
Manhattan,Entire home/apt,30,206.0
Manhattan,Entire home/apt,30,150.0
Manhattan,Entire home/apt,30,200.0
Brooklyn,Private room,30,80.0
Queens,Entire home/apt,30,112.0
Brooklyn,Entire home/apt,30,390.0
Manhattan,Entire home/apt,30,162.0
Brooklyn,Entire home/apt,30,125.0
Brooklyn,Private room,31,68.0
Brooklyn,Private room,31,60.0
Brooklyn,Private room,31,74.0
Manhattan,Entire home/apt,30,155.0
Brooklyn,Entire home/apt,30,148.0
Brooklyn,Entire home/apt,30,148.0
Queens,Entire home/apt,30,126.0
Brooklyn,Entire home/apt,30,148.0
Queens,Private room,30,60.0
Brooklyn,Entire home/apt,30,399.0
Manhattan,Entire home/apt,30,187.0
Manhattan,Entire home/apt,30,206.0
Queens,Entire home/apt,30,210.0
Brooklyn,Entire home/apt,31,298.0
Brooklyn,Entire home/apt,31,298.0
Brooklyn,Private room,30,115.0
Bronx,Private room,30,68.0
Brooklyn,Private room,30,120.0
Manhattan,Private room,30,543.0
Manhattan,Private room,30,571.0
Manhattan,Private room,30,571.0
Manhattan,Private room,30,571.0
Brooklyn,Entire home/apt,31,221.0
Manhattan,Private room,30,87.0
Manhattan,Private room,30,72.0
Brooklyn,Private room,30,58.0
Manhattan,Entire home/apt,30,299.0
Manhattan,Entire home/apt,30,200.0
Brooklyn,Private room,30,58.0
Brooklyn,Private room,30,62.0
Queens,Private room,30,60.0
Brooklyn,Private room,30,72.0
Brooklyn,Entire home/apt,30,136.0
Manhattan,Entire home/apt,30,185.0
Queens,Entire home/apt,30,76.0
